draw_no,date,digit1,digit2,digit3,digit4
1,1994/10/07,1,1,4,9
2,1994/10/14,7,9,2,1
3,1994/10/21,0,0,9,7
4,1994/10/28,0,1,7,1
5,1994/11/04,0,2,6,5
6,1994/11/11,5,4,8,2
7,1994/11/18,3,9,5,0
8,1994/11/25,7,5,0,7
9,1994/12/02,2,6,6,4
10,1994/12/09,2,4,3,6
11,1994/12/16,0,2,5,4
12,1994/12/23,9,7,2,2
13,1994/12/30,4,6,7,3
14,1995/01/06,1,4,0,9
15,1995/01/10,6,4,1,9
16,1995/01/13,0,5,2,4
17,1995/01/17,8,6,9,7
18,1995/01/20,3,0,6,2
19,1995/01/24,1,0,1,3
20,1995/01/27,2,2,6,4
21,1995/01/31,3,8,2,5
22,1995/02/03,7,0,5,9
23,1995/02/07,0,2,8,3
24,1995/02/10,2,3,2,1
25,1995/02/14,4,5,5,6
26,1995/02/17,3,3,6,0
27,1995/02/21,4,9,0,8
28,1995/02/24,3,4,6,6
29,1995/02/28,2,0,6,1
30,1995/03/03,7,5,6,6
31,1995/03/07,4,8,3,0
32,1995/03/10,4,5,7,5
33,1995/03/14,5,8,1,9
34,1995/03/17,7,5,2,1
35,1995/03/21,4,7,0,3
36,1995/03/24,9,7,7,6
37,1995/03/28,6,9,4,1
38,1995/03/31,8,6,3,4
39,1995/04/04,5,5,6,0
40,1995/04/07,5,5,8,4
41,1995/04/11,0,2,2,8
42,1995/04/14,9,8,7,5
43,1995/04/18,5,0,3,1
44,1995/04/21,4,7,4,2
45,1995/04/25,5,5,4,3
46,1995/04/28,9,4,7,6
47,1995/05/02,9,1,2,5
48,1995/05/05,5,0,7,4
49,1995/05/09,6,9,1,0
50,1995/05/12,0,0,2,1
51,1995/05/16,7,5,9,8
52,1995/05/19,5,0,5,3
53,1995/05/23,9,0,4,0
54,1995/05/26,3,8,9,5
55,1995/05/30,6,7,8,0
56,1995/06/02,9,9,8,1
57,1995/06/06,1,3,9,8
58,1995/06/09,3,0,4,2
59,1995/06/13,8,8,8,5
60,1995/06/16,6,3,7,3
61,1995/06/20,7,8,8,2
62,1995/06/23,5,6,0,8
63,1995/06/27,9,1,2,3
64,1995/06/30,8,8,4,4
65,1995/07/04,9,8,1,9
66,1995/07/07,2,0,9,8
67,1995/07/11,4,8,8,1
68,1995/07/14,4,2,1,4
69,1995/07/18,2,7,9,2
70,1995/07/21,5,0,9,4
71,1995/07/25,0,9,4,8
72,1995/07/28,0,0,8,4
73,1995/08/01,2,3,4,1
74,1995/08/04,3,0,1,1
75,1995/08/08,2,3,3,2
76,1995/08/11,5,5,3,1
77,1995/08/15,6,4,0,6
78,1995/08/18,6,5,3,6
79,1995/08/22,1,7,4,2
80,1995/08/25,0,4,3,7
81,1995/08/29,3,5,0,3
82,1995/09/01,1,7,7,0
83,1995/09/05,9,0,4,7
84,1995/09/08,6,5,8,0
85,1995/09/12,2,6,2,4
86,1995/09/15,0,6,8,4
87,1995/09/19,7,6,7,6
88,1995/09/22,2,5,6,2
89,1995/09/26,1,6,1,4
90,1995/09/29,7,6,9,6
91,1995/10/03,0,3,3,0
92,1995/10/06,8,7,2,1
93,1995/10/10,9,0,5,6
94,1995/10/13,8,5,2,6
95,1995/10/17,6,2,8,2
96,1995/10/20,6,9,9,2
97,1995/10/24,2,8,6,6
98,1995/10/27,4,9,4,3
99,1995/10/31,2,0,7,2
100,1995/11/03,5,6,1,4
101,1995/11/07,1,4,7,1
102,1995/11/10,4,0,3,6
103,1995/11/14,8,0,5,0
104,1995/11/17,2,9,5,8
105,1995/11/21,6,2,0,4
106,1995/11/24,9,0,6,3
107,1995/11/28,0,5,3,9
108,1995/12/01,9,8,5,2
109,1995/12/05,3,5,9,3
110,1995/12/08,1,6,9,7
111,1995/12/12,8,0,1,1
112,1995/12/15,4,1,9,1
113,1995/12/19,9,1,6,3
114,1995/12/22,3,9,4,3
115,1995/12/26,4,1,0,1
116,1995/12/29,7,4,1,0
117,1996/01/05,2,6,8,9
118,1996/01/09,7,4,3,5
119,1996/01/12,3,0,1,0
120,1996/01/16,3,5,8,3
121,1996/01/19,2,6,4,5
122,1996/01/23,8,5,7,8
123,1996/01/26,1,1,6,5
124,1996/01/30,0,9,4,2
125,1996/02/02,5,7,6,2
126,1996/02/06,6,5,7,7
127,1996/02/09,9,0,5,4
128,1996/02/13,3,3,1,5
129,1996/02/16,9,8,4,6
130,1996/02/20,4,0,9,2
131,1996/02/23,8,8,3,1
132,1996/02/27,5,5,6,6
133,1996/03/01,5,6,6,0
134,1996/03/05,6,8,9,0
135,1996/03/08,3,4,0,9
136,1996/03/12,4,0,2,3
137,1996/03/15,9,0,1,7
138,1996/03/19,4,0,7,3
139,1996/03/22,7,8,7,1
140,1996/03/26,1,0,9,9
141,1996/03/29,2,1,3,9
142,1996/04/02,2,5,1,6
143,1996/04/05,3,7,5,2
144,1996/04/09,4,6,8,1
145,1996/04/12,8,5,6,7
146,1996/04/16,2,1,1,5
147,1996/04/19,2,2,0,9
148,1996/04/23,6,9,0,1
149,1996/04/26,7,7,0,7
150,1996/04/30,5,8,2,5
151,1996/05/03,3,0,5,6
152,1996/05/07,0,2,2,5
153,1996/05/10,5,4,6,8
154,1996/05/14,1,4,7,0
155,1996/05/17,0,1,7,1
156,1996/05/21,8,9,5,7
157,1996/05/24,9,2,5,4
158,1996/05/28,2,5,7,9
159,1996/05/31,4,0,3,4
160,1996/06/04,5,7,4,1
161,1996/06/07,6,6,2,7
162,1996/06/11,3,5,8,8
163,1996/06/14,2,2,0,7
164,1996/06/18,5,4,9,2
165,1996/06/21,8,0,9,0
166,1996/06/25,0,0,0,7
167,1996/06/28,8,0,9,2
168,1996/07/02,5,7,3,9
169,1996/07/05,4,9,4,6
170,1996/07/09,8,6,9,5
171,1996/07/12,4,8,2,0
172,1996/07/16,0,7,4,4
173,1996/07/19,6,0,4,2
174,1996/07/23,4,5,4,4
175,1996/07/26,8,6,7,0
176,1996/07/30,5,9,9,4
177,1996/08/02,0,9,7,8
178,1996/08/06,8,7,3,4
179,1996/08/09,3,5,6,8
180,1996/08/13,9,9,8,9
181,1996/08/16,8,1,3,2
182,1996/08/20,2,0,5,7
183,1996/08/23,6,4,1,6
184,1996/08/27,5,5,7,0
185,1996/08/30,7,2,8,4
186,1996/09/03,5,0,1,0
187,1996/09/06,4,6,4,0
188,1996/09/10,9,1,6,7
189,1996/09/13,7,9,8,1
190,1996/09/17,6,3,3,2
191,1996/09/20,7,3,0,1
192,1996/09/24,3,3,7,1
193,1996/09/27,5,3,1,2
194,1996/10/01,1,7,4,5
195,1996/10/04,8,6,9,3
196,1996/10/08,8,3,1,6
197,1996/10/11,2,6,9,7
198,1996/10/15,8,2,3,4
199,1996/10/18,7,6,5,6
200,1996/10/22,7,4,4,1
201,1996/10/25,2,3,9,8
202,1996/10/29,7,2,0,2
203,1996/11/01,2,2,1,0
204,1996/11/05,7,8,3,2
205,1996/11/08,5,7,9,7
206,1996/11/12,0,3,8,2
207,1996/11/15,7,9,1,3
208,1996/11/19,9,1,7,0
209,1996/11/22,6,6,1,3
210,1996/11/26,7,1,5,8
211,1996/11/29,5,3,0,1
212,1996/12/03,9,4,7,5
213,1996/12/06,7,2,5,1
214,1996/12/10,1,4,4,9
215,1996/12/13,2,2,2,3
216,1996/12/17,4,6,9,5
217,1996/12/20,4,3,1,6
218,1996/12/24,3,6,9,8
219,1996/12/27,6,6,2,3
220,1997/01/07,6,6,8,4
221,1997/01/10,2,5,0,7
222,1997/01/14,0,8,8,7
223,1997/01/17,1,0,4,1
224,1997/01/21,0,2,3,9
225,1997/01/24,4,1,4,7
226,1997/01/28,5,8,8,6
227,1997/01/31,5,3,6,9
228,1997/02/04,9,8,8,9
229,1997/02/07,9,1,7,1
230,1997/02/11,7,4,1,1
231,1997/02/14,7,5,6,5
232,1997/02/18,8,5,3,2
233,1997/02/21,1,9,8,5
234,1997/02/25,7,6,7,1
235,1997/02/28,4,0,8,0
236,1997/03/04,1,4,9,3
237,1997/03/07,5,0,5,1
238,1997/03/11,9,4,0,1
239,1997/03/14,0,4,3,8
240,1997/03/18,1,1,7,3
241,1997/03/21,0,5,5,7
242,1997/03/25,7,7,5,4
243,1997/03/28,7,7,0,2
244,1997/04/01,4,6,1,2
245,1997/04/04,2,1,0,8
246,1997/04/08,0,7,4,7
247,1997/04/11,0,1,2,7
248,1997/04/15,6,1,7,8
249,1997/04/18,6,4,7,1
250,1997/04/22,4,5,9,0
251,1997/04/25,6,9,3,7
252,1997/04/29,9,8,7,1
253,1997/05/02,9,4,3,4
254,1997/05/06,6,8,0,5
255,1997/05/09,6,7,5,7
256,1997/05/13,8,5,7,5
257,1997/05/16,0,9,3,0
258,1997/05/20,4,7,1,4
259,1997/05/23,5,3,3,9
260,1997/05/27,1,2,0,3
261,1997/05/30,2,0,4,5
262,1997/06/03,6,6,2,8
263,1997/06/06,4,1,8,5
264,1997/06/10,9,8,8,8
265,1997/06/13,4,1,1,2
266,1997/06/17,2,3,1,0
267,1997/06/20,5,9,4,9
268,1997/06/24,8,3,7,5
269,1997/06/27,0,6,2,8
270,1997/07/01,6,0,2,3
271,1997/07/04,3,7,3,0
272,1997/07/08,0,6,1,3
273,1997/07/11,2,9,9,2
274,1997/07/15,1,0,2,6
275,1997/07/18,0,8,0,0
276,1997/07/22,0,5,7,6
277,1997/07/25,0,9,9,9
278,1997/07/29,9,3,0,3
279,1997/08/01,0,1,7,8
280,1997/08/05,2,9,3,7
281,1997/08/08,4,8,3,4
282,1997/08/12,8,8,8,2
283,1997/08/15,8,1,0,6
284,1997/08/19,5,0,8,6
285,1997/08/22,0,2,9,5
286,1997/08/26,6,6,7,0
287,1997/08/29,1,6,8,9
288,1997/09/02,2,8,6,7
289,1997/09/05,6,2,5,4
290,1997/09/09,2,9,9,0
291,1997/09/12,7,2,6,4
292,1997/09/16,3,0,0,9
293,1997/09/19,8,2,8,9
294,1997/09/23,8,5,1,6
295,1997/09/26,2,8,1,4
296,1997/09/30,6,8,0,9
297,1997/10/03,9,0,4,1
298,1997/10/06,9,4,7,2
299,1997/10/08,2,5,6,5
300,1997/10/10,1,1,1,6
301,1997/10/13,7,5,5,4
302,1997/10/15,5,0,4,9
303,1997/10/17,5,0,9,0
304,1997/10/20,6,4,4,4
305,1997/10/22,7,2,2,7
306,1997/10/24,6,2,7,9
307,1997/10/27,4,0,1,4
308,1997/10/29,1,8,7,9
309,1997/10/31,6,4,1,8
310,1997/11/03,7,2,1,5
311,1997/11/05,8,4,6,6
312,1997/11/07,2,7,9,6
313,1997/11/10,4,8,2,1
314,1997/11/12,5,1,1,8
315,1997/11/14,9,9,8,9
316,1997/11/17,0,5,3,5
317,1997/11/19,1,6,5,0
318,1997/11/21,3,6,1,4
319,1997/11/24,7,3,1,2
320,1997/11/26,0,5,5,2
321,1997/11/28,5,9,1,3
322,1997/12/01,7,1,7,8
323,1997/12/03,7,5,9,2
324,1997/12/05,0,3,5,4
325,1997/12/08,1,0,3,5
326,1997/12/10,9,7,5,9
327,1997/12/12,1,6,6,2
328,1997/12/15,2,9,1,9
329,1997/12/17,3,7,0,1
330,1997/12/19,7,4,9,9
331,1997/12/22,2,0,5,5
332,1997/12/24,6,4,6,0
333,1997/12/26,2,0,4,2
334,1997/12/29,3,7,7,6
335,1998/01/05,9,7,5,0
336,1998/01/07,6,5,5,7
337,1998/01/09,5,0,0,9
338,1998/01/12,5,5,6,0
339,1998/01/14,6,9,8,9
340,1998/01/16,1,5,7,4
341,1998/01/19,3,8,7,8
342,1998/01/21,9,2,9,5
343,1998/01/23,3,7,4,8
344,1998/01/26,2,7,8,9
345,1998/01/28,9,8,6,0
346,1998/01/30,4,4,8,3
347,1998/02/02,6,6,0,3
348,1998/02/04,3,5,3,1
349,1998/02/06,6,1,1,0
350,1998/02/09,4,6,5,2
351,1998/02/11,0,6,0,9
352,1998/02/13,2,1,3,4
353,1998/02/16,8,5,8,6
354,1998/02/18,6,4,9,9
355,1998/02/20,1,3,4,8
356,1998/02/23,5,0,7,5
357,1998/02/25,6,8,7,6
358,1998/02/27,1,4,2,6
359,1998/03/02,9,0,7,2
360,1998/03/04,5,5,7,4
361,1998/03/06,3,7,0,2
362,1998/03/09,6,3,1,2
363,1998/03/11,0,2,4,2
364,1998/03/13,3,6,8,6
365,1998/03/16,6,2,2,8
366,1998/03/18,6,9,0,7
367,1998/03/20,4,9,8,0
368,1998/03/23,8,5,7,3
369,1998/03/25,1,0,5,9
370,1998/03/27,0,1,2,9
371,1998/03/30,6,2,2,8
372,1998/04/01,6,5,2,6
373,1998/04/03,8,1,3,4
374,1998/04/06,5,1,1,1
375,1998/04/08,1,1,2,8
376,1998/04/10,5,0,2,2
377,1998/04/13,4,2,0,4
378,1998/04/15,1,8,9,3
379,1998/04/17,1,6,2,0
380,1998/04/20,0,9,4,1
381,1998/04/22,0,2,5,6
382,1998/04/24,3,4,3,0
383,1998/04/27,2,0,4,2
384,1998/04/29,8,4,3,3
385,1998/05/01,0,0,3,4
386,1998/05/04,6,5,6,0
387,1998/05/06,8,3,0,1
388,1998/05/08,0,1,5,4
389,1998/05/11,5,2,0,1
390,1998/05/13,0,3,0,7
391,1998/05/15,8,3,6,9
392,1998/05/18,3,7,7,9
393,1998/05/20,2,9,5,7
394,1998/05/22,9,6,2,6
395,1998/05/25,3,8,2,9
396,1998/05/27,2,0,0,2
397,1998/05/29,9,3,4,8
398,1998/06/01,7,1,4,3
399,1998/06/03,0,8,8,4
400,1998/06/05,6,9,8,0
401,1998/06/08,2,9,9,7
402,1998/06/10,9,5,7,0
403,1998/06/12,6,7,3,9
404,1998/06/15,9,3,3,2
405,1998/06/17,3,3,3,7
406,1998/06/19,9,6,9,8
407,1998/06/22,6,7,0,0
408,1998/06/24,9,4,7,7
409,1998/06/26,0,4,2,2
410,1998/06/29,5,3,5,2
411,1998/07/01,6,8,9,1
412,1998/07/03,9,9,9,5
413,1998/07/06,3,7,8,6
414,1998/07/08,2,1,5,4
415,1998/07/10,3,3,5,4
416,1998/07/13,4,1,2,3
417,1998/07/15,8,8,4,0
418,1998/07/17,4,6,3,7
419,1998/07/20,9,0,0,2
420,1998/07/22,6,2,3,7
421,1998/07/24,9,0,8,8
422,1998/07/27,9,6,8,3
423,1998/07/29,3,1,4,9
424,1998/07/31,8,9,9,1
425,1998/08/03,3,9,1,4
426,1998/08/05,8,5,5,0
427,1998/08/07,4,5,2,1
428,1998/08/10,9,2,3,0
429,1998/08/12,4,5,3,2
430,1998/08/14,4,7,3,1
431,1998/08/17,9,9,0,1
432,1998/08/19,5,7,7,6
433,1998/08/21,9,2,0,0
434,1998/08/24,4,2,8,8
435,1998/08/26,5,6,5,4
436,1998/08/28,9,9,4,5
437,1998/08/31,5,7,1,1
438,1998/09/02,5,4,7,3
439,1998/09/04,1,5,8,0
440,1998/09/07,2,5,4,8
441,1998/09/09,5,3,0,9
442,1998/09/11,6,4,3,1
443,1998/09/14,3,1,5,1
444,1998/09/16,9,9,2,2
445,1998/09/18,9,6,5,7
446,1998/09/21,4,5,9,0
447,1998/09/23,0,1,2,1
448,1998/09/25,4,3,5,6
449,1998/09/28,7,3,4,1
450,1998/09/30,1,9,8,3
451,1998/10/02,1,2,2,4
452,1998/10/05,1,9,5,0
453,1998/10/07,2,7,5,0
454,1998/10/09,5,3,5,7
455,1998/10/12,0,0,9,3
456,1998/10/14,6,7,1,9
457,1998/10/16,7,8,9,3
458,1998/10/19,0,9,1,2
459,1998/10/21,7,2,2,8
460,1998/10/23,5,9,6,3
461,1998/10/26,9,8,3,7
462,1998/10/28,8,9,5,5
463,1998/10/30,5,9,0,5
464,1998/11/02,6,5,3,4
465,1998/11/04,6,9,3,3
466,1998/11/06,6,0,8,1
467,1998/11/09,3,0,8,3
468,1998/11/11,8,3,1,9
469,1998/11/13,0,0,5,1
470,1998/11/16,9,2,7,4
471,1998/11/18,1,7,8,2
472,1998/11/20,4,0,7,0
473,1998/11/23,8,5,7,1
474,1998/11/25,0,9,4,1
475,1998/11/27,0,1,6,1
476,1998/11/30,7,4,6,6
477,1998/12/02,9,6,9,9
478,1998/12/04,6,7,6,8
479,1998/12/07,7,7,8,8
480,1998/12/09,5,6,6,9
481,1998/12/11,2,9,5,2
482,1998/12/14,5,9,0,2
483,1998/12/16,7,3,1,6
484,1998/12/18,0,1,8,9
485,1998/12/21,6,8,3,5
486,1998/12/23,9,1,6,8
487,1998/12/25,6,2,3,1
488,1998/12/28,3,3,0,7
489,1998/12/30,9,8,8,8
490,1999/01/04,7,5,0,9
491,1999/01/06,0,0,3,1
492,1999/01/08,2,5,9,6
493,1999/01/11,5,4,9,4
494,1999/01/13,1,5,6,4
495,1999/01/15,0,4,1,5
496,1999/01/18,9,5,4,1
497,1999/01/20,5,2,2,7
498,1999/01/22,5,2,1,2
499,1999/01/25,9,2,3,6
500,1999/01/27,4,5,7,9
501,1999/01/29,3,0,7,0
502,1999/02/01,5,9,6,7
503,1999/02/03,4,1,9,7
504,1999/02/05,7,3,8,2
505,1999/02/08,6,7,7,9
506,1999/02/10,5,2,4,6
507,1999/02/12,3,1,7,5
508,1999/02/15,0,9,0,7
509,1999/02/17,0,9,6,5
510,1999/02/19,5,9,4,0
511,1999/02/22,1,2,5,8
512,1999/02/24,0,9,9,8
513,1999/02/26,0,0,6,9
514,1999/03/01,9,0,3,6
515,1999/03/03,0,8,7,1
516,1999/03/05,3,4,2,1
517,1999/03/08,7,3,6,2
518,1999/03/10,2,6,6,4
519,1999/03/12,8,9,1,0
520,1999/03/15,8,2,2,5
521,1999/03/17,8,2,4,2
522,1999/03/19,9,6,7,7
523,1999/03/22,4,7,6,1
524,1999/03/24,4,0,5,6
525,1999/03/26,3,8,0,7
526,1999/03/29,7,3,3,3
527,1999/03/31,8,9,6,6
528,1999/04/02,6,5,6,4
529,1999/04/05,2,6,4,4
530,1999/04/07,2,7,0,9
531,1999/04/09,4,1,3,9
532,1999/04/12,9,7,9,0
533,1999/04/14,9,6,6,9
534,1999/04/16,0,7,7,1
535,1999/04/19,9,5,6,8
536,1999/04/21,5,9,5,0
537,1999/04/23,8,6,2,2
538,1999/04/26,5,2,2,5
539,1999/04/28,9,7,7,8
540,1999/04/30,8,9,6,6
541,1999/05/03,2,7,8,7
542,1999/05/05,5,8,2,4
543,1999/05/07,6,4,8,9
544,1999/05/10,6,8,6,5
545,1999/05/12,2,2,5,3
546,1999/05/14,3,0,5,3
547,1999/05/17,7,6,2,3
548,1999/05/19,9,0,9,0
549,1999/05/21,1,0,9,4
550,1999/05/24,9,0,3,3
551,1999/05/26,5,6,2,3
552,1999/05/28,9,8,0,6
553,1999/05/31,2,8,0,9
554,1999/06/02,7,7,3,1
555,1999/06/04,9,8,8,8
556,1999/06/07,8,9,4,5
557,1999/06/09,6,9,9,1
558,1999/06/11,7,7,8,7
559,1999/06/14,7,6,7,1
560,1999/06/16,6,0,5,4
561,1999/06/18,0,5,2,4
562,1999/06/21,7,7,6,4
563,1999/06/23,3,3,8,9
564,1999/06/25,8,7,2,2
565,1999/06/28,7,9,3,6
566,1999/06/30,0,3,1,3
567,1999/07/02,5,2,3,6
568,1999/07/05,5,5,1,9
569,1999/07/07,9,0,0,9
570,1999/07/09,5,7,0,0
571,1999/07/12,3,2,3,7
572,1999/07/14,2,1,8,3
573,1999/07/16,0,7,4,5
574,1999/07/19,5,9,1,0
575,1999/07/21,8,0,9,3
576,1999/07/23,2,1,5,3
577,1999/07/26,9,4,6,1
578,1999/07/28,9,7,4,9
579,1999/07/30,3,5,5,6
580,1999/08/02,6,5,3,1
581,1999/08/04,9,8,6,3
582,1999/08/06,7,6,8,5
583,1999/08/09,9,9,1,9
584,1999/08/11,3,4,2,3
585,1999/08/13,7,0,4,1
586,1999/08/16,7,2,7,2
587,1999/08/18,8,2,0,0
588,1999/08/20,0,3,0,5
589,1999/08/23,1,2,5,9
590,1999/08/25,1,0,6,9
591,1999/08/27,3,3,0,8
592,1999/08/30,3,3,8,7
593,1999/09/01,3,5,7,6
594,1999/09/03,1,0,5,0
595,1999/09/06,0,4,5,0
596,1999/09/08,8,2,5,1
597,1999/09/10,8,7,7,2
598,1999/09/13,4,6,3,2
599,1999/09/15,7,4,3,8
600,1999/09/17,4,8,0,2
601,1999/09/20,5,0,6,8
602,1999/09/22,7,9,1,5
603,1999/09/24,4,3,4,4
604,1999/09/27,1,6,1,5
605,1999/09/29,8,3,8,8
606,1999/10/01,5,3,0,7
607,1999/10/04,1,9,9,6
608,1999/10/06,8,1,7,3
609,1999/10/08,4,1,0,2
610,1999/10/11,3,1,4,1
611,1999/10/13,8,4,8,6
612,1999/10/15,1,1,4,8
613,1999/10/18,8,8,8,0
614,1999/10/20,4,2,9,3
615,1999/10/22,1,2,7,1
616,1999/10/25,3,4,8,7
617,1999/10/27,7,7,3,2
618,1999/10/29,6,1,4,2
619,1999/11/01,6,3,1,9
620,1999/11/03,0,5,2,4
621,1999/11/05,4,6,9,3
622,1999/11/08,9,3,2,1
623,1999/11/10,6,0,2,4
624,1999/11/12,7,7,8,6
625,1999/11/15,7,0,5,7
626,1999/11/17,7,4,1,4
627,1999/11/19,4,8,4,5
628,1999/11/22,9,8,2,5
629,1999/11/24,4,3,6,7
630,1999/11/26,9,8,0,5
631,1999/11/29,7,9,2,0
632,1999/12/01,4,1,9,6
633,1999/12/03,9,4,3,2
634,1999/12/06,5,0,6,5
635,1999/12/08,2,6,0,9
636,1999/12/10,8,9,6,6
637,1999/12/13,1,8,0,5
638,1999/12/15,9,3,7,9
639,1999/12/17,8,2,3,0
640,1999/12/20,8,9,3,2
641,1999/12/22,9,7,1,2
642,1999/12/24,3,5,2,3
643,1999/12/27,2,7,0,1
644,1999/12/29,4,2,2,1
645,2000/01/05,3,9,6,7
646,2000/01/07,6,5,9,7
647,2000/01/10,1,1,4,8
648,2000/01/12,3,7,9,3
649,2000/01/14,4,0,6,9
650,2000/01/17,2,6,7,8
651,2000/01/19,1,7,4,3
652,2000/01/21,3,2,0,9
653,2000/01/24,7,4,0,2
654,2000/01/26,9,8,1,8
655,2000/01/28,7,6,5,7
656,2000/01/31,7,9,9,9
657,2000/02/02,2,8,0,0
658,2000/02/04,5,6,0,5
659,2000/02/07,1,1,3,1
660,2000/02/09,4,0,7,3
661,2000/02/11,0,3,9,4
662,2000/02/14,4,2,9,0
663,2000/02/16,0,8,7,2
664,2000/02/18,6,0,7,6
665,2000/02/21,4,6,5,3
666,2000/02/23,0,9,5,9
667,2000/02/25,1,9,1,3
668,2000/02/28,9,9,6,2
669,2000/03/01,6,7,1,7
670,2000/03/03,5,6,0,6
671,2000/03/06,5,4,3,6
672,2000/03/08,1,8,3,4
673,2000/03/10,9,9,6,3
674,2000/03/13,8,6,6,4
675,2000/03/15,1,0,5,3
676,2000/03/17,7,6,9,7
677,2000/03/20,0,8,2,9
678,2000/03/22,0,6,4,4
679,2000/03/24,9,0,3,7
680,2000/03/27,0,9,0,9
681,2000/03/29,5,0,2,6
682,2000/03/31,7,1,7,5
683,2000/04/03,7,3,2,9
684,2000/04/05,2,7,8,2
685,2000/04/07,1,8,0,4
686,2000/04/10,5,9,7,0
687,2000/04/12,7,4,4,0
688,2000/04/14,3,9,0,6
689,2000/04/17,4,9,8,3
690,2000/04/19,2,4,3,0
691,2000/04/21,0,4,7,3
692,2000/04/24,9,2,3,6
693,2000/04/26,6,1,8,9
694,2000/04/28,4,9,0,5
695,2000/05/01,1,9,1,5
696,2000/05/03,1,1,9,7
697,2000/05/05,4,3,5,9
698,2000/05/08,8,6,4,6
699,2000/05/10,4,7,7,2
700,2000/05/12,2,9,2,2
701,2000/05/15,4,4,7,6
702,2000/05/17,4,9,2,1
703,2000/05/19,8,5,1,1
704,2000/05/22,2,9,5,3
705,2000/05/24,1,2,0,2
706,2000/05/26,8,1,7,2
707,2000/05/29,5,7,9,8
708,2000/05/31,6,3,5,1
709,2000/06/02,0,5,9,2
710,2000/06/05,7,3,8,9
711,2000/06/07,4,8,2,0
712,2000/06/09,6,6,1,2
713,2000/06/12,8,5,0,1
714,2000/06/14,4,4,3,4
715,2000/06/16,6,2,1,6
716,2000/06/19,5,5,3,3
717,2000/06/21,9,7,8,7
718,2000/06/23,6,7,1,1
719,2000/06/26,0,5,8,6
720,2000/06/28,2,6,0,0
721,2000/06/30,6,0,2,0
722,2000/07/03,3,5,9,2
723,2000/07/05,9,9,1,6
724,2000/07/07,5,7,5,4
725,2000/07/10,3,9,1,8
726,2000/07/12,9,1,2,4
727,2000/07/14,8,1,5,0
728,2000/07/17,0,6,0,3
729,2000/07/19,3,7,3,3
730,2000/07/21,8,8,0,4
731,2000/07/24,3,0,0,3
732,2000/07/26,4,3,7,2
733,2000/07/28,9,4,9,3
734,2000/07/31,2,5,7,9
735,2000/08/02,4,8,5,3
736,2000/08/04,0,8,9,9
737,2000/08/07,0,6,3,0
738,2000/08/09,1,7,2,7
739,2000/08/11,6,0,2,4
740,2000/08/14,8,9,0,0
741,2000/08/16,1,3,2,7
742,2000/08/18,4,5,5,8
743,2000/08/21,8,2,8,3
744,2000/08/23,4,6,3,5
745,2000/08/25,7,6,7,0
746,2000/08/28,1,5,9,1
747,2000/08/30,3,1,7,3
748,2000/09/01,7,2,9,0
749,2000/09/04,3,1,9,8
750,2000/09/06,8,6,7,8
751,2000/09/08,4,7,0,0
752,2000/09/11,3,1,9,1
753,2000/09/13,3,6,8,6
754,2000/09/15,4,5,4,4
755,2000/09/18,8,6,7,5
756,2000/09/20,9,8,9,4
757,2000/09/22,2,7,9,4
758,2000/09/25,5,1,5,1
759,2000/09/27,2,8,9,4
760,2000/09/29,6,5,0,4
761,2000/10/02,2,8,0,9
762,2000/10/04,4,1,0,8
763,2000/10/06,2,7,5,8
764,2000/10/09,5,4,8,9
765,2000/10/11,0,7,7,9
766,2000/10/13,1,3,7,2
767,2000/10/16,0,2,3,5
768,2000/10/18,7,3,8,5
769,2000/10/20,7,0,4,9
770,2000/10/23,0,1,7,8
771,2000/10/25,7,6,7,0
772,2000/10/27,4,6,3,5
773,2000/10/30,5,5,3,1
774,2000/11/01,0,3,2,8
775,2000/11/03,9,5,7,8
776,2000/11/06,2,9,5,4
777,2000/11/08,4,8,1,0
778,2000/11/10,6,3,0,5
779,2000/11/13,6,9,2,1
780,2000/11/15,0,5,7,0
781,2000/11/17,7,8,5,2
782,2000/11/20,9,4,0,0
783,2000/11/22,3,2,7,5
784,2000/11/24,6,9,3,6
785,2000/11/27,9,3,4,6
786,2000/11/29,0,3,9,9
787,2000/12/01,7,6,4,3
788,2000/12/04,1,9,8,1
789,2000/12/06,5,5,0,9
790,2000/12/08,4,2,5,6
791,2000/12/11,3,6,5,0
792,2000/12/13,9,0,5,0
793,2000/12/15,6,9,8,9
794,2000/12/18,5,7,3,7
795,2000/12/20,3,9,8,6
796,2000/12/22,7,7,9,8
797,2000/12/25,6,2,2,3
798,2000/12/27,1,3,7,9
799,2000/12/29,5,5,9,5
800,2001/01/05,3,9,3,0
801,2001/01/08,0,5,1,6
802,2001/01/10,8,3,2,7
803,2001/01/12,8,4,9,4
804,2001/01/15,1,1,2,2
805,2001/01/17,4,5,9,5
806,2001/01/19,7,7,4,8
807,2001/01/22,0,0,1,6
808,2001/01/24,8,0,5,8
809,2001/01/26,3,8,7,8
810,2001/01/29,1,6,2,3
811,2001/01/31,0,3,8,5
812,2001/02/02,0,7,4,2
813,2001/02/05,2,9,0,2
814,2001/02/07,2,7,1,1
815,2001/02/09,0,9,0,8
816,2001/02/12,5,2,9,7
817,2001/02/14,8,3,1,9
818,2001/02/16,4,3,4,2
819,2001/02/19,5,3,8,2
820,2001/02/21,7,4,0,2
821,2001/02/23,9,9,6,8
822,2001/02/26,0,5,9,7
823,2001/02/28,2,4,2,2
824,2001/03/02,9,9,4,1
825,2001/03/05,8,2,3,8
826,2001/03/07,0,3,0,1
827,2001/03/09,9,6,3,4
828,2001/03/12,0,3,2,5
829,2001/03/14,3,1,1,9
830,2001/03/16,8,6,0,9
831,2001/03/19,1,8,0,7
832,2001/03/21,5,0,9,6
833,2001/03/23,8,8,6,6
834,2001/03/26,6,8,7,9
835,2001/03/28,4,3,5,7
836,2001/03/30,2,2,2,1
837,2001/04/02,7,8,5,3
838,2001/04/04,6,2,8,9
839,2001/04/06,1,1,1,2
840,2001/04/09,1,4,7,7
841,2001/04/11,6,9,2,6
842,2001/04/13,3,7,8,1
843,2001/04/16,6,7,1,8
844,2001/04/18,0,3,2,2
845,2001/04/20,6,8,4,8
846,2001/04/23,9,1,9,9
847,2001/04/25,8,3,4,8
848,2001/04/27,5,7,3,4
849,2001/04/30,9,2,8,5
850,2001/05/02,9,6,6,2
851,2001/05/04,1,3,6,8
852,2001/05/07,2,2,7,5
853,2001/05/09,5,4,1,8
854,2001/05/11,1,2,4,0
855,2001/05/14,7,1,2,5
856,2001/05/16,1,4,4,5
857,2001/05/18,1,5,7,1
858,2001/05/21,6,7,5,0
859,2001/05/23,8,2,1,2
860,2001/05/25,6,9,8,8
861,2001/05/28,9,6,9,1
862,2001/05/30,9,3,9,7
863,2001/06/01,5,3,4,7
864,2001/06/04,6,1,9,3
865,2001/06/06,6,7,6,8
866,2001/06/08,2,3,6,5
867,2001/06/11,9,5,5,5
868,2001/06/13,9,1,8,6
869,2001/06/15,0,9,0,6
870,2001/06/18,2,4,3,6
871,2001/06/20,3,1,8,1
872,2001/06/22,3,4,2,2
873,2001/06/25,3,4,2,5
874,2001/06/27,2,3,4,1
875,2001/06/29,6,6,8,5
876,2001/07/02,1,6,6,7
877,2001/07/04,9,4,0,7
878,2001/07/06,6,4,4,7
879,2001/07/09,4,4,3,3
880,2001/07/11,2,5,3,0
881,2001/07/13,6,4,6,3
882,2001/07/16,7,0,2,0
883,2001/07/18,9,5,6,9
884,2001/07/20,8,3,9,0
885,2001/07/23,9,4,1,3
886,2001/07/25,1,1,4,1
887,2001/07/27,3,6,0,7
888,2001/07/30,1,1,8,8
889,2001/08/01,4,7,2,0
890,2001/08/03,9,4,0,6
891,2001/08/06,2,5,0,2
892,2001/08/08,9,5,2,7
893,2001/08/10,4,4,9,5
894,2001/08/13,7,9,1,5
895,2001/08/15,7,3,2,9
896,2001/08/17,3,1,3,0
897,2001/08/20,3,9,1,8
898,2001/08/22,7,0,5,0
899,2001/08/24,6,6,0,6
900,2001/08/27,8,2,0,7
901,2001/08/29,9,5,0,6
902,2001/08/31,8,2,8,7
903,2001/09/03,3,4,1,8
904,2001/09/05,0,8,9,0
905,2001/09/07,0,6,6,5
906,2001/09/10,7,5,4,4
907,2001/09/12,3,3,5,7
908,2001/09/14,6,9,4,7
909,2001/09/17,8,5,6,6
910,2001/09/19,5,3,6,2
911,2001/09/21,8,6,1,1
912,2001/09/24,6,1,6,0
913,2001/09/26,3,2,6,0
914,2001/09/28,6,7,8,4
915,2001/10/01,8,7,4,7
916,2001/10/03,4,7,4,9
917,2001/10/05,6,6,4,0
918,2001/10/08,6,2,4,5
919,2001/10/10,6,5,8,7
920,2001/10/12,7,2,5,5
921,2001/10/15,6,8,2,5
922,2001/10/17,0,2,1,5
923,2001/10/19,7,3,5,6
924,2001/10/22,0,2,6,6
925,2001/10/24,7,1,3,7
926,2001/10/26,5,9,5,8
927,2001/10/29,4,6,3,9
928,2001/10/31,0,4,4,1
929,2001/11/02,0,3,3,3
930,2001/11/05,4,0,9,2
931,2001/11/07,1,8,2,6
932,2001/11/09,5,9,3,8
933,2001/11/12,5,5,5,2
934,2001/11/14,5,9,9,4
935,2001/11/16,4,6,0,2
936,2001/11/19,5,6,9,3
937,2001/11/21,7,3,1,5
938,2001/11/23,4,9,4,9
939,2001/11/26,1,2,2,2
940,2001/11/28,2,4,0,9
941,2001/11/30,8,3,2,1
942,2001/12/03,0,0,3,0
943,2001/12/05,2,9,5,6
944,2001/12/07,5,3,3,5
945,2001/12/10,5,0,3,2
946,2001/12/12,3,0,7,8
947,2001/12/14,4,5,6,2
948,2001/12/17,1,5,4,2
949,2001/12/19,4,4,4,9
950,2001/12/21,4,0,4,6
951,2001/12/24,8,5,4,9
952,2001/12/26,7,5,7,1
953,2001/12/28,0,2,4,5
954,2002/01/04,6,9,2,3
955,2002/01/07,8,2,3,3
956,2002/01/09,1,1,7,2
957,2002/01/11,1,7,2,5
958,2002/01/14,4,3,9,9
959,2002/01/16,0,8,9,8
960,2002/01/18,9,9,3,0
961,2002/01/21,9,5,7,1
962,2002/01/23,1,1,2,3
963,2002/01/25,3,6,6,7
964,2002/01/28,1,4,9,0
965,2002/01/30,3,8,3,7
966,2002/02/01,1,2,9,6
967,2002/02/04,5,9,4,7
968,2002/02/06,0,0,0,1
969,2002/02/08,4,0,5,1
970,2002/02/11,3,7,1,6
971,2002/02/13,7,9,2,8
972,2002/02/15,2,6,4,2
973,2002/02/18,5,6,9,0
974,2002/02/20,8,6,8,1
975,2002/02/22,8,5,3,4
976,2002/02/25,9,3,9,9
977,2002/02/27,5,7,7,4
978,2002/03/01,2,4,5,8
979,2002/03/04,1,7,9,6
980,2002/03/06,2,1,7,5
981,2002/03/08,9,4,0,7
982,2002/03/11,8,6,6,7
983,2002/03/13,1,5,8,5
984,2002/03/15,3,9,9,6
985,2002/03/18,6,2,1,5
986,2002/03/20,3,9,1,2
987,2002/03/22,5,2,6,2
988,2002/03/25,5,6,4,8
989,2002/03/27,1,8,3,9
990,2002/03/29,0,3,3,9
991,2002/04/01,1,9,3,3
992,2002/04/03,0,2,5,3
993,2002/04/05,7,0,2,6
994,2002/04/08,7,4,2,8
995,2002/04/10,3,0,1,3
996,2002/04/12,4,5,1,5
997,2002/04/15,7,4,8,8
998,2002/04/17,3,2,4,2
999,2002/04/19,7,4,6,1
1000,2002/04/22,6,5,7,6
1001,2002/04/24,8,6,3,7
1002,2002/04/26,0,2,8,8
1003,2002/04/29,7,7,1,0
1004,2002/05/01,6,9,7,1
1005,2002/05/03,1,8,1,8
1006,2002/05/06,2,9,2,9
1007,2002/05/08,2,0,3,2
1008,2002/05/10,0,3,1,4
1009,2002/05/13,9,3,5,5
1010,2002/05/15,1,0,6,1
1011,2002/05/17,2,0,1,4
1012,2002/05/20,0,7,8,3
1013,2002/05/22,0,4,3,7
1014,2002/05/24,9,2,7,1
1015,2002/05/27,7,6,0,5
1016,2002/05/29,8,4,5,9
1017,2002/05/31,0,9,0,5
1018,2002/06/03,9,7,6,6
1019,2002/06/05,4,5,6,0
1020,2002/06/07,0,9,0,0
1021,2002/06/10,6,1,2,0
1022,2002/06/12,9,2,5,5
1023,2002/06/14,1,7,0,6
1024,2002/06/17,9,8,4,9
1025,2002/06/19,1,2,6,8
1026,2002/06/21,7,1,7,4
1027,2002/06/24,9,0,8,1
1028,2002/06/26,3,5,2,1
1029,2002/06/28,1,5,6,5
1030,2002/07/01,3,0,0,2
1031,2002/07/03,3,2,8,8
1032,2002/07/05,1,7,4,4
1033,2002/07/08,3,7,5,4
1034,2002/07/10,6,6,9,4
1035,2002/07/12,6,3,3,2
1036,2002/07/15,6,8,1,1
1037,2002/07/17,7,8,7,4
1038,2002/07/19,9,7,8,7
1039,2002/07/22,8,9,9,4
1040,2002/07/24,3,6,9,4
1041,2002/07/26,0,7,2,3
1042,2002/07/29,6,6,3,4
1043,2002/07/31,6,2,7,1
1044,2002/08/02,7,5,2,2
1045,2002/08/05,8,6,5,0
1046,2002/08/07,4,5,9,8
1047,2002/08/09,8,1,3,0
1048,2002/08/12,1,4,4,0
1049,2002/08/14,9,3,2,0
1050,2002/08/16,7,2,5,9
1051,2002/08/19,3,2,6,9
1052,2002/08/21,1,8,3,5
1053,2002/08/23,2,9,9,7
1054,2002/08/26,7,1,3,1
1055,2002/08/28,2,4,0,0
1056,2002/08/30,4,3,2,7
1057,2002/09/02,2,6,5,3
1058,2002/09/04,4,4,6,1
1059,2002/09/06,3,2,6,7
1060,2002/09/09,3,1,1,9
1061,2002/09/11,3,3,5,4
1062,2002/09/13,0,6,7,1
1063,2002/09/16,6,5,9,1
1064,2002/09/18,5,4,5,3
1065,2002/09/20,7,5,3,2
1066,2002/09/23,5,7,7,7
1067,2002/09/25,7,4,5,2
1068,2002/09/27,6,2,8,0
1069,2002/09/30,9,6,4,6
1070,2002/10/02,7,7,7,9
1071,2002/10/04,7,6,8,3
1072,2002/10/07,8,1,1,2
1073,2002/10/09,4,5,4,9
1074,2002/10/11,2,7,7,1
1075,2002/10/14,8,2,1,7
1076,2002/10/16,4,9,6,8
1077,2002/10/18,3,7,6,1
1078,2002/10/21,5,1,5,8
1079,2002/10/23,4,3,9,7
1080,2002/10/25,8,3,3,6
1081,2002/10/28,9,9,0,1
1082,2002/10/30,6,6,9,7
1083,2002/11/01,2,7,0,7
1084,2002/11/04,2,1,2,5
1085,2002/11/06,0,3,1,9
1086,2002/11/08,7,2,3,9
1087,2002/11/11,2,3,5,4
1088,2002/11/13,9,4,2,3
1089,2002/11/15,7,3,6,8
1090,2002/11/18,2,5,6,8
1091,2002/11/20,4,0,5,9
1092,2002/11/22,0,0,6,0
1093,2002/11/25,2,5,5,6
1094,2002/11/27,1,4,4,0
1095,2002/11/29,5,3,5,1
1096,2002/12/02,1,2,2,1
1097,2002/12/04,0,0,5,8
1098,2002/12/06,9,8,4,8
1099,2002/12/09,9,5,0,7
1100,2002/12/11,5,7,3,1
1101,2002/12/13,6,2,3,3
1102,2002/12/16,4,3,4,4
1103,2002/12/18,2,0,0,8
1104,2002/12/20,8,1,9,9
1105,2002/12/23,6,4,1,5
1106,2002/12/25,4,5,3,9
1107,2002/12/27,4,9,3,8
1108,2002/12/30,4,2,6,5
1109,2003/01/06,6,3,0,0
1110,2003/01/08,4,3,6,8
1111,2003/01/10,0,5,7,0
1112,2003/01/13,0,9,3,3
1113,2003/01/15,4,1,4,7
1114,2003/01/17,8,7,6,2
1115,2003/01/20,5,0,3,0
1116,2003/01/22,6,8,1,3
1117,2003/01/24,4,8,0,2
1118,2003/01/27,4,6,0,9
1119,2003/01/29,7,1,6,1
1120,2003/01/31,2,3,4,3
1121,2003/02/03,7,6,8,0
1122,2003/02/05,9,2,3,1
1123,2003/02/07,0,0,2,7
1124,2003/02/10,6,5,0,7
1125,2003/02/12,3,3,6,1
1126,2003/02/14,7,8,0,4
1127,2003/02/17,6,9,6,4
1128,2003/02/19,0,4,5,2
1129,2003/02/21,6,1,9,1
1130,2003/02/24,0,6,6,4
1131,2003/02/26,7,7,1,8
1132,2003/02/28,2,8,6,8
1133,2003/03/03,2,3,5,1
1134,2003/03/05,9,4,1,1
1135,2003/03/07,3,9,4,9
1136,2003/03/10,6,7,8,8
1137,2003/03/12,7,7,1,3
1138,2003/03/14,0,7,7,5
1139,2003/03/17,3,0,5,9
1140,2003/03/19,8,9,1,9
1141,2003/03/21,6,0,7,3
1142,2003/03/24,7,1,2,3
1143,2003/03/26,2,7,0,2
1144,2003/03/28,2,1,6,9
1145,2003/03/31,0,0,8,4
1146,2003/04/02,7,3,0,1
1147,2003/04/04,7,9,8,9
1148,2003/04/07,9,3,8,5
1149,2003/04/09,8,0,2,7
1150,2003/04/11,5,3,9,4
1151,2003/04/14,5,4,3,0
1152,2003/04/16,0,3,9,0
1153,2003/04/18,6,7,0,6
1154,2003/04/21,9,9,3,6
1155,2003/04/23,7,9,0,8
1156,2003/04/25,2,7,8,2
1157,2003/04/28,6,8,1,9
1158,2003/04/30,2,0,6,0
1159,2003/05/02,9,1,2,3
1160,2003/05/05,1,5,6,3
1161,2003/05/07,1,6,6,3
1162,2003/05/09,5,7,4,9
1163,2003/05/12,1,7,7,5
1164,2003/05/14,7,8,9,4
1165,2003/05/16,4,9,7,3
1166,2003/05/19,4,2,1,2
1167,2003/05/21,2,5,2,2
1168,2003/05/23,2,0,2,8
1169,2003/05/26,5,0,8,2
1170,2003/05/28,1,6,0,2
1171,2003/05/30,8,6,6,6
1172,2003/06/02,3,3,3,5
1173,2003/06/04,8,6,8,5
1174,2003/06/06,2,6,7,9
1175,2003/06/09,1,2,2,8
1176,2003/06/11,7,1,3,7
1177,2003/06/13,1,7,4,4
1178,2003/06/16,8,6,0,4
1179,2003/06/18,6,0,4,8
1180,2003/06/20,9,8,3,3
1181,2003/06/23,6,9,2,9
1182,2003/06/25,5,8,6,3
1183,2003/06/27,7,6,0,5
1184,2003/06/30,0,7,1,4
1185,2003/07/02,7,1,1,3
1186,2003/07/04,7,2,3,9
1187,2003/07/07,2,0,1,6
1188,2003/07/09,4,9,6,0
1189,2003/07/11,7,7,8,1
1190,2003/07/14,0,8,3,7
1191,2003/07/16,0,0,2,7
1192,2003/07/18,9,5,2,9
1193,2003/07/21,6,3,3,6
1194,2003/07/23,4,7,1,2
1195,2003/07/25,0,6,2,5
1196,2003/07/28,6,6,1,0
1197,2003/07/30,7,5,6,4
1198,2003/08/01,9,8,4,1
1199,2003/08/04,3,1,7,7
1200,2003/08/06,4,5,4,4
1201,2003/08/08,9,5,7,2
1202,2003/08/11,3,7,1,8
1203,2003/08/13,3,2,3,8
1204,2003/08/15,1,6,9,6
1205,2003/08/18,5,8,7,8
1206,2003/08/20,1,3,1,5
1207,2003/08/22,0,9,8,4
1208,2003/08/25,5,7,4,0
1209,2003/08/27,7,0,3,4
1210,2003/08/29,1,3,6,0
1211,2003/09/01,5,0,4,8
1212,2003/09/03,6,0,4,7
1213,2003/09/05,4,9,5,4
1214,2003/09/08,0,0,7,1
1215,2003/09/10,0,1,8,2
1216,2003/09/12,0,5,6,3
1217,2003/09/15,3,9,9,1
1218,2003/09/17,7,1,3,7
1219,2003/09/19,7,7,4,4
1220,2003/09/22,1,4,1,3
1221,2003/09/24,8,0,3,0
1222,2003/09/26,1,6,4,2
1223,2003/09/29,2,3,0,8
1224,2003/10/01,5,4,0,4
1225,2003/10/03,1,6,0,5
1226,2003/10/06,0,9,2,3
1227,2003/10/08,4,4,7,5
1228,2003/10/10,6,6,8,5
1229,2003/10/13,3,4,0,9
1230,2003/10/15,7,8,7,1
1231,2003/10/17,6,0,8,4
1232,2003/10/20,3,9,4,0
1233,2003/10/22,8,1,8,5
1234,2003/10/24,3,0,4,0
1235,2003/10/27,3,7,8,0
1236,2003/10/29,5,5,5,9
1237,2003/10/31,5,5,5,9
1238,2003/11/03,2,4,1,2
1239,2003/11/05,8,0,9,0
1240,2003/11/07,4,0,5,7
1241,2003/11/10,8,4,4,4
1242,2003/11/12,6,8,8,0
1243,2003/11/14,8,8,2,3
1244,2003/11/17,8,9,8,4
1245,2003/11/19,3,7,4,5
1246,2003/11/21,6,2,7,2
1247,2003/11/24,5,6,0,3
1248,2003/11/26,9,8,1,0
1249,2003/11/28,5,5,5,5
1250,2003/12/01,2,1,6,7
1251,2003/12/03,0,4,9,8
1252,2003/12/05,3,3,2,5
1253,2003/12/08,3,2,5,1
1254,2003/12/10,4,4,2,2
1255,2003/12/12,6,9,9,8
1256,2003/12/15,8,9,4,3
1257,2003/12/17,6,8,1,5
1258,2003/12/19,4,0,3,7
1259,2003/12/22,5,8,1,5
1260,2003/12/24,6,0,3,9
1261,2003/12/26,2,3,8,9
1262,2003/12/29,3,3,9,9
1263,2004/01/05,7,1,3,8
1264,2004/01/07,2,3,2,4
1265,2004/01/09,0,0,8,3
1266,2004/01/12,8,3,5,1
1267,2004/01/14,2,1,8,5
1268,2004/01/16,9,7,2,2
1269,2004/01/19,7,3,3,7
1270,2004/01/21,9,4,8,3
1271,2004/01/23,1,2,5,5
1272,2004/01/26,2,9,8,1
1273,2004/01/28,1,9,9,5
1274,2004/01/30,1,9,1,5
1275,2004/02/02,3,8,2,4
1276,2004/02/04,0,9,8,2
1277,2004/02/06,3,8,7,9
1278,2004/02/09,5,1,2,2
1279,2004/02/11,9,8,0,7
1280,2004/02/13,1,0,8,5
1281,2004/02/16,5,0,1,1
1282,2004/02/18,2,4,2,1
1283,2004/02/20,8,8,1,3
1284,2004/02/23,7,2,4,4
1285,2004/02/25,2,2,8,2
1286,2004/02/27,9,1,0,8
1287,2004/03/01,4,5,1,6
1288,2004/03/03,9,4,7,3
1289,2004/03/05,7,7,6,4
1290,2004/03/08,4,7,5,0
1291,2004/03/10,2,6,0,8
1292,2004/03/12,8,8,3,4
1293,2004/03/15,4,7,4,7
1294,2004/03/17,2,9,1,4
1295,2004/03/19,9,3,9,6
1296,2004/03/22,3,4,1,3
1297,2004/03/24,0,7,6,9
1298,2004/03/26,0,3,1,8
1299,2004/03/29,7,7,6,6
1300,2004/03/31,0,3,2,2
1301,2004/04/02,7,6,2,3
1302,2004/04/05,3,9,7,9
1303,2004/04/07,2,6,7,0
1304,2004/04/09,9,0,8,2
1305,2004/04/12,2,3,5,6
1306,2004/04/14,4,3,8,0
1307,2004/04/16,7,5,8,7
1308,2004/04/19,4,5,4,4
1309,2004/04/21,8,4,5,5
1310,2004/04/23,7,4,8,1
1311,2004/04/26,5,3,3,7
1312,2004/04/28,7,8,9,6
1313,2004/04/30,1,3,6,3
1314,2004/05/03,6,7,7,1
1315,2004/05/05,5,0,8,3
1316,2004/05/07,8,3,8,4
1317,2004/05/10,4,7,9,8
1318,2004/05/12,0,8,6,5
1319,2004/05/14,5,5,2,5
1320,2004/05/17,7,5,5,9
1321,2004/05/19,0,3,1,9
1322,2004/05/21,5,2,8,2
1323,2004/05/24,4,1,0,5
1324,2004/05/26,7,8,0,7
1325,2004/05/28,1,0,7,0
1326,2004/05/31,5,9,7,2
1327,2004/06/02,0,8,0,7
1328,2004/06/04,0,2,9,5
1329,2004/06/07,1,5,0,8
1330,2004/06/09,2,0,5,9
1331,2004/06/11,5,2,2,3
1332,2004/06/14,6,9,6,6
1333,2004/06/16,1,4,5,9
1334,2004/06/18,5,9,0,9
1335,2004/06/21,6,1,2,5
1336,2004/06/23,5,8,2,3
1337,2004/06/25,0,2,2,4
1338,2004/06/28,8,4,7,6
1339,2004/06/30,4,9,7,4
1340,2004/07/01,8,0,4,9
1341,2004/07/02,7,8,8,1
1342,2004/07/05,3,3,6,5
1343,2004/07/06,8,5,9,2
1344,2004/07/07,1,1,1,1
1345,2004/07/08,4,4,8,8
1346,2004/07/09,4,1,0,1
1347,2004/07/12,1,1,7,6
1348,2004/07/13,3,3,5,0
1349,2004/07/14,7,2,5,6
1350,2004/07/15,1,6,9,8
1351,2004/07/16,5,8,6,6
1352,2004/07/19,7,6,2,2
1353,2004/07/20,0,1,9,8
1354,2004/07/21,6,9,8,6
1355,2004/07/22,4,7,0,9
1356,2004/07/23,1,7,6,4
1357,2004/07/26,9,0,8,1
1358,2004/07/27,6,7,9,1
1359,2004/07/28,4,4,7,0
1360,2004/07/29,0,3,0,8
1361,2004/07/30,2,7,0,5
1362,2004/08/02,8,3,6,9
1363,2004/08/03,5,5,3,1
1364,2004/08/04,0,4,7,8
1365,2004/08/05,1,2,9,1
1366,2004/08/06,5,5,8,0
1367,2004/08/09,3,3,4,8
1368,2004/08/10,8,5,8,1
1369,2004/08/11,8,0,0,6
1370,2004/08/12,7,0,1,8
1371,2004/08/13,8,7,0,1
1372,2004/08/16,0,2,4,1
1373,2004/08/17,6,6,2,4
1374,2004/08/18,7,8,6,7
1375,2004/08/19,5,8,3,0
1376,2004/08/20,6,7,5,9
1377,2004/08/23,0,9,7,9
1378,2004/08/24,0,2,6,4
1379,2004/08/25,0,3,5,4
1380,2004/08/26,6,4,4,3
1381,2004/08/27,0,7,4,3
1382,2004/08/30,4,3,9,4
1383,2004/08/31,1,7,2,9
1384,2004/09/01,8,8,1,5
1385,2004/09/02,2,5,8,9
1386,2004/09/03,4,0,3,7
1387,2004/09/06,9,5,0,2
1388,2004/09/07,1,1,0,2
1389,2004/09/08,9,3,4,5
1390,2004/09/09,9,4,2,4
1391,2004/09/10,1,9,0,8
1392,2004/09/13,4,7,9,7
1393,2004/09/14,8,8,7,4
1394,2004/09/15,5,8,6,8
1395,2004/09/16,5,3,9,7
1396,2004/09/17,5,4,2,0
1397,2004/09/20,2,2,1,3
1398,2004/09/21,5,4,7,9
1399,2004/09/22,1,6,7,2
1400,2004/09/23,9,7,1,1
1401,2004/09/24,9,4,5,6
1402,2004/09/27,7,6,1,1
1403,2004/09/28,6,2,6,1
1404,2004/09/29,8,5,2,8
1405,2004/09/30,2,9,5,2
1406,2004/10/01,4,4,8,6
1407,2004/10/04,1,4,7,8
1408,2004/10/05,3,3,1,8
1409,2004/10/06,6,7,0,3
1410,2004/10/07,6,7,7,8
1411,2004/10/08,1,1,4,9
1412,2004/10/11,3,4,0,7
1413,2004/10/12,4,9,9,6
1414,2004/10/13,1,1,7,4
1415,2004/10/14,1,4,1,8
1416,2004/10/15,1,9,3,9
1417,2004/10/18,4,2,3,0
1418,2004/10/19,5,8,0,7
1419,2004/10/20,1,5,1,0
1420,2004/10/21,8,3,3,9
1421,2004/10/22,6,1,5,1
1422,2004/10/25,7,5,3,5
1423,2004/10/26,0,5,9,8
1424,2004/10/27,9,5,7,0
1425,2004/10/28,6,0,2,6
1426,2004/10/29,7,7,2,8
1427,2004/11/01,7,1,2,1
1428,2004/11/02,9,5,1,9
1429,2004/11/03,6,4,3,7
1430,2004/11/04,9,0,0,2
1431,2004/11/05,1,1,1,8
1432,2004/11/08,0,2,8,7
1433,2004/11/09,1,3,9,4
1434,2004/11/10,4,7,3,6
1435,2004/11/11,4,9,8,5
1436,2004/11/12,8,1,2,8
1437,2004/11/15,4,3,8,7
1438,2004/11/16,7,5,5,9
1439,2004/11/17,7,9,5,5
1440,2004/11/18,6,5,0,0
1441,2004/11/19,6,9,9,2
1442,2004/11/22,5,0,3,6
1443,2004/11/23,1,2,1,9
1444,2004/11/24,3,7,0,5
1445,2004/11/25,2,7,7,8
1446,2004/11/26,7,0,2,0
1447,2004/11/29,4,7,8,4
1448,2004/11/30,2,6,3,3
1449,2004/12/01,7,1,9,2
1450,2004/12/02,0,4,2,4
1451,2004/12/03,2,1,4,4
1452,2004/12/06,7,4,7,4
1453,2004/12/07,0,4,6,9
1454,2004/12/08,5,9,2,4
1455,2004/12/09,5,6,5,1
1456,2004/12/10,7,7,5,6
1457,2004/12/13,2,7,8,5
1458,2004/12/14,7,9,0,5
1459,2004/12/15,7,8,0,0
1460,2004/12/16,2,6,5,9
1461,2004/12/17,5,1,8,3
1462,2004/12/20,0,0,6,8
1463,2004/12/21,6,1,6,9
1464,2004/12/22,7,9,6,7
1465,2004/12/23,0,9,1,8
1466,2004/12/24,9,9,3,3
1467,2004/12/27,1,2,2,4
1468,2004/12/28,6,9,6,7
1469,2004/12/29,1,3,4,3
1470,2004/12/30,6,6,2,6
1471,2005/01/04,7,1,7,1
1472,2005/01/05,6,4,7,1
1473,2005/01/06,0,3,5,1
1474,2005/01/07,8,2,8,5
1475,2005/01/10,8,0,7,3
1476,2005/01/11,3,8,5,7
1477,2005/01/12,8,5,5,0
1478,2005/01/13,6,6,0,4
1479,2005/01/14,4,7,7,7
1480,2005/01/17,8,6,3,5
1481,2005/01/18,8,0,7,6
1482,2005/01/19,6,1,5,7
1483,2005/01/20,7,5,4,2
1484,2005/01/21,9,0,7,4
1485,2005/01/24,6,2,1,4
1486,2005/01/25,4,5,6,3
1487,2005/01/26,1,1,4,7
1488,2005/01/27,5,4,7,1
1489,2005/01/28,3,4,3,0
1490,2005/01/31,9,4,3,9
1491,2005/02/01,8,6,9,1
1492,2005/02/02,9,2,2,2
1493,2005/02/03,0,0,1,7
1494,2005/02/04,3,7,0,5
1495,2005/02/07,9,8,8,7
1496,2005/02/08,8,4,6,8
1497,2005/02/09,2,9,9,4
1498,2005/02/10,8,9,3,9
1499,2005/02/11,1,5,6,5
1500,2005/02/14,7,7,3,2
1501,2005/02/15,4,5,6,0
1502,2005/02/16,2,4,5,3
1503,2005/02/17,7,9,4,8
1504,2005/02/18,1,0,7,0
1505,2005/02/21,4,3,9,2
1506,2005/02/22,4,0,7,6
1507,2005/02/23,2,1,0,9
1508,2005/02/24,6,7,8,9
1509,2005/02/25,0,2,6,3
1510,2005/02/28,9,4,8,5
1511,2005/03/01,4,8,1,1
1512,2005/03/02,0,6,9,5
1513,2005/03/03,8,0,1,5
1514,2005/03/04,8,2,8,4
1515,2005/03/07,3,0,2,1
1516,2005/03/08,1,6,1,5
1517,2005/03/09,9,4,1,9
1518,2005/03/10,7,5,1,4
1519,2005/03/11,0,3,5,1
1520,2005/03/14,1,5,6,4
1521,2005/03/15,5,5,6,6
1522,2005/03/16,6,7,8,8
1523,2005/03/17,6,6,9,0
1524,2005/03/18,1,1,0,3
1525,2005/03/21,0,7,1,0
1526,2005/03/22,3,3,2,5
1527,2005/03/23,1,1,5,9
1528,2005/03/24,9,8,0,2
1529,2005/03/25,9,6,8,1
1530,2005/03/28,2,7,9,6
1531,2005/03/29,7,8,3,6
1532,2005/03/30,2,6,0,4
1533,2005/03/31,8,3,7,6
1534,2005/04/01,0,8,7,0
1535,2005/04/04,7,1,5,6
1536,2005/04/05,4,7,8,9
1537,2005/04/06,7,9,7,6
1538,2005/04/07,3,9,7,6
1539,2005/04/08,2,0,0,8
1540,2005/04/11,7,3,9,0
1541,2005/04/12,1,8,2,2
1542,2005/04/13,7,5,8,1
1543,2005/04/14,3,9,8,1
1544,2005/04/15,3,8,4,5
1545,2005/04/18,2,9,1,2
1546,2005/04/19,7,4,4,1
1547,2005/04/20,0,3,0,4
1548,2005/04/21,8,5,3,1
1549,2005/04/22,3,0,9,1
1550,2005/04/25,0,5,9,5
1551,2005/04/26,4,5,6,3
1552,2005/04/27,1,5,5,0
1553,2005/04/28,2,2,2,1
1554,2005/04/29,7,2,3,8
1555,2005/05/02,4,8,3,3
1556,2005/05/03,9,7,2,6
1557,2005/05/04,7,6,2,4
1558,2005/05/05,0,8,5,8
1559,2005/05/06,7,6,6,4
1560,2005/05/09,0,9,8,2
1561,2005/05/10,2,5,2,7
1562,2005/05/11,4,5,6,0
1563,2005/05/12,6,1,7,5
1564,2005/05/13,8,3,7,2
1565,2005/05/16,8,6,9,9
1566,2005/05/17,1,1,4,8
1567,2005/05/18,5,4,1,0
1568,2005/05/19,1,3,5,7
1569,2005/05/20,0,5,8,0
1570,2005/05/23,2,1,4,2
1571,2005/05/24,9,2,4,4
1572,2005/05/25,0,4,0,2
1573,2005/05/26,3,7,4,2
1574,2005/05/27,3,8,7,6
1575,2005/05/30,1,8,2,7
1576,2005/05/31,4,0,7,8
1577,2005/06/01,4,0,4,2
1578,2005/06/02,9,9,3,2
1579,2005/06/03,1,7,5,4
1580,2005/06/06,4,1,2,4
1581,2005/06/07,6,0,8,5
1582,2005/06/08,3,7,7,5
1583,2005/06/09,2,3,1,9
1584,2005/06/10,3,1,7,1
1585,2005/06/13,3,9,5,7
1586,2005/06/14,8,7,1,4
1587,2005/06/15,6,5,2,8
1588,2005/06/16,3,1,8,0
1589,2005/06/17,0,0,0,5
1590,2005/06/20,8,5,5,5
1591,2005/06/21,8,3,8,2
1592,2005/06/22,3,4,3,9
1593,2005/06/23,6,4,2,7
1594,2005/06/24,4,1,6,6
1595,2005/06/27,6,2,6,1
1596,2005/06/28,1,1,8,7
1597,2005/06/29,4,7,3,2
1598,2005/06/30,2,1,7,7
1599,2005/07/01,1,5,6,4
1600,2005/07/04,7,6,3,0
1601,2005/07/05,3,3,0,4
1602,2005/07/06,9,1,0,8
1603,2005/07/07,5,0,8,1
1604,2005/07/08,5,3,1,6
1605,2005/07/11,1,6,7,6
1606,2005/07/12,7,1,5,1
1607,2005/07/13,2,5,7,4
1608,2005/07/14,8,2,6,6
1609,2005/07/15,3,4,1,7
1610,2005/07/18,0,4,7,7
1611,2005/07/19,2,0,5,5
1612,2005/07/20,6,7,4,3
1613,2005/07/21,6,3,6,2
1614,2005/07/22,3,2,6,7
1615,2005/07/25,5,6,0,7
1616,2005/07/26,2,3,9,8
1617,2005/07/27,9,0,6,0
1618,2005/07/28,2,0,6,7
1619,2005/07/29,2,0,6,4
1620,2005/08/01,2,4,2,2
1621,2005/08/02,6,0,6,9
1622,2005/08/03,5,8,9,7
1623,2005/08/04,8,7,9,5
1624,2005/08/05,5,6,3,8
1625,2005/08/08,5,5,8,7
1626,2005/08/09,2,1,5,4
1627,2005/08/10,1,1,5,7
1628,2005/08/11,0,0,0,1
1629,2005/08/12,9,5,6,5
1630,2005/08/15,9,8,3,4
1631,2005/08/16,3,4,9,3
1632,2005/08/17,8,5,0,6
1633,2005/08/18,0,3,9,3
1634,2005/08/19,5,1,6,0
1635,2005/08/22,1,5,9,4
1636,2005/08/23,6,6,5,5
1637,2005/08/24,6,7,9,8
1638,2005/08/25,0,9,6,6
1639,2005/08/26,7,4,7,3
1640,2005/08/29,5,0,0,4
1641,2005/08/30,4,0,1,2
1642,2005/08/31,2,7,1,9
1643,2005/09/01,0,9,9,6
1644,2005/09/02,6,0,7,7
1645,2005/09/05,3,2,2,3
1646,2005/09/06,3,0,2,0
1647,2005/09/07,6,8,5,2
1648,2005/09/08,2,4,1,7
1649,2005/09/09,9,8,5,8
1650,2005/09/12,0,1,5,4
1651,2005/09/13,6,8,3,1
1652,2005/09/14,5,5,8,2
1653,2005/09/15,7,3,3,9
1654,2005/09/16,5,4,5,1
1655,2005/09/19,9,0,6,1
1656,2005/09/20,0,3,9,8
1657,2005/09/21,1,5,5,8
1658,2005/09/22,6,8,6,4
1659,2005/09/23,2,6,7,6
1660,2005/09/26,4,7,8,5
1661,2005/09/27,4,6,3,1
1662,2005/09/28,4,1,2,2
1663,2005/09/29,5,4,3,5
1664,2005/09/30,4,1,4,9
1665,2005/10/03,7,3,0,0
1666,2005/10/04,9,4,5,0
1667,2005/10/05,3,6,8,7
1668,2005/10/06,3,4,5,8
1669,2005/10/07,9,5,7,9
1670,2005/10/10,2,3,1,8
1671,2005/10/11,7,0,7,4
1672,2005/10/12,6,2,6,8
1673,2005/10/13,6,2,9,4
1674,2005/10/14,3,2,9,6
1675,2005/10/17,6,1,8,0
1676,2005/10/18,6,0,8,4
1677,2005/10/19,1,9,1,0
1678,2005/10/20,1,7,1,7
1679,2005/10/21,4,0,4,4
1680,2005/10/24,9,1,2,8
1681,2005/10/25,0,4,7,9
1682,2005/10/26,3,7,9,6
1683,2005/10/27,3,9,1,1
1684,2005/10/28,6,9,9,2
1685,2005/10/31,6,9,0,3
1686,2005/11/01,5,4,0,6
1687,2005/11/02,1,8,9,6
1688,2005/11/03,7,8,7,6
1689,2005/11/04,5,7,8,8
1690,2005/11/07,2,4,9,1
1691,2005/11/08,0,6,3,5
1692,2005/11/09,2,1,9,0
1693,2005/11/10,7,1,6,4
1694,2005/11/11,8,8,1,2
1695,2005/11/14,5,3,4,3
1696,2005/11/15,3,6,7,6
1697,2005/11/16,6,0,9,4
1698,2005/11/17,0,9,7,8
1699,2005/11/18,9,7,0,8
1700,2005/11/21,2,0,9,8
1701,2005/11/22,3,1,2,1
1702,2005/11/23,4,3,2,7
1703,2005/11/24,4,3,4,4
1704,2005/11/25,6,5,2,0
1705,2005/11/28,9,9,0,6
1706,2005/11/29,9,9,6,1
1707,2005/11/30,0,5,8,8
1708,2005/12/01,1,8,3,7
1709,2005/12/02,6,8,8,0
1710,2005/12/05,5,2,9,6
1711,2005/12/06,9,4,1,9
1712,2005/12/07,7,1,6,1
1713,2005/12/08,2,9,9,7
1714,2005/12/09,6,0,0,7
1715,2005/12/12,8,0,5,2
1716,2005/12/13,4,7,6,9
1717,2005/12/14,3,0,8,7
1718,2005/12/15,4,4,8,3
1719,2005/12/16,2,3,1,5
1720,2005/12/19,1,5,5,5
1721,2005/12/20,4,0,5,0
1722,2005/12/21,9,1,9,3
1723,2005/12/22,0,6,4,7
1724,2005/12/23,6,2,9,5
1725,2005/12/26,8,1,1,7
1726,2005/12/27,1,0,7,3
1727,2005/12/28,6,0,5,6
1728,2005/12/29,0,1,0,3
1729,2005/12/30,8,7,8,3
1730,2006/01/04,7,0,1,3
1731,2006/01/05,8,8,6,0
1732,2006/01/06,9,9,5,6
1733,2006/01/09,9,0,4,7
1734,2006/01/10,8,7,5,8
1735,2006/01/11,4,3,3,0
1736,2006/01/12,9,0,2,2
1737,2006/01/13,1,2,8,4
1738,2006/01/16,6,1,2,8
1739,2006/01/17,4,2,1,0
1740,2006/01/18,8,7,4,1
1741,2006/01/19,6,0,1,0
1742,2006/01/20,9,8,6,9
1743,2006/01/23,7,3,6,9
1744,2006/01/24,2,8,2,1
1745,2006/01/25,9,1,0,0
1746,2006/01/26,8,2,2,9
1747,2006/01/27,5,5,8,1
1748,2006/01/30,7,1,7,5
1749,2006/01/31,2,3,1,8
1750,2006/02/01,2,7,9,9
1751,2006/02/02,2,4,8,0
1752,2006/02/03,5,4,2,4
1753,2006/02/06,2,6,4,1
1754,2006/02/07,8,7,2,3
1755,2006/02/08,0,2,8,4
1756,2006/02/09,7,1,2,5
1757,2006/02/10,1,5,9,6
1758,2006/02/13,8,3,8,5
1759,2006/02/14,2,0,8,5
1760,2006/02/15,0,1,9,1
1761,2006/02/16,0,9,7,8
1762,2006/02/17,9,2,1,6
1763,2006/02/20,6,1,0,8
1764,2006/02/21,3,8,9,9
1765,2006/02/22,2,9,4,7
1766,2006/02/23,8,8,2,4
1767,2006/02/24,5,2,0,9
1768,2006/02/27,2,3,8,4
1769,2006/02/28,5,9,8,3
1770,2006/03/01,7,5,5,0
1771,2006/03/02,2,7,0,7
1772,2006/03/03,0,5,9,9
1773,2006/03/06,3,0,1,6
1774,2006/03/07,3,5,3,7
1775,2006/03/08,5,1,3,9
1776,2006/03/09,2,6,8,2
1777,2006/03/10,7,2,4,6
1778,2006/03/13,9,4,2,4
1779,2006/03/14,4,8,6,3
1780,2006/03/15,7,1,1,1
1781,2006/03/16,7,9,7,5
1782,2006/03/17,7,8,7,7
1783,2006/03/20,0,3,6,4
1784,2006/03/21,4,1,0,1
1785,2006/03/22,9,5,9,9
1786,2006/03/23,3,9,5,3
1787,2006/03/24,3,1,0,3
1788,2006/03/27,6,0,9,5
1789,2006/03/28,6,4,7,6
1790,2006/03/29,4,8,2,1
1791,2006/03/30,2,3,7,9
1792,2006/03/31,3,3,3,7
1793,2006/04/03,7,1,9,3
1794,2006/04/04,7,4,7,6
1795,2006/04/05,7,3,4,8
1796,2006/04/06,6,0,2,9
1797,2006/04/07,8,5,7,0
1798,2006/04/10,3,4,4,0
1799,2006/04/11,1,6,5,5
1800,2006/04/12,8,1,9,2
1801,2006/04/13,6,9,2,2
1802,2006/04/14,3,0,0,0
1803,2006/04/17,8,1,4,7
1804,2006/04/18,4,3,9,3
1805,2006/04/19,8,6,8,0
1806,2006/04/20,1,8,9,6
1807,2006/04/21,5,1,8,7
1808,2006/04/24,2,6,0,7
1809,2006/04/25,5,5,1,9
1810,2006/04/26,7,3,5,8
1811,2006/04/27,3,3,8,8
1812,2006/04/28,9,8,9,4
1813,2006/05/01,5,2,0,5
1814,2006/05/02,8,8,6,2
1815,2006/05/03,7,0,6,8
1816,2006/05/04,7,3,2,1
1817,2006/05/05,7,1,0,2
1818,2006/05/08,0,9,1,5
1819,2006/05/09,3,8,9,1
1820,2006/05/10,5,7,2,7
1821,2006/05/11,8,0,2,4
1822,2006/05/12,3,4,0,1
1823,2006/05/15,7,8,8,1
1824,2006/05/16,2,3,1,0
1825,2006/05/17,4,6,3,4
1826,2006/05/18,1,2,3,1
1827,2006/05/19,5,0,7,2
1828,2006/05/22,8,8,3,7
1829,2006/05/23,9,0,5,0
1830,2006/05/24,4,6,2,6
1831,2006/05/25,8,4,6,5
1832,2006/05/26,0,2,1,1
1833,2006/05/29,3,6,5,0
1834,2006/05/30,7,4,6,6
1835,2006/05/31,3,3,8,8
1836,2006/06/01,8,4,2,0
1837,2006/06/02,2,6,8,5
1838,2006/06/05,1,5,0,8
1839,2006/06/06,1,7,7,5
1840,2006/06/07,8,7,0,5
1841,2006/06/08,8,5,5,7
1842,2006/06/09,8,4,5,1
1843,2006/06/12,4,5,0,5
1844,2006/06/13,9,6,0,1
1845,2006/06/14,8,5,6,7
1846,2006/06/15,2,6,5,5
1847,2006/06/16,8,9,1,2
1848,2006/06/19,8,7,1,7
1849,2006/06/20,4,9,9,1
1850,2006/06/21,5,6,7,1
1851,2006/06/22,3,6,5,4
1852,2006/06/23,0,7,7,2
1853,2006/06/26,3,4,4,4
1854,2006/06/27,3,8,9,5
1855,2006/06/28,6,0,5,1
1856,2006/06/29,6,7,8,2
1857,2006/06/30,2,3,3,1
1858,2006/07/03,2,7,3,4
1859,2006/07/04,1,0,5,3
1860,2006/07/05,6,5,3,4
1861,2006/07/06,8,0,0,0
1862,2006/07/07,7,4,7,9
1863,2006/07/10,1,2,4,4
1864,2006/07/11,9,6,6,8
1865,2006/07/12,1,8,0,0
1866,2006/07/13,4,8,1,3
1867,2006/07/14,9,6,1,6
1868,2006/07/17,2,3,1,9
1869,2006/07/18,7,0,0,4
1870,2006/07/19,7,6,5,5
1871,2006/07/20,1,5,5,6
1872,2006/07/21,9,2,1,7
1873,2006/07/24,4,0,7,4
1874,2006/07/25,4,7,1,7
1875,2006/07/26,4,6,5,8
1876,2006/07/27,4,6,3,5
1877,2006/07/28,3,8,0,7
1878,2006/07/31,3,9,6,0
1879,2006/08/01,4,9,9,3
1880,2006/08/02,3,5,6,2
1881,2006/08/03,4,5,3,3
1882,2006/08/04,4,1,5,9
1883,2006/08/07,2,0,9,1
1884,2006/08/08,8,9,1,1
1885,2006/08/09,2,8,8,3
1886,2006/08/10,1,7,0,0
1887,2006/08/11,9,7,1,4
1888,2006/08/14,7,7,1,7
1889,2006/08/15,6,7,0,2
1890,2006/08/16,5,9,9,8
1891,2006/08/17,5,1,2,1
1892,2006/08/18,5,1,5,1
1893,2006/08/21,4,7,3,7
1894,2006/08/22,4,8,6,8
1895,2006/08/23,6,3,5,4
1896,2006/08/24,5,1,4,1
1897,2006/08/25,0,6,9,5
1898,2006/08/28,4,5,4,6
1899,2006/08/29,2,5,9,5
1900,2006/08/30,0,2,7,5
1901,2006/08/31,0,7,7,4
1902,2006/09/01,6,2,7,5
1903,2006/09/04,9,5,8,7
1904,2006/09/05,0,3,8,5
1905,2006/09/06,5,4,3,0
1906,2006/09/07,3,4,3,0
1907,2006/09/08,6,8,4,0
1908,2006/09/11,6,7,9,6
1909,2006/09/12,3,7,0,8
1910,2006/09/13,1,1,2,8
1911,2006/09/14,9,2,2,2
1912,2006/09/15,7,6,6,0
1913,2006/09/18,2,3,1,1
1914,2006/09/19,6,0,0,4
1915,2006/09/20,6,9,3,0
1916,2006/09/21,6,1,2,0
1917,2006/09/22,7,9,3,7
1918,2006/09/25,7,6,7,4
1919,2006/09/26,3,8,5,0
1920,2006/09/27,9,5,8,6
1921,2006/09/28,0,4,6,2
1922,2006/09/29,2,5,6,0
1923,2006/10/02,6,0,1,5
1924,2006/10/03,4,1,8,6
1925,2006/10/04,0,2,9,5
1926,2006/10/05,8,4,9,0
1927,2006/10/06,1,8,6,0
1928,2006/10/09,4,3,3,5
1929,2006/10/10,4,1,5,6
1930,2006/10/11,3,3,7,5
1931,2006/10/12,5,5,1,1
1932,2006/10/13,2,9,3,9
1933,2006/10/16,0,9,9,4
1934,2006/10/17,3,6,2,0
1935,2006/10/18,4,6,6,7
1936,2006/10/19,2,7,1,3
1937,2006/10/20,7,7,4,9
1938,2006/10/23,3,2,8,2
1939,2006/10/24,6,3,5,9
1940,2006/10/25,9,9,5,9
1941,2006/10/26,9,8,9,6
1942,2006/10/27,5,9,3,2
1943,2006/10/30,2,8,1,2
1944,2006/10/31,4,2,3,9
1945,2006/11/01,0,9,9,1
1946,2006/11/02,8,2,8,3
1947,2006/11/03,9,6,6,1
1948,2006/11/06,0,6,8,6
1949,2006/11/07,6,1,2,0
1950,2006/11/08,5,5,1,7
1951,2006/11/09,7,7,8,3
1952,2006/11/10,9,6,6,4
1953,2006/11/13,7,1,8,1
1954,2006/11/14,1,4,2,2
1955,2006/11/15,8,5,5,5
1956,2006/11/16,9,3,4,9
1957,2006/11/17,1,5,8,3
1958,2006/11/20,6,2,8,5
1959,2006/11/21,0,6,1,8
1960,2006/11/22,0,8,4,3
1961,2006/11/23,1,6,4,6
1962,2006/11/24,1,2,0,1
1963,2006/11/27,9,9,8,5
1964,2006/11/28,7,9,9,4
1965,2006/11/29,9,3,5,7
1966,2006/11/30,3,8,0,4
1967,2006/12/01,6,7,8,8
1968,2006/12/04,9,9,0,9
1969,2006/12/05,6,7,6,5
1970,2006/12/06,1,9,5,7
1971,2006/12/07,7,8,3,8
1972,2006/12/08,0,9,5,6
1973,2006/12/11,9,3,3,8
1974,2006/12/12,4,8,5,7
1975,2006/12/13,0,5,7,6
1976,2006/12/14,8,5,1,4
1977,2006/12/15,3,3,9,6
1978,2006/12/18,5,9,4,3
1979,2006/12/19,4,7,1,7
1980,2006/12/20,5,1,4,8
1981,2006/12/21,2,9,7,2
1982,2006/12/22,5,3,7,5
1983,2006/12/25,4,3,8,1
1984,2006/12/26,4,1,9,3
1985,2006/12/27,5,8,2,3
1986,2006/12/28,1,7,8,4
1987,2006/12/29,7,3,5,8
1988,2007/01/04,9,6,6,4
1989,2007/01/05,0,1,3,3
1990,2007/01/08,7,3,1,1
1991,2007/01/09,4,6,3,4
1992,2007/01/10,8,3,8,5
1993,2007/01/11,1,3,4,4
1994,2007/01/12,0,1,3,9
1995,2007/01/15,6,4,2,6
1996,2007/01/16,8,5,9,2
1997,2007/01/17,4,2,8,6
1998,2007/01/18,0,4,4,6
1999,2007/01/19,1,2,9,4
2000,2007/01/22,6,0,4,5
2001,2007/01/23,7,9,8,2
2002,2007/01/24,2,7,0,3
2003,2007/01/25,2,8,9,2
2004,2007/01/26,0,1,4,6
2005,2007/01/29,4,0,5,2
2006,2007/01/30,5,4,4,0
2007,2007/01/31,8,7,9,9
2008,2007/02/01,8,9,9,9
2009,2007/02/02,5,0,2,2
2010,2007/02/05,1,2,1,5
2011,2007/02/06,6,6,1,6
2012,2007/02/07,7,0,8,4
2013,2007/02/08,9,1,7,6
2014,2007/02/09,7,8,4,8
2015,2007/02/12,2,8,7,1
2016,2007/02/13,4,0,7,1
2017,2007/02/14,2,9,3,3
2018,2007/02/15,8,2,5,3
2019,2007/02/16,0,9,6,9
2020,2007/02/19,6,5,1,8
2021,2007/02/20,1,2,9,9
2022,2007/02/21,6,9,2,9
2023,2007/02/22,3,1,0,9
2024,2007/02/23,2,4,1,0
2025,2007/02/26,7,5,4,6
2026,2007/02/27,2,7,0,6
2027,2007/02/28,0,6,6,6
2028,2007/03/01,0,4,9,7
2029,2007/03/02,5,4,8,6
2030,2007/03/05,1,5,0,1
2031,2007/03/06,0,6,2,5
2032,2007/03/07,4,4,7,8
2033,2007/03/08,3,0,3,6
2034,2007/03/09,0,5,8,1
2035,2007/03/12,2,6,7,5
2036,2007/03/13,2,3,5,6
2037,2007/03/14,6,7,3,8
2038,2007/03/15,4,8,6,1
2039,2007/03/16,4,7,3,8
2040,2007/03/19,3,8,7,6
2041,2007/03/20,9,3,1,6
2042,2007/03/21,5,9,7,3
2043,2007/03/22,3,8,4,0
2044,2007/03/23,4,4,3,2
2045,2007/03/26,8,0,6,9
2046,2007/03/27,4,8,7,4
2047,2007/03/28,3,8,7,7
2048,2007/03/29,4,0,2,2
2049,2007/03/30,4,0,0,7
2050,2007/04/02,4,6,1,9
2051,2007/04/03,6,1,1,5
2052,2007/04/04,1,9,2,9
2053,2007/04/05,9,6,6,2
2054,2007/04/06,2,3,6,1
2055,2007/04/09,0,6,6,9
2056,2007/04/10,3,3,5,7
2057,2007/04/11,6,8,5,7
2058,2007/04/12,5,4,0,4
2059,2007/04/13,7,2,3,8
2060,2007/04/16,0,4,1,6
2061,2007/04/17,6,0,3,0
2062,2007/04/18,7,5,3,2
2063,2007/04/19,7,2,6,9
2064,2007/04/20,3,4,7,9
2065,2007/04/23,3,8,8,4
2066,2007/04/24,8,2,7,7
2067,2007/04/25,6,3,5,6
2068,2007/04/26,6,7,4,9
2069,2007/04/27,4,4,1,4
2070,2007/04/30,6,9,9,5
2071,2007/05/01,6,8,3,9
2072,2007/05/02,1,4,0,4
2073,2007/05/03,4,0,8,1
2074,2007/05/04,6,2,0,7
2075,2007/05/07,6,9,2,2
2076,2007/05/08,4,5,5,0
2077,2007/05/09,4,1,3,7
2078,2007/05/10,9,5,0,2
2079,2007/05/11,1,6,0,5
2080,2007/05/14,6,8,1,8
2081,2007/05/15,2,8,2,1
2082,2007/05/16,3,1,0,7
2083,2007/05/17,4,6,2,0
2084,2007/05/18,2,2,7,3
2085,2007/05/21,2,2,0,9
2086,2007/05/22,6,4,0,7
2087,2007/05/23,1,7,7,0
2088,2007/05/24,0,5,3,1
2089,2007/05/25,2,6,9,6
2090,2007/05/28,4,6,1,2
2091,2007/05/29,1,4,8,5
2092,2007/05/30,6,4,8,0
2093,2007/05/31,2,1,8,4
2094,2007/06/01,0,5,9,2
2095,2007/06/04,1,9,1,7
2096,2007/06/05,0,5,2,1
2097,2007/06/06,7,9,5,5
2098,2007/06/07,5,0,1,9
2099,2007/06/08,9,9,0,9
2100,2007/06/11,6,5,0,9
2101,2007/06/12,2,9,0,9
2102,2007/06/13,9,0,6,0
2103,2007/06/14,3,0,9,7
2104,2007/06/15,8,7,5,1
2105,2007/06/18,5,0,5,9
2106,2007/06/19,9,5,9,5
2107,2007/06/20,2,5,0,2
2108,2007/06/21,8,9,3,6
2109,2007/06/22,3,4,8,8
2110,2007/06/25,8,5,9,4
2111,2007/06/26,0,1,7,3
2112,2007/06/27,1,5,1,9
2113,2007/06/28,5,0,8,8
2114,2007/06/29,3,7,0,6
2115,2007/07/02,0,4,5,4
2116,2007/07/03,9,8,4,2
2117,2007/07/04,5,8,8,3
2118,2007/07/05,8,2,5,4
2119,2007/07/06,9,9,6,9
2120,2007/07/09,0,9,6,5
2121,2007/07/10,8,4,9,1
2122,2007/07/11,3,1,0,4
2123,2007/07/12,4,6,6,1
2124,2007/07/13,5,6,6,1
2125,2007/07/16,7,5,7,9
2126,2007/07/17,5,5,9,9
2127,2007/07/18,4,0,5,1
2128,2007/07/19,4,9,0,8
2129,2007/07/20,3,1,9,8
2130,2007/07/23,0,8,6,8
2131,2007/07/24,6,0,9,7
2132,2007/07/25,6,7,3,1
2133,2007/07/26,5,6,2,5
2134,2007/07/27,7,4,7,8
2135,2007/07/30,6,4,6,9
2136,2007/07/31,9,4,7,1
2137,2007/08/01,9,5,8,5
2138,2007/08/02,6,0,8,2
2139,2007/08/03,6,3,6,8
2140,2007/08/06,2,2,6,7
2141,2007/08/07,9,7,1,8
2142,2007/08/08,5,5,9,8
2143,2007/08/09,7,4,3,3
2144,2007/08/10,2,8,8,6
2145,2007/08/13,0,8,2,4
2146,2007/08/14,7,7,7,7
2147,2007/08/15,0,9,7,9
2148,2007/08/16,1,1,4,0
2149,2007/08/17,5,3,4,7
2150,2007/08/20,6,4,5,7
2151,2007/08/21,8,8,7,1
2152,2007/08/22,9,3,5,5
2153,2007/08/23,8,0,0,0
2154,2007/08/24,9,6,6,4
2155,2007/08/27,7,1,5,2
2156,2007/08/28,8,5,7,8
2157,2007/08/29,0,7,8,8
2158,2007/08/30,1,0,6,0
2159,2007/08/31,1,9,8,7
2160,2007/09/03,4,9,7,7
2161,2007/09/04,3,1,0,2
2162,2007/09/05,8,3,3,8
2163,2007/09/06,0,8,6,3
2164,2007/09/07,6,9,7,8
2165,2007/09/10,8,1,3,7
2166,2007/09/11,8,5,1,9
2167,2007/09/12,9,9,9,1
2168,2007/09/13,6,8,6,5
2169,2007/09/14,2,5,7,7
2170,2007/09/17,5,1,8,8
2171,2007/09/18,1,7,2,0
2172,2007/09/19,1,2,6,9
2173,2007/09/20,1,2,3,7
2174,2007/09/21,0,3,6,8
2175,2007/09/24,3,8,8,2
2176,2007/09/25,8,8,5,2
2177,2007/09/26,8,1,2,8
2178,2007/09/27,3,3,7,6
2179,2007/09/28,2,2,9,3
2180,2007/10/01,9,6,4,8
2181,2007/10/02,3,4,0,9
2182,2007/10/03,2,2,9,4
2183,2007/10/04,4,1,6,4
2184,2007/10/05,4,2,1,8
2185,2007/10/08,5,9,6,0
2186,2007/10/09,4,6,3,3
2187,2007/10/10,7,3,2,9
2188,2007/10/11,9,8,6,5
2189,2007/10/12,5,6,6,7
2190,2007/10/15,5,5,5,1
2191,2007/10/16,2,2,7,8
2192,2007/10/17,1,4,7,7
2193,2007/10/18,4,0,0,5
2194,2007/10/19,5,5,4,9
2195,2007/10/22,5,4,4,6
2196,2007/10/23,3,0,8,3
2197,2007/10/24,3,3,3,0
2198,2007/10/25,1,0,7,5
2199,2007/10/26,7,4,8,2
2200,2007/10/29,1,3,2,4
2201,2007/10/30,3,3,7,9
2202,2007/10/31,2,1,3,5
2203,2007/11/01,6,5,9,0
2204,2007/11/02,9,4,4,0
2205,2007/11/05,4,6,4,4
2206,2007/11/06,9,9,4,7
2207,2007/11/07,0,5,0,2
2208,2007/11/08,4,1,8,1
2209,2007/11/09,3,1,5,0
2210,2007/11/12,5,7,2,6
2211,2007/11/13,7,1,4,3
2212,2007/11/14,7,9,1,9
2213,2007/11/15,5,9,3,2
2214,2007/11/16,4,0,3,5
2215,2007/11/19,2,1,7,2
2216,2007/11/20,9,8,6,2
2217,2007/11/21,1,2,0,9
2218,2007/11/22,1,5,4,2
2219,2007/11/23,7,5,9,8
2220,2007/11/26,6,6,5,3
2221,2007/11/27,8,7,6,2
2222,2007/11/28,6,7,1,2
2223,2007/11/29,9,0,0,1
2224,2007/11/30,9,4,8,5
2225,2007/12/03,2,6,6,7
2226,2007/12/04,9,2,4,4
2227,2007/12/05,3,7,6,4
2228,2007/12/06,4,0,4,7
2229,2007/12/07,7,1,1,9
2230,2007/12/10,9,1,5,9
2231,2007/12/11,3,1,8,2
2232,2007/12/12,0,7,3,4
2233,2007/12/13,1,1,4,5
2234,2007/12/14,5,5,1,9
2235,2007/12/17,7,3,8,4
2236,2007/12/18,8,5,6,8
2237,2007/12/19,5,7,8,7
2238,2007/12/20,2,3,8,3
2239,2007/12/21,9,2,5,3
2240,2007/12/24,1,7,7,8
2241,2007/12/25,3,4,6,5
2242,2007/12/26,8,2,9,3
2243,2007/12/27,1,9,8,4
2244,2007/12/28,3,2,8,3
2245,2008/01/04,5,9,8,7
2246,2008/01/07,2,1,7,8
2247,2008/01/08,0,5,9,1
2248,2008/01/09,9,8,0,9
2249,2008/01/10,6,9,1,0
2250,2008/01/11,0,2,8,4
2251,2008/01/14,8,9,2,2
2252,2008/01/15,0,9,7,2
2253,2008/01/16,6,1,9,0
2254,2008/01/17,1,9,1,2
2255,2008/01/18,4,4,3,9
2256,2008/01/21,7,6,7,6
2257,2008/01/22,7,0,5,2
2258,2008/01/23,0,7,8,3
2259,2008/01/24,1,6,9,1
2260,2008/01/25,4,8,1,8
2261,2008/01/28,6,2,7,3
2262,2008/01/29,4,1,6,0
2263,2008/01/30,9,1,9,3
2264,2008/01/31,5,8,7,2
2265,2008/02/01,2,8,2,4
2266,2008/02/04,2,5,5,7
2267,2008/02/05,3,3,1,6
2268,2008/02/06,0,1,5,7
2269,2008/02/07,9,9,2,4
2270,2008/02/08,7,3,8,5
2271,2008/02/11,3,8,8,4
2272,2008/02/12,2,3,4,1
2273,2008/02/13,7,6,9,4
2274,2008/02/14,4,7,9,6
2275,2008/02/15,5,0,8,7
2276,2008/02/18,8,2,8,9
2277,2008/02/19,0,1,7,3
2278,2008/02/20,2,2,5,4
2279,2008/02/21,9,1,8,8
2280,2008/02/22,3,6,1,8
2281,2008/02/25,7,9,4,6
2282,2008/02/26,1,3,6,7
2283,2008/02/27,6,1,3,0
2284,2008/02/28,7,6,4,8
2285,2008/02/29,0,6,2,4
2286,2008/03/03,3,8,3,4
2287,2008/03/04,0,6,1,3
2288,2008/03/05,1,1,2,6
2289,2008/03/06,1,6,5,3
2290,2008/03/07,6,8,6,1
2291,2008/03/10,8,0,0,4
2292,2008/03/11,0,7,8,4
2293,2008/03/12,8,6,2,2
2294,2008/03/13,8,0,2,0
2295,2008/03/14,9,6,8,4
2296,2008/03/17,9,4,1,8
2297,2008/03/18,6,1,4,9
2298,2008/03/19,2,6,2,0
2299,2008/03/20,2,6,4,3
2300,2008/03/21,6,9,4,4
2301,2008/03/24,8,2,9,7
2302,2008/03/25,9,4,5,3
2303,2008/03/26,7,8,9,8
2304,2008/03/27,0,7,2,6
2305,2008/03/28,7,0,4,8
2306,2008/03/31,4,3,3,0
2307,2008/04/01,5,4,8,0
2308,2008/04/02,3,8,6,8
2309,2008/04/03,6,3,5,9
2310,2008/04/04,4,1,2,1
2311,2008/04/07,1,5,7,7
2312,2008/04/08,6,3,1,6
2313,2008/04/09,9,5,9,4
2314,2008/04/10,9,6,4,7
2315,2008/04/11,9,0,7,7
2316,2008/04/14,2,6,7,7
2317,2008/04/15,0,1,6,9
2318,2008/04/16,5,8,4,6
2319,2008/04/17,8,4,2,3
2320,2008/04/18,8,3,4,1
2321,2008/04/21,6,6,4,8
2322,2008/04/22,6,8,7,0
2323,2008/04/23,2,6,3,5
2324,2008/04/24,1,1,0,6
2325,2008/04/25,9,4,3,4
2326,2008/04/28,8,1,3,7
2327,2008/04/29,5,0,4,8
2328,2008/04/30,5,2,4,9
2329,2008/05/01,7,5,2,4
2330,2008/05/02,5,8,1,8
2331,2008/05/05,4,6,8,4
2332,2008/05/06,1,7,5,9
2333,2008/05/07,4,7,4,9
2334,2008/05/08,0,2,3,0
2335,2008/05/09,2,3,4,8
2336,2008/05/12,5,0,0,3
2337,2008/05/13,3,2,5,5
2338,2008/05/14,5,6,5,1
2339,2008/05/15,7,7,2,3
2340,2008/05/16,5,2,9,1
2341,2008/05/19,4,4,8,7
2342,2008/05/20,2,9,4,7
2343,2008/05/21,4,4,4,1
2344,2008/05/22,8,4,2,3
2345,2008/05/23,3,4,6,6
2346,2008/05/26,9,6,6,5
2347,2008/05/27,8,9,0,4
2348,2008/05/28,6,4,2,4
2349,2008/05/29,5,4,7,1
2350,2008/05/30,6,1,8,0
2351,2008/06/02,7,0,4,4
2352,2008/06/03,6,5,7,9
2353,2008/06/04,2,3,3,2
2354,2008/06/05,8,8,8,5
2355,2008/06/06,8,5,8,5
2356,2008/06/09,8,1,1,7
2357,2008/06/10,6,7,0,2
2358,2008/06/11,1,9,9,7
2359,2008/06/12,6,4,0,4
2360,2008/06/13,0,7,9,9
2361,2008/06/16,2,6,2,0
2362,2008/06/17,2,1,5,9
2363,2008/06/18,4,4,2,9
2364,2008/06/19,6,7,5,9
2365,2008/06/20,9,4,9,2
2366,2008/06/23,7,4,0,8
2367,2008/06/24,4,6,9,6
2368,2008/06/25,7,8,5,6
2369,2008/06/26,4,5,5,3
2370,2008/06/27,5,5,2,7
2371,2008/06/30,4,9,1,3
2372,2008/07/01,7,5,7,5
2373,2008/07/02,1,5,0,7
2374,2008/07/03,0,2,3,3
2375,2008/07/04,5,7,4,8
2376,2008/07/07,5,0,7,0
2377,2008/07/08,7,5,7,3
2378,2008/07/09,8,0,6,6
2379,2008/07/10,0,8,8,3
2380,2008/07/11,3,1,8,9
2381,2008/07/14,8,0,5,1
2382,2008/07/15,4,6,8,9
2383,2008/07/16,4,9,1,9
2384,2008/07/17,6,0,4,2
2385,2008/07/18,2,3,1,1
2386,2008/07/21,5,9,6,8
2387,2008/07/22,5,2,9,0
2388,2008/07/23,9,8,2,2
2389,2008/07/24,8,7,9,8
2390,2008/07/25,6,1,3,6
2391,2008/07/28,0,7,0,5
2392,2008/07/29,9,3,5,4
2393,2008/07/30,2,6,7,6
2394,2008/07/31,0,7,9,4
2395,2008/08/01,2,1,4,6
2396,2008/08/04,4,7,8,6
2397,2008/08/05,3,2,4,1
2398,2008/08/06,5,2,1,0
2399,2008/08/07,4,8,1,1
2400,2008/08/08,4,1,3,7
2401,2008/08/11,7,4,1,0
2402,2008/08/12,0,6,5,0
2403,2008/08/13,6,8,2,9
2404,2008/08/14,5,4,9,4
2405,2008/08/15,3,4,6,1
2406,2008/08/18,6,8,9,7
2407,2008/08/19,3,7,3,3
2408,2008/08/20,6,8,7,7
2409,2008/08/21,6,6,2,2
2410,2008/08/22,6,6,1,0
2411,2008/08/25,6,2,8,1
2412,2008/08/26,7,2,3,5
2413,2008/08/27,9,5,0,7
2414,2008/08/28,3,6,6,3
2415,2008/08/29,3,0,1,3
2416,2008/09/01,3,4,4,7
2417,2008/09/02,3,6,7,2
2418,2008/09/03,8,9,9,7
2419,2008/09/04,9,6,5,9
2420,2008/09/05,9,3,7,9
2421,2008/09/08,5,1,7,3
2422,2008/09/09,2,7,1,6
2423,2008/09/10,5,1,2,8
2424,2008/09/11,4,8,0,3
2425,2008/09/12,8,6,9,6
2426,2008/09/15,2,9,6,8
2427,2008/09/16,8,6,7,9
2428,2008/09/17,3,9,3,0
2429,2008/09/18,6,1,2,2
2430,2008/09/19,8,5,1,2
2431,2008/09/22,9,2,3,0
2432,2008/09/23,2,0,3,1
2433,2008/09/24,5,8,0,2
2434,2008/09/25,7,9,2,9
2435,2008/09/26,8,9,4,7
2436,2008/09/29,1,4,0,8
2437,2008/09/30,6,8,4,8
2438,2008/10/01,0,5,2,0
2439,2008/10/02,4,3,3,8
2440,2008/10/03,8,4,8,6
2441,2008/10/06,8,7,8,2
2442,2008/10/07,1,4,8,1
2443,2008/10/08,7,8,2,9
2444,2008/10/09,8,8,0,3
2445,2008/10/10,6,3,3,0
2446,2008/10/13,1,9,8,0
2447,2008/10/14,7,3,3,9
2448,2008/10/15,4,7,4,8
2449,2008/10/16,8,5,3,9
2450,2008/10/17,0,8,8,3
2451,2008/10/20,3,4,0,7
2452,2008/10/21,5,8,2,8
2453,2008/10/22,4,6,7,2
2454,2008/10/23,0,3,1,3
2455,2008/10/24,1,1,8,3
2456,2008/10/27,9,2,1,2
2457,2008/10/28,0,9,6,7
2458,2008/10/29,7,9,5,3
2459,2008/10/30,4,8,9,6
2460,2008/10/31,4,1,0,7
2461,2008/11/03,7,3,4,7
2462,2008/11/04,9,5,6,6
2463,2008/11/05,9,0,5,3
2464,2008/11/06,6,8,1,1
2465,2008/11/07,9,9,2,1
2466,2008/11/10,6,5,4,3
2467,2008/11/11,3,5,0,6
2468,2008/11/12,9,8,3,8
2469,2008/11/13,3,4,7,9
2470,2008/11/14,1,7,1,6
2471,2008/11/17,1,2,7,1
2472,2008/11/18,9,8,0,4
2473,2008/11/19,5,9,8,7
2474,2008/11/20,4,8,1,3
2475,2008/11/21,9,6,2,4
2476,2008/11/24,5,8,2,7
2477,2008/11/25,3,9,6,6
2478,2008/11/26,4,6,3,1
2479,2008/11/27,1,2,0,0
2480,2008/11/28,1,0,5,9
2481,2008/12/01,3,8,9,3
2482,2008/12/02,3,8,6,0
2483,2008/12/03,6,1,4,2
2484,2008/12/04,7,7,4,0
2485,2008/12/05,2,9,8,5
2486,2008/12/08,5,8,8,9
2487,2008/12/09,0,7,5,6
2488,2008/12/10,4,1,6,1
2489,2008/12/11,5,7,7,0
2490,2008/12/12,1,3,5,6
2491,2008/12/15,1,3,4,6
2492,2008/12/16,2,9,2,8
2493,2008/12/17,0,0,1,6
2494,2008/12/18,3,6,2,3
2495,2008/12/19,1,4,8,7
2496,2008/12/22,3,5,1,9
2497,2008/12/23,7,3,9,2
2498,2008/12/24,8,1,1,4
2499,2008/12/25,2,4,0,5
2500,2008/12/26,0,6,5,9
2501,2008/12/29,7,3,4,9
2502,2008/12/30,8,5,4,4
2503,2009/01/05,3,2,4,8
2504,2009/01/06,9,5,3,8
2505,2009/01/07,0,5,1,6
2506,2009/01/08,7,8,2,3
2507,2009/01/09,6,5,4,5
2508,2009/01/12,3,8,3,9
2509,2009/01/13,4,4,6,0
2510,2009/01/14,7,6,6,9
2511,2009/01/15,0,5,9,6
2512,2009/01/16,0,6,6,9
2513,2009/01/19,9,5,3,4
2514,2009/01/20,1,7,8,3
2515,2009/01/21,9,5,0,0
2516,2009/01/22,2,5,9,0
2517,2009/01/23,2,3,2,6
2518,2009/01/26,0,3,7,7
2519,2009/01/27,1,4,8,9
2520,2009/01/28,3,7,2,2
2521,2009/01/29,1,9,3,1
2522,2009/01/30,3,1,6,4
2523,2009/02/02,7,1,5,9
2524,2009/02/03,4,7,0,5
2525,2009/02/04,8,6,7,1
2526,2009/02/05,6,3,5,6
2527,2009/02/06,6,8,0,8
2528,2009/02/09,0,4,7,2
2529,2009/02/10,8,3,2,2
2530,2009/02/11,7,9,1,3
2531,2009/02/12,0,8,0,6
2532,2009/02/13,3,7,5,2
2533,2009/02/16,4,6,6,3
2534,2009/02/17,0,6,0,5
2535,2009/02/18,6,3,6,1
2536,2009/02/19,4,8,7,7
2537,2009/02/20,8,5,2,3
2538,2009/02/23,6,5,5,7
2539,2009/02/24,2,9,2,0
2540,2009/02/25,5,2,7,9
2541,2009/02/26,5,6,8,9
2542,2009/02/27,2,2,8,0
2543,2009/03/02,9,0,8,5
2544,2009/03/03,9,0,6,5
2545,2009/03/04,7,0,2,0
2546,2009/03/05,8,9,6,2
2547,2009/03/06,6,4,5,9
2548,2009/03/09,4,9,4,7
2549,2009/03/10,3,8,6,5
2550,2009/03/11,6,6,8,5
2551,2009/03/12,9,9,1,0
2552,2009/03/13,0,7,5,8
2553,2009/03/16,4,1,0,1
2554,2009/03/17,2,5,1,5
2555,2009/03/18,5,4,2,9
2556,2009/03/19,3,5,6,1
2557,2009/03/20,8,4,5,1
2558,2009/03/23,8,8,8,7
2559,2009/03/24,6,9,4,1
2560,2009/03/25,4,7,7,6
2561,2009/03/26,3,7,0,9
2562,2009/03/27,3,6,6,9
2563,2009/03/30,2,8,4,9
2564,2009/03/31,4,9,9,7
2565,2009/04/01,4,3,0,7
2566,2009/04/02,0,8,1,8
2567,2009/04/03,9,0,0,8
2568,2009/04/06,8,9,5,7
2569,2009/04/07,9,4,3,3
2570,2009/04/08,9,6,0,7
2571,2009/04/09,6,6,6,7
2572,2009/04/10,8,1,9,0
2573,2009/04/13,2,8,7,6
2574,2009/04/14,9,2,5,3
2575,2009/04/15,4,8,7,8
2576,2009/04/16,9,7,9,7
2577,2009/04/17,9,3,2,5
2578,2009/04/20,1,5,3,0
2579,2009/04/21,2,1,2,2
2580,2009/04/22,3,8,3,5
2581,2009/04/23,9,2,4,1
2582,2009/04/24,9,3,8,7
2583,2009/04/27,5,9,4,7
2584,2009/04/28,3,9,2,2
2585,2009/04/29,6,1,8,9
2586,2009/04/30,4,8,0,6
2587,2009/05/01,5,1,8,3
2588,2009/05/04,3,0,6,4
2589,2009/05/05,8,2,8,7
2590,2009/05/06,6,7,9,5
2591,2009/05/07,5,0,4,2
2592,2009/05/08,5,4,5,6
2593,2009/05/11,2,9,9,8
2594,2009/05/12,7,0,5,6
2595,2009/05/13,9,1,1,6
2596,2009/05/14,5,0,6,6
2597,2009/05/15,7,7,9,0
2598,2009/05/18,8,6,9,6
2599,2009/05/19,4,3,0,3
2600,2009/05/20,6,3,8,1
2601,2009/05/21,8,2,9,4
2602,2009/05/22,3,5,9,5
2603,2009/05/25,1,8,6,5
2604,2009/05/26,6,6,1,9
2605,2009/05/27,1,8,4,7
2606,2009/05/28,1,3,8,8
2607,2009/05/29,7,4,6,6
2608,2009/06/01,5,0,8,2
2609,2009/06/02,6,7,6,5
2610,2009/06/03,3,1,5,3
2611,2009/06/04,3,8,5,4
2612,2009/06/05,8,0,1,3
2613,2009/06/08,8,5,0,3
2614,2009/06/09,4,6,6,9
2615,2009/06/10,9,3,2,9
2616,2009/06/11,3,6,9,7
2617,2009/06/12,4,4,5,0
2618,2009/06/15,5,1,7,0
2619,2009/06/16,8,9,1,0
2620,2009/06/17,6,7,8,5
2621,2009/06/18,2,9,3,6
2622,2009/06/19,1,3,7,0
2623,2009/06/22,0,6,2,2
2624,2009/06/23,1,9,6,1
2625,2009/06/24,1,9,9,9
2626,2009/06/25,7,7,7,5
2627,2009/06/26,0,9,3,7
2628,2009/06/29,2,5,0,9
2629,2009/06/30,5,3,7,6
2630,2009/07/01,7,5,9,6
2631,2009/07/02,6,6,1,5
2632,2009/07/03,4,6,8,1
2633,2009/07/06,0,3,2,5
2634,2009/07/07,5,4,4,1
2635,2009/07/08,8,3,2,8
2636,2009/07/09,8,8,8,5
2637,2009/07/10,0,4,4,8
2638,2009/07/13,0,5,6,4
2639,2009/07/14,7,6,0,9
2640,2009/07/15,0,6,4,4
2641,2009/07/16,6,9,7,0
2642,2009/07/17,6,0,9,4
2643,2009/07/20,9,3,8,6
2644,2009/07/21,4,4,9,4
2645,2009/07/22,1,2,6,7
2646,2009/07/23,5,1,0,6
2647,2009/07/24,8,8,3,4
2648,2009/07/27,9,2,5,6
2649,2009/07/28,2,9,8,9
2650,2009/07/29,0,5,8,1
2651,2009/07/30,2,3,7,5
2652,2009/07/31,3,1,5,9
2653,2009/08/03,2,3,0,3
2654,2009/08/04,3,1,2,2
2655,2009/08/05,0,3,8,9
2656,2009/08/06,4,5,3,2
2657,2009/08/07,2,3,3,7
2658,2009/08/10,2,8,4,7
2659,2009/08/11,7,0,4,7
2660,2009/08/12,8,6,5,1
2661,2009/08/13,9,6,3,6
2662,2009/08/14,7,4,2,0
2663,2009/08/17,5,5,1,3
2664,2009/08/18,5,6,0,2
2665,2009/08/19,8,4,1,7
2666,2009/08/20,0,3,2,8
2667,2009/08/21,7,9,4,0
2668,2009/08/24,8,7,2,9
2669,2009/08/25,8,9,1,2
2670,2009/08/26,2,6,9,3
2671,2009/08/27,8,3,6,7
2672,2009/08/28,5,5,6,4
2673,2009/08/31,9,8,9,2
2674,2009/09/01,6,5,2,2
2675,2009/09/02,5,5,8,0
2676,2009/09/03,2,7,8,1
2677,2009/09/04,6,2,0,3
2678,2009/09/07,0,9,7,9
2679,2009/09/08,2,0,9,9
2680,2009/09/09,4,7,4,6
2681,2009/09/10,3,5,9,9
2682,2009/09/11,9,8,0,8
2683,2009/09/14,2,5,5,2
2684,2009/09/15,6,7,8,4
2685,2009/09/16,9,9,9,8
2686,2009/09/17,0,8,6,1
2687,2009/09/18,4,3,4,1
2688,2009/09/21,8,9,4,3
2689,2009/09/22,0,2,4,5
2690,2009/09/23,1,3,2,9
2691,2009/09/24,6,9,5,3
2692,2009/09/25,3,9,3,2
2693,2009/09/28,4,6,5,2
2694,2009/09/29,3,7,6,8
2695,2009/09/30,2,7,8,6
2696,2009/10/01,3,9,4,1
2697,2009/10/02,4,9,0,8
2698,2009/10/05,4,4,2,2
2699,2009/10/06,6,4,2,5
2700,2009/10/07,6,6,4,3
2701,2009/10/08,1,6,4,0
2702,2009/10/09,6,1,8,2
2703,2009/10/12,9,0,0,2
2704,2009/10/13,0,7,3,8
2705,2009/10/14,9,0,8,0
2706,2009/10/15,8,3,6,1
2707,2009/10/16,0,6,2,1
2708,2009/10/19,3,3,5,5
2709,2009/10/20,4,1,8,9
2710,2009/10/21,0,8,3,0
2711,2009/10/22,1,4,0,8
2712,2009/10/23,1,8,3,2
2713,2009/10/26,9,1,5,7
2714,2009/10/27,0,6,2,1
2715,2009/10/28,7,7,5,2
2716,2009/10/29,7,3,0,2
2717,2009/10/30,2,1,0,4
2718,2009/11/02,4,8,6,5
2719,2009/11/03,4,0,7,6
2720,2009/11/04,3,5,3,2
2721,2009/11/05,8,4,3,5
2722,2009/11/06,0,1,3,4
2723,2009/11/09,0,1,7,8
2724,2009/11/10,0,7,8,3
2725,2009/11/11,0,8,3,2
2726,2009/11/12,4,5,2,0
2727,2009/11/13,2,7,8,4
2728,2009/11/16,1,2,6,4
2729,2009/11/17,9,0,9,3
2730,2009/11/18,3,5,0,8
2731,2009/11/19,7,9,8,2
2732,2009/11/20,2,3,1,9
2733,2009/11/23,9,4,2,4
2734,2009/11/24,9,0,9,8
2735,2009/11/25,3,6,9,0
2736,2009/11/26,3,1,1,1
2737,2009/11/27,8,7,3,2
2738,2009/11/30,9,4,1,3
2739,2009/12/01,4,2,2,5
2740,2009/12/02,4,8,5,1
2741,2009/12/03,3,1,4,8
2742,2009/12/04,0,0,5,3
2743,2009/12/07,4,1,0,8
2744,2009/12/08,3,2,3,2
2745,2009/12/09,0,4,3,9
2746,2009/12/10,9,5,3,2
2747,2009/12/11,4,4,0,7
2748,2009/12/14,4,2,9,7
2749,2009/12/15,1,2,7,6
2750,2009/12/16,3,7,9,1
2751,2009/12/17,7,0,0,1
2752,2009/12/18,1,8,8,3
2753,2009/12/21,0,2,3,3
2754,2009/12/22,5,8,3,3
2755,2009/12/23,8,3,6,6
2756,2009/12/24,6,9,1,3
2757,2009/12/25,0,9,6,5
2758,2009/12/28,1,2,6,2
2759,2009/12/29,0,3,0,6
2760,2009/12/30,5,0,0,4
2761,2010/01/04,7,9,5,6
2762,2010/01/05,1,4,5,3
2763,2010/01/06,8,8,5,5
2764,2010/01/07,9,3,1,2
2765,2010/01/08,4,7,9,3
2766,2010/01/11,1,6,1,6
2767,2010/01/12,3,1,7,2
2768,2010/01/13,3,4,0,3
2769,2010/01/14,8,1,1,5
2770,2010/01/15,5,7,3,4
2771,2010/01/18,3,6,4,7
2772,2010/01/19,0,4,5,1
2773,2010/01/20,6,8,5,6
2774,2010/01/21,3,6,7,9
2775,2010/01/22,8,3,0,3
2776,2010/01/25,5,6,8,6
2777,2010/01/26,2,3,6,0
2778,2010/01/27,0,6,3,9
2779,2010/01/28,9,9,5,4
2780,2010/01/29,7,3,3,5
2781,2010/02/01,3,0,8,6
2782,2010/02/02,9,0,0,5
2783,2010/02/03,9,7,5,9
2784,2010/02/04,0,4,9,2
2785,2010/02/05,4,4,1,0
2786,2010/02/08,8,4,4,1
2787,2010/02/09,9,8,7,4
2788,2010/02/10,4,5,8,3
2789,2010/02/11,4,1,4,2
2790,2010/02/12,8,6,9,9
2791,2010/02/15,2,5,4,8
2792,2010/02/16,2,7,6,4
2793,2010/02/17,8,8,4,2
2794,2010/02/18,8,6,8,3
2795,2010/02/19,5,9,0,4
2796,2010/02/22,7,8,9,9
2797,2010/02/23,9,4,0,8
2798,2010/02/24,1,5,7,3
2799,2010/02/25,3,9,7,1
2800,2010/02/26,6,3,3,8
2801,2010/03/01,2,1,2,0
2802,2010/03/02,6,1,4,2
2803,2010/03/03,5,2,0,5
2804,2010/03/04,1,8,3,6
2805,2010/03/05,4,3,1,6
2806,2010/03/08,6,2,2,1
2807,2010/03/09,5,0,8,3
2808,2010/03/10,6,5,3,8
2809,2010/03/11,3,1,5,9
2810,2010/03/12,7,2,5,0
2811,2010/03/15,6,4,3,6
2812,2010/03/16,2,7,3,2
2813,2010/03/17,2,9,2,6
2814,2010/03/18,0,6,1,2
2815,2010/03/19,7,9,4,4
2816,2010/03/22,0,6,3,3
2817,2010/03/23,1,3,3,8
2818,2010/03/24,1,7,2,3
2819,2010/03/25,3,3,6,0
2820,2010/03/26,4,7,0,5
2821,2010/03/29,2,9,5,1
2822,2010/03/30,7,4,5,3
2823,2010/03/31,2,2,9,8
2824,2010/04/01,6,9,1,1
2825,2010/04/02,9,5,9,7
2826,2010/04/05,0,1,4,4
2827,2010/04/06,6,2,3,2
2828,2010/04/07,7,8,0,6
2829,2010/04/08,7,9,0,0
2830,2010/04/09,1,9,2,6
2831,2010/04/12,8,6,5,7
2832,2010/04/13,6,8,1,7
2833,2010/04/14,9,9,4,1
2834,2010/04/15,2,5,3,9
2835,2010/04/16,4,5,5,1
2836,2010/04/19,2,4,0,2
2837,2010/04/20,9,1,7,0
2838,2010/04/21,4,8,3,8
2839,2010/04/22,6,8,8,9
2840,2010/04/23,0,6,7,9
2841,2010/04/26,5,5,3,9
2842,2010/04/27,0,0,4,6
2843,2010/04/28,3,4,5,0
2844,2010/04/29,4,0,7,9
2845,2010/04/30,2,2,5,4
2846,2010/05/03,5,1,4,8
2847,2010/05/04,5,5,2,2
2848,2010/05/05,6,8,5,9
2849,2010/05/06,7,3,6,7
2850,2010/05/07,4,5,7,9
2851,2010/05/10,2,8,0,8
2852,2010/05/11,4,7,9,5
2853,2010/05/12,1,6,3,0
2854,2010/05/13,6,5,8,4
2855,2010/05/14,2,8,3,1
2856,2010/05/17,2,3,6,7
2857,2010/05/18,8,4,9,0
2858,2010/05/19,6,8,5,9
2859,2010/05/20,5,1,2,3
2860,2010/05/21,5,5,7,7
2861,2010/05/24,5,2,3,4
2862,2010/05/25,5,9,9,2
2863,2010/05/26,9,8,0,0
2864,2010/05/27,6,4,0,5
2865,2010/05/28,9,4,7,8
2866,2010/05/31,3,3,0,5
2867,2010/06/01,1,2,7,0
2868,2010/06/02,4,3,9,9
2869,2010/06/03,8,9,4,4
2870,2010/06/04,8,1,1,7
2871,2010/06/07,3,5,0,2
2872,2010/06/08,2,8,8,8
2873,2010/06/09,5,4,6,8
2874,2010/06/10,4,2,5,6
2875,2010/06/11,5,5,3,2
2876,2010/06/14,8,8,9,0
2877,2010/06/15,1,1,0,5
2878,2010/06/16,9,2,4,9
2879,2010/06/17,6,2,1,9
2880,2010/06/18,2,3,6,0
2881,2010/06/21,8,9,8,2
2882,2010/06/22,3,6,3,6
2883,2010/06/23,6,7,0,0
2884,2010/06/24,9,1,0,5
2885,2010/06/25,9,3,0,5
2886,2010/06/28,8,8,6,4
2887,2010/06/29,9,3,6,7
2888,2010/06/30,3,7,2,5
2889,2010/07/01,8,4,2,1
2890,2010/07/02,1,9,6,3
2891,2010/07/05,6,9,8,9
2892,2010/07/06,2,8,1,5
2893,2010/07/07,3,8,8,6
2894,2010/07/08,8,9,3,6
2895,2010/07/09,2,7,3,1
2896,2010/07/12,2,3,2,8
2897,2010/07/13,8,9,0,7
2898,2010/07/14,3,3,8,2
2899,2010/07/15,0,2,4,7
2900,2010/07/16,9,8,4,1
2901,2010/07/19,1,4,2,9
2902,2010/07/20,0,8,6,3
2903,2010/07/21,1,5,7,7
2904,2010/07/22,5,1,9,3
2905,2010/07/23,1,4,5,8
2906,2010/07/26,9,0,9,8
2907,2010/07/27,7,8,7,9
2908,2010/07/28,5,7,2,2
2909,2010/07/29,5,4,8,2
2910,2010/07/30,9,3,7,1
2911,2010/08/02,3,1,9,2
2912,2010/08/03,3,3,4,2
2913,2010/08/04,1,3,1,6
2914,2010/08/05,0,5,9,0
2915,2010/08/06,5,0,7,7
2916,2010/08/09,7,9,3,6
2917,2010/08/10,6,2,0,3
2918,2010/08/11,1,5,9,0
2919,2010/08/12,5,8,9,6
2920,2010/08/13,4,1,7,7
2921,2010/08/16,4,5,1,4
2922,2010/08/17,3,9,9,5
2923,2010/08/18,7,9,0,0
2924,2010/08/19,3,5,3,7
2925,2010/08/20,2,3,9,2
2926,2010/08/23,0,5,4,0
2927,2010/08/24,6,5,7,8
2928,2010/08/25,4,3,7,0
2929,2010/08/26,7,2,3,3
2930,2010/08/27,9,4,0,7
2931,2010/08/30,9,8,5,1
2932,2010/08/31,7,0,6,3
2933,2010/09/01,6,7,0,3
2934,2010/09/02,3,2,5,1
2935,2010/09/03,8,4,6,1
2936,2010/09/06,6,1,5,5
2937,2010/09/07,4,3,6,9
2938,2010/09/08,2,0,5,2
2939,2010/09/09,9,5,3,3
2940,2010/09/10,0,6,6,9
2941,2010/09/13,8,2,8,5
2942,2010/09/14,0,0,5,6
2943,2010/09/15,4,1,9,5
2944,2010/09/16,8,5,4,4
2945,2010/09/17,2,1,2,0
2946,2010/09/20,8,0,5,5
2947,2010/09/21,9,4,0,9
2948,2010/09/22,0,4,3,4
2949,2010/09/23,3,6,5,1
2950,2010/09/24,5,0,7,5
2951,2010/09/27,2,0,8,1
2952,2010/09/28,5,2,0,0
2953,2010/09/29,1,6,1,9
2954,2010/09/30,5,6,4,1
2955,2010/10/01,1,5,1,5
2956,2010/10/04,7,4,8,6
2957,2010/10/05,2,6,4,5
2958,2010/10/06,2,2,7,8
2959,2010/10/07,4,2,9,5
2960,2010/10/08,2,9,4,8
2961,2010/10/11,5,9,4,0
2962,2010/10/12,3,5,9,7
2963,2010/10/13,8,6,2,3
2964,2010/10/14,0,8,4,7
2965,2010/10/15,1,9,8,6
2966,2010/10/18,3,0,8,8
2967,2010/10/19,4,7,8,2
2968,2010/10/20,3,0,2,7
2969,2010/10/21,4,2,1,1
2970,2010/10/22,7,6,9,1
2971,2010/10/25,7,3,4,3
2972,2010/10/26,6,0,9,4
2973,2010/10/27,7,7,7,0
2974,2010/10/28,9,9,2,8
2975,2010/10/29,5,3,6,1
2976,2010/11/01,4,9,5,5
2977,2010/11/02,0,3,0,0
2978,2010/11/03,6,8,5,6
2979,2010/11/04,1,3,9,0
2980,2010/11/05,5,4,0,2
2981,2010/11/08,2,6,1,8
2982,2010/11/09,1,2,4,8
2983,2010/11/10,4,1,9,2
2984,2010/11/11,5,1,2,0
2985,2010/11/12,4,1,3,5
2986,2010/11/15,7,2,2,2
2987,2010/11/16,6,8,7,2
2988,2010/11/17,9,1,2,5
2989,2010/11/18,7,0,9,8
2990,2010/11/19,6,1,1,9
2991,2010/11/22,7,7,1,8
2992,2010/11/23,6,6,3,5
2993,2010/11/24,0,6,9,6
2994,2010/11/25,9,8,5,6
2995,2010/11/26,7,9,7,5
2996,2010/11/29,9,6,1,5
2997,2010/11/30,4,1,4,4
2998,2010/12/01,0,8,6,6
2999,2010/12/02,1,0,5,6
3000,2010/12/03,7,9,3,1
3001,2010/12/06,0,0,3,5
3002,2010/12/07,8,9,1,5
3003,2010/12/08,5,2,2,3
3004,2010/12/09,6,0,4,4
3005,2010/12/10,4,3,7,6
3006,2010/12/13,1,4,4,0
3007,2010/12/14,7,3,2,3
3008,2010/12/15,0,8,5,4
3009,2010/12/16,5,6,4,3
3010,2010/12/17,8,4,1,6
3011,2010/12/20,0,9,4,2
3012,2010/12/21,6,0,2,2
3013,2010/12/22,2,7,4,3
3014,2010/12/23,0,1,1,2
3015,2010/12/24,8,6,5,1
3016,2010/12/27,1,4,0,2
3017,2010/12/28,3,7,1,3
3018,2010/12/29,4,5,7,5
3019,2010/12/30,8,2,6,5
3020,2011/01/04,0,9,9,9
3021,2011/01/05,2,3,6,1
3022,2011/01/06,0,6,5,2
3023,2011/01/07,8,7,7,9
3024,2011/01/10,3,8,7,4
3025,2011/01/11,9,9,0,2
3026,2011/01/12,3,4,1,4
3027,2011/01/13,5,7,1,6
3028,2011/01/14,3,1,3,2
3029,2011/01/17,5,4,8,5
3030,2011/01/18,9,1,6,5
3031,2011/01/19,3,3,8,0
3032,2011/01/20,9,9,4,1
3033,2011/01/21,0,6,3,2
3034,2011/01/24,2,0,4,4
3035,2011/01/25,9,2,3,8
3036,2011/01/26,7,3,1,6
3037,2011/01/27,7,3,8,9
3038,2011/01/28,1,1,1,1
3039,2011/01/31,7,8,1,6
3040,2011/02/01,3,0,4,3
3041,2011/02/02,5,1,3,8
3042,2011/02/03,2,6,3,2
3043,2011/02/04,7,0,9,8
3044,2011/02/07,7,7,1,9
3045,2011/02/08,6,8,4,1
3046,2011/02/09,2,1,0,9
3047,2011/02/10,5,7,7,7
3048,2011/02/11,8,9,4,1
3049,2011/02/14,3,7,1,8
3050,2011/02/15,7,5,3,2
3051,2011/02/16,8,5,5,5
3052,2011/02/17,6,1,3,3
3053,2011/02/18,8,0,7,7
3054,2011/02/21,8,7,5,1
3055,2011/02/22,7,3,7,1
3056,2011/02/23,4,1,2,3
3057,2011/02/24,9,1,7,1
3058,2011/02/25,6,8,2,4
3059,2011/02/28,6,5,3,0
3060,2011/03/01,3,0,4,4
3061,2011/03/02,8,0,6,4
3062,2011/03/03,3,3,2,4
3063,2011/03/04,8,5,3,3
3064,2011/03/07,4,7,6,9
3065,2011/03/08,3,9,8,6
3066,2011/03/09,7,2,1,8
3067,2011/03/10,4,5,1,8
3068,2011/03/11,6,4,0,6
3069,2011/03/14,7,1,8,9
3070,2011/03/15,3,7,6,8
3071,2011/03/16,9,9,0,3
3072,2011/03/17,3,9,9,0
3073,2011/03/18,1,3,5,0
3074,2011/03/21,8,3,0,1
3075,2011/03/22,7,4,2,4
3076,2011/03/23,2,8,4,8
3077,2011/03/24,4,3,8,0
3078,2011/03/25,7,6,8,0
3079,2011/03/28,2,6,6,3
3080,2011/03/29,5,6,1,6
3081,2011/03/30,2,0,7,2
3082,2011/03/31,3,7,7,8
3083,2011/04/01,5,5,5,8
3084,2011/04/04,2,3,9,1
3085,2011/04/05,3,3,3,2
3086,2011/04/06,8,9,7,5
3087,2011/04/07,2,4,1,3
3088,2011/04/08,1,0,5,5
3089,2011/04/11,7,5,4,6
3090,2011/04/12,2,6,4,3
3091,2011/04/13,2,9,0,8
3092,2011/04/14,7,6,2,0
3093,2011/04/15,5,2,8,4
3094,2011/04/18,4,0,6,8
3095,2011/04/19,0,6,0,5
3096,2011/04/20,0,3,6,4
3097,2011/04/21,6,9,0,0
3098,2011/04/22,6,2,8,0
3099,2011/04/25,4,9,4,5
3100,2011/04/26,1,6,2,0
3101,2011/04/27,5,4,9,1
3102,2011/04/28,9,6,0,7
3103,2011/04/29,4,1,9,9
3104,2011/05/02,0,7,2,0
3105,2011/05/03,0,8,0,1
3106,2011/05/04,4,0,1,2
3107,2011/05/05,0,9,1,2
3108,2011/05/06,1,7,6,8
3109,2011/05/09,1,5,6,7
3110,2011/05/10,2,9,9,1
3111,2011/05/11,7,7,2,5
3112,2011/05/12,9,3,4,5
3113,2011/05/13,8,4,4,6
3114,2011/05/16,8,6,5,3
3115,2011/05/17,6,3,5,3
3116,2011/05/18,4,3,9,2
3117,2011/05/19,8,0,3,2
3118,2011/05/20,7,2,8,9
3119,2011/05/23,3,1,0,7
3120,2011/05/24,7,4,9,7
3121,2011/05/25,4,9,7,0
3122,2011/05/26,0,5,8,0
3123,2011/05/27,3,3,1,1
3124,2011/05/30,8,0,2,9
3125,2011/05/31,9,9,3,7
3126,2011/06/01,6,5,3,3
3127,2011/06/02,7,7,1,3
3128,2011/06/03,8,9,6,4
3129,2011/06/06,9,4,9,7
3130,2011/06/07,2,7,0,8
3131,2011/06/08,5,1,9,3
3132,2011/06/09,6,4,0,8
3133,2011/06/10,0,0,8,5
3134,2011/06/13,0,4,9,6
3135,2011/06/14,6,8,5,3
3136,2011/06/15,6,9,2,5
3137,2011/06/16,8,7,0,9
3138,2011/06/17,2,1,6,9
3139,2011/06/20,6,9,3,5
3140,2011/06/21,2,7,3,2
3141,2011/06/22,3,0,6,7
3142,2011/06/23,6,0,9,6
3143,2011/06/24,5,0,4,0
3144,2011/06/27,6,6,4,1
3145,2011/06/28,7,9,8,1
3146,2011/06/29,4,0,6,8
3147,2011/06/30,8,6,6,2
3148,2011/07/01,7,5,1,3
3149,2011/07/04,1,1,1,7
3150,2011/07/05,7,2,3,0
3151,2011/07/06,1,1,8,2
3152,2011/07/07,1,1,7,3
3153,2011/07/08,8,5,1,5
3154,2011/07/11,3,3,3,2
3155,2011/07/12,3,1,8,0
3156,2011/07/13,7,8,7,9
3157,2011/07/14,6,2,2,4
3158,2011/07/15,6,4,2,0
3159,2011/07/18,2,5,1,0
3160,2011/07/19,9,4,2,2
3161,2011/07/20,3,2,2,1
3162,2011/07/21,3,2,7,0
3163,2011/07/22,6,4,9,1
3164,2011/07/25,8,9,6,5
3165,2011/07/26,8,6,5,1
3166,2011/07/27,7,8,1,5
3167,2011/07/28,4,8,7,4
3168,2011/07/29,7,6,7,5
3169,2011/08/01,1,1,7,7
3170,2011/08/02,9,4,3,7
3171,2011/08/03,0,9,4,5
3172,2011/08/04,9,9,0,4
3173,2011/08/05,3,3,8,8
3174,2011/08/08,8,2,7,5
3175,2011/08/09,8,4,9,9
3176,2011/08/10,5,8,8,9
3177,2011/08/11,8,4,7,9
3178,2011/08/12,8,5,1,6
3179,2011/08/15,7,8,2,3
3180,2011/08/16,5,6,3,7
3181,2011/08/17,2,3,3,0
3182,2011/08/18,5,4,2,5
3183,2011/08/19,5,4,8,9
3184,2011/08/22,1,5,5,6
3185,2011/08/23,8,7,1,0
3186,2011/08/24,0,5,7,1
3187,2011/08/25,8,7,8,5
3188,2011/08/26,1,6,6,1
3189,2011/08/29,2,6,9,5
3190,2011/08/30,8,1,0,3
3191,2011/08/31,0,3,1,9
3192,2011/09/01,6,9,9,5
3193,2011/09/02,5,3,9,4
3194,2011/09/05,7,3,1,4
3195,2011/09/06,2,8,1,7
3196,2011/09/07,1,5,8,6
3197,2011/09/08,3,3,9,7
3198,2011/09/09,9,2,8,6
3199,2011/09/12,8,8,9,9
3200,2011/09/13,2,4,3,9
3201,2011/09/14,8,6,7,3
3202,2011/09/15,8,3,8,1
3203,2011/09/16,0,5,2,7
3204,2011/09/19,1,2,0,7
3205,2011/09/20,8,0,3,9
3206,2011/09/21,4,8,3,4
3207,2011/09/22,4,0,7,6
3208,2011/09/23,3,7,5,4
3209,2011/09/26,0,1,9,8
3210,2011/09/27,6,0,4,1
3211,2011/09/28,0,7,9,6
3212,2011/09/29,5,8,0,9
3213,2011/09/30,0,1,8,1
3214,2011/10/03,2,1,8,9
3215,2011/10/04,3,4,9,4
3216,2011/10/05,0,7,9,3
3217,2011/10/06,0,0,8,9
3218,2011/10/07,8,4,3,0
3219,2011/10/10,9,6,1,1
3220,2011/10/11,1,8,0,9
3221,2011/10/12,3,7,9,2
3222,2011/10/13,0,7,3,1
3223,2011/10/14,3,8,6,1
3224,2011/10/17,9,8,5,8
3225,2011/10/18,4,4,4,2
3226,2011/10/19,4,5,8,6
3227,2011/10/20,2,2,5,7
3228,2011/10/21,5,9,0,4
3229,2011/10/24,9,5,9,2
3230,2011/10/25,1,2,6,9
3231,2011/10/26,8,6,9,7
3232,2011/10/27,6,2,8,1
3233,2011/10/28,2,1,4,1
3234,2011/10/31,7,2,1,7
3235,2011/11/01,6,8,4,8
3236,2011/11/02,8,3,1,6
3237,2011/11/03,1,8,7,3
3238,2011/11/04,0,7,2,1
3239,2011/11/07,6,9,2,6
3240,2011/11/08,2,3,1,2
3241,2011/11/09,2,3,9,2
3242,2011/11/10,2,6,1,3
3243,2011/11/11,7,9,3,5
3244,2011/11/14,7,2,7,6
3245,2011/11/15,4,2,9,2
3246,2011/11/16,4,9,3,4
3247,2011/11/17,2,5,5,4
3248,2011/11/18,7,8,8,0
3249,2011/11/21,5,4,3,3
3250,2011/11/22,8,0,3,2
3251,2011/11/23,9,9,5,1
3252,2011/11/24,0,0,1,2
3253,2011/11/25,0,7,4,0
3254,2011/11/28,7,7,0,4
3255,2011/11/29,8,1,7,2
3256,2011/11/30,3,1,2,6
3257,2011/12/01,3,7,9,2
3258,2011/12/02,2,5,0,5
3259,2011/12/05,6,1,9,6
3260,2011/12/06,4,3,4,7
3261,2011/12/07,6,4,4,7
3262,2011/12/08,9,2,9,8
3263,2011/12/09,3,9,7,4
3264,2011/12/12,8,4,7,5
3265,2011/12/13,0,7,0,4
3266,2011/12/14,1,4,3,4
3267,2011/12/15,6,0,9,8
3268,2011/12/16,7,1,8,8
3269,2011/12/19,7,0,4,0
3270,2011/12/20,8,1,9,1
3271,2011/12/21,3,6,5,3
3272,2011/12/22,1,7,4,6
3273,2011/12/23,6,3,7,7
3274,2011/12/26,5,3,9,4
3275,2011/12/27,4,3,7,1
3276,2011/12/28,7,4,7,0
3277,2011/12/29,1,7,1,6
3278,2011/12/30,4,1,3,4
3279,2012/01/04,6,5,4,5
3280,2012/01/05,6,1,5,6
3281,2012/01/06,4,0,5,0
3282,2012/01/09,2,2,5,8
3283,2012/01/10,2,6,1,0
3284,2012/01/11,0,1,6,7
3285,2012/01/12,7,4,0,9
3286,2012/01/13,1,7,7,7
3287,2012/01/16,4,8,6,8
3288,2012/01/17,1,1,9,6
3289,2012/01/18,2,7,7,1
3290,2012/01/19,5,7,5,5
3291,2012/01/20,7,2,1,9
3292,2012/01/23,8,1,7,9
3293,2012/01/24,6,3,8,6
3294,2012/01/25,3,8,8,6
3295,2012/01/26,2,4,0,8
3296,2012/01/27,9,6,1,7
3297,2012/01/30,5,7,4,3
3298,2012/01/31,5,9,2,3
3299,2012/02/01,4,5,2,2
3300,2012/02/02,1,9,0,9
3301,2012/02/03,1,6,4,7
3302,2012/02/06,6,9,1,1
3303,2012/02/07,3,7,9,2
3304,2012/02/08,3,8,6,2
3305,2012/02/09,8,6,1,1
3306,2012/02/10,2,1,2,7
3307,2012/02/13,0,8,7,2
3308,2012/02/14,5,3,1,0
3309,2012/02/15,1,5,1,3
3310,2012/02/16,1,4,2,4
3311,2012/02/17,1,2,4,1
3312,2012/02/20,3,5,1,0
3313,2012/02/21,4,3,5,5
3314,2012/02/22,3,8,0,7
3315,2012/02/23,4,1,5,6
3316,2012/02/24,9,7,7,9
3317,2012/02/27,2,0,1,9
3318,2012/02/28,9,1,3,1
3319,2012/02/29,0,9,7,1
3320,2012/03/01,2,8,1,4
3321,2012/03/02,1,3,6,9
3322,2012/03/05,8,9,6,4
3323,2012/03/06,4,9,8,8
3324,2012/03/07,1,3,5,7
3325,2012/03/08,0,2,2,3
3326,2012/03/09,5,4,7,0
3327,2012/03/12,5,1,1,2
3328,2012/03/13,7,0,5,7
3329,2012/03/14,5,2,4,0
3330,2012/03/15,2,8,6,3
3331,2012/03/16,4,9,1,6
3332,2012/03/19,8,6,0,4
3333,2012/03/20,2,6,2,8
3334,2012/03/21,9,5,6,9
3335,2012/03/22,0,7,5,8
3336,2012/03/23,4,3,6,9
3337,2012/03/26,0,9,8,1
3338,2012/03/27,6,7,0,5
3339,2012/03/28,3,0,8,9
3340,2012/03/29,0,9,4,8
3341,2012/03/30,6,5,2,1
3342,2012/04/02,9,9,4,0
3343,2012/04/03,1,2,2,0
3344,2012/04/04,0,6,3,4
3345,2012/04/05,1,1,8,2
3346,2012/04/06,8,1,5,2
3347,2012/04/09,0,0,1,1
3348,2012/04/10,3,0,5,7
3349,2012/04/11,2,8,7,9
3350,2012/04/12,6,0,1,7
3351,2012/04/13,8,5,9,6
3352,2012/04/16,1,2,3,4
3353,2012/04/17,3,0,1,9
3354,2012/04/18,8,5,8,5
3355,2012/04/19,8,9,4,7
3356,2012/04/20,4,3,1,0
3357,2012/04/23,7,3,7,2
3358,2012/04/24,8,6,0,8
3359,2012/04/25,4,5,4,5
3360,2012/04/26,6,2,0,0
3361,2012/04/27,2,0,4,4
3362,2012/04/30,6,7,6,7
3363,2012/05/01,5,7,5,3
3364,2012/05/02,8,4,9,1
3365,2012/05/03,9,3,3,8
3366,2012/05/04,3,7,3,3
3367,2012/05/07,9,2,6,6
3368,2012/05/08,3,8,4,5
3369,2012/05/09,7,0,8,5
3370,2012/05/10,0,7,5,0
3371,2012/05/11,3,0,4,6
3372,2012/05/14,5,4,9,9
3373,2012/05/15,1,5,6,4
3374,2012/05/16,0,4,2,4
3375,2012/05/17,0,0,2,5
3376,2012/05/18,6,2,8,5
3377,2012/05/21,1,4,6,9
3378,2012/05/22,4,9,7,8
3379,2012/05/23,9,4,1,0
3380,2012/05/24,9,4,2,1
3381,2012/05/25,4,8,7,7
3382,2012/05/28,3,6,6,0
3383,2012/05/29,7,1,0,7
3384,2012/05/30,1,1,3,4
3385,2012/05/31,9,4,1,4
3386,2012/06/01,0,0,5,0
3387,2012/06/04,9,5,6,5
3388,2012/06/05,8,8,3,0
3389,2012/06/06,7,4,8,6
3390,2012/06/07,5,4,4,0
3391,2012/06/08,9,4,5,6
3392,2012/06/11,6,2,3,8
3393,2012/06/12,7,2,0,4
3394,2012/06/13,3,1,0,9
3395,2012/06/14,3,9,8,7
3396,2012/06/15,6,3,7,4
3397,2012/06/18,4,6,9,5
3398,2012/06/19,9,5,0,5
3399,2012/06/20,8,1,0,1
3400,2012/06/21,9,0,8,2
3401,2012/06/22,9,7,6,8
3402,2012/06/25,2,1,7,9
3403,2012/06/26,8,1,0,6
3404,2012/06/27,7,5,3,2
3405,2012/06/28,2,9,9,6
3406,2012/06/29,2,5,5,7
3407,2012/07/02,5,2,0,3
3408,2012/07/03,0,5,9,8
3409,2012/07/04,5,7,4,4
3410,2012/07/05,7,4,7,4
3411,2012/07/06,8,0,0,8
3412,2012/07/09,6,3,4,8
3413,2012/07/10,2,4,5,4
3414,2012/07/11,1,5,9,0
3415,2012/07/12,3,9,2,7
3416,2012/07/13,1,7,0,9
3417,2012/07/16,5,3,9,3
3418,2012/07/17,9,5,7,0
3419,2012/07/18,9,9,0,9
3420,2012/07/19,8,4,4,1
3421,2012/07/20,1,5,0,6
3422,2012/07/23,4,1,2,0
3423,2012/07/24,4,4,4,0
3424,2012/07/25,1,8,9,2
3425,2012/07/26,8,3,1,1
3426,2012/07/27,7,5,3,4
3427,2012/07/30,7,9,2,1
3428,2012/07/31,4,0,5,8
3429,2012/08/01,7,5,7,1
3430,2012/08/02,2,9,0,5
3431,2012/08/03,3,3,9,4
3432,2012/08/06,9,8,1,8
3433,2012/08/07,2,8,1,3
3434,2012/08/08,9,7,9,4
3435,2012/08/09,4,8,8,9
3436,2012/08/10,7,2,2,2
3437,2012/08/13,9,7,3,8
3438,2012/08/14,5,5,7,3
3439,2012/08/15,9,1,7,9
3440,2012/08/16,3,7,0,7
3441,2012/08/17,0,2,3,4
3442,2012/08/20,8,3,4,4
3443,2012/08/21,9,5,7,2
3444,2012/08/22,4,3,3,7
3445,2012/08/23,8,6,6,5
3446,2012/08/24,0,1,8,9
3447,2012/08/27,6,3,5,4
3448,2012/08/28,9,2,2,6
3449,2012/08/29,4,0,4,0
3450,2012/08/30,4,6,9,8
3451,2012/08/31,0,9,8,4
3452,2012/09/03,8,7,4,2
3453,2012/09/04,5,9,6,5
3454,2012/09/05,9,5,6,0
3455,2012/09/06,4,9,8,9
3456,2012/09/07,0,5,7,7
3457,2012/09/10,1,0,9,3
3458,2012/09/11,8,4,4,0
3459,2012/09/12,5,7,6,5
3460,2012/09/13,7,9,5,4
3461,2012/09/14,6,9,6,9
3462,2012/09/17,9,4,2,7
3463,2012/09/18,2,3,0,5
3464,2012/09/19,1,4,7,7
3465,2012/09/20,2,9,4,7
3466,2012/09/21,8,8,8,7
3467,2012/09/24,5,7,5,5
3468,2012/09/25,5,3,6,8
3469,2012/09/26,0,3,8,6
3470,2012/09/27,3,0,2,9
3471,2012/09/28,4,8,3,5
3472,2012/10/01,2,2,6,8
3473,2012/10/02,2,9,7,0
3474,2012/10/03,4,1,6,1
3475,2012/10/04,8,3,8,2
3476,2012/10/05,8,5,6,0
3477,2012/10/08,6,2,1,6
3478,2012/10/09,4,3,3,8
3479,2012/10/10,9,5,2,2
3480,2012/10/11,3,7,1,2
3481,2012/10/12,4,5,7,1
3482,2012/10/15,5,7,9,6
3483,2012/10/16,7,1,5,9
3484,2012/10/17,8,4,9,3
3485,2012/10/18,3,1,1,0
3486,2012/10/19,9,1,3,3
3487,2012/10/22,0,7,1,1
3488,2012/10/23,6,2,6,5
3489,2012/10/24,5,9,0,3
3490,2012/10/25,8,5,5,4
3491,2012/10/26,1,5,4,6
3492,2012/10/29,5,9,9,4
3493,2012/10/30,6,5,9,9
3494,2012/10/31,9,0,0,2
3495,2012/11/01,1,8,4,1
3496,2012/11/02,9,4,5,4
3497,2012/11/05,7,6,4,6
3498,2012/11/06,0,8,2,0
3499,2012/11/07,5,4,7,4
3500,2012/11/08,9,3,6,0
3501,2012/11/09,4,1,6,7
3502,2012/11/12,7,9,9,5
3503,2012/11/13,9,0,3,4
3504,2012/11/14,5,8,7,9
3505,2012/11/15,5,3,9,5
3506,2012/11/16,5,1,9,4
3507,2012/11/19,8,6,6,0
3508,2012/11/20,7,9,2,2
3509,2012/11/21,8,4,7,7
3510,2012/11/22,1,4,6,7
3511,2012/11/23,2,8,6,8
3512,2012/11/26,4,9,0,0
3513,2012/11/27,4,7,6,7
3514,2012/11/28,2,8,5,9
3515,2012/11/29,6,0,0,4
3516,2012/11/30,9,1,7,0
3517,2012/12/03,4,7,6,2
3518,2012/12/04,9,6,0,7
3519,2012/12/05,8,8,9,7
3520,2012/12/06,2,9,5,2
3521,2012/12/07,7,0,6,7
3522,2012/12/10,1,1,7,1
3523,2012/12/11,5,5,4,9
3524,2012/12/12,5,9,5,2
3525,2012/12/13,3,6,0,8
3526,2012/12/14,7,3,5,6
3527,2012/12/17,9,3,9,5
3528,2012/12/18,3,7,7,8
3529,2012/12/19,9,5,8,2
3530,2012/12/20,1,9,8,2
3531,2012/12/21,9,6,3,2
3532,2012/12/24,0,2,7,3
3533,2012/12/25,1,3,3,2
3534,2012/12/26,9,0,7,3
3535,2012/12/27,7,5,3,1
3536,2012/12/28,3,2,7,3
3537,2013/01/04,2,0,5,2
3538,2013/01/07,3,1,4,8
3539,2013/01/08,3,4,6,4
3540,2013/01/09,3,4,0,5
3541,2013/01/10,8,5,1,2
3542,2013/01/11,2,5,3,1
3543,2013/01/14,0,7,8,3
3544,2013/01/15,7,7,7,3
3545,2013/01/16,1,5,9,5
3546,2013/01/17,8,7,9,1
3547,2013/01/18,9,3,8,3
3548,2013/01/21,3,9,8,0
3549,2013/01/22,7,0,6,4
3550,2013/01/23,5,6,3,8
3551,2013/01/24,3,8,4,7
3552,2013/01/25,3,0,1,9
3553,2013/01/28,0,6,2,4
3554,2013/01/29,9,4,4,4
3555,2013/01/30,6,2,6,2
3556,2013/01/31,3,9,1,1
3557,2013/02/01,9,1,5,9
3558,2013/02/04,6,7,0,8
3559,2013/02/05,3,3,9,7
3560,2013/02/06,9,3,7,5
3561,2013/02/07,6,9,6,4
3562,2013/02/08,3,0,9,2
3563,2013/02/11,3,4,0,2
3564,2013/02/12,5,8,8,8
3565,2013/02/13,6,2,5,8
3566,2013/02/14,2,3,4,0
3567,2013/02/15,2,3,7,6
3568,2013/02/18,0,6,7,3
3569,2013/02/19,2,8,2,1
3570,2013/02/20,5,7,7,7
3571,2013/02/21,7,3,2,9
3572,2013/02/22,5,6,4,7
3573,2013/02/25,3,1,7,8
3574,2013/02/26,9,5,8,5
3575,2013/02/27,3,4,3,3
3576,2013/02/28,9,3,3,3
3577,2013/03/01,8,2,2,2
3578,2013/03/04,7,3,0,3
3579,2013/03/05,4,2,9,5
3580,2013/03/06,5,8,9,3
3581,2013/03/07,2,8,8,7
3582,2013/03/08,4,4,2,4
3583,2013/03/11,4,3,7,9
3584,2013/03/12,8,4,7,1
3585,2013/03/13,4,4,6,5
3586,2013/03/14,3,4,1,7
3587,2013/03/15,2,1,0,5
3588,2013/03/18,2,9,3,5
3589,2013/03/19,4,3,2,7
3590,2013/03/20,1,1,0,5
3591,2013/03/21,1,5,6,4
3592,2013/03/22,3,5,7,5
3593,2013/03/25,0,2,4,1
3594,2013/03/26,0,1,8,1
3595,2013/03/27,9,7,4,0
3596,2013/03/28,5,9,8,5
3597,2013/03/29,3,1,9,1
3598,2013/04/01,5,9,9,7
3599,2013/04/02,9,4,9,3
3600,2013/04/03,4,8,9,6
3601,2013/04/04,6,9,3,8
3602,2013/04/05,5,0,2,2
3603,2013/04/08,3,3,1,5
3604,2013/04/09,8,1,0,4
3605,2013/04/10,5,3,5,9
3606,2013/04/11,3,0,0,2
3607,2013/04/12,6,7,1,7
3608,2013/04/15,1,4,6,0
3609,2013/04/16,2,3,9,0
3610,2013/04/17,4,8,6,8
3611,2013/04/18,6,7,7,5
3612,2013/04/19,0,7,9,9
3613,2013/04/22,6,2,5,3
3614,2013/04/23,5,9,7,0
3615,2013/04/24,2,6,0,0
3616,2013/04/25,7,7,9,3
3617,2013/04/26,1,0,5,6
3618,2013/04/29,3,4,1,6
3619,2013/04/30,1,1,1,4
3620,2013/05/01,7,8,9,5
3621,2013/05/02,0,0,9,5
3622,2013/05/03,4,2,3,7
3623,2013/05/06,4,5,6,9
3624,2013/05/07,6,5,5,4
3625,2013/05/08,3,3,0,7
3626,2013/05/09,7,3,7,2
3627,2013/05/10,8,5,0,3
3628,2013/05/13,6,8,3,6
3629,2013/05/14,1,2,9,5
3630,2013/05/15,9,6,0,4
3631,2013/05/16,6,9,8,5
3632,2013/05/17,1,6,6,7
3633,2013/05/20,7,2,0,9
3634,2013/05/21,9,9,9,1
3635,2013/05/22,8,2,2,6
3636,2013/05/23,7,7,6,0
3637,2013/05/24,7,1,7,3
3638,2013/05/27,1,3,6,4
3639,2013/05/28,1,6,7,6
3640,2013/05/29,9,9,5,7
3641,2013/05/30,7,2,5,1
3642,2013/05/31,6,4,1,8
3643,2013/06/03,9,8,9,2
3644,2013/06/04,0,5,4,4
3645,2013/06/05,5,5,8,7
3646,2013/06/06,4,6,3,7
3647,2013/06/07,2,5,6,5
3648,2013/06/10,8,4,7,9
3649,2013/06/11,3,0,1,6
3650,2013/06/12,4,6,9,7
3651,2013/06/13,2,4,0,3
3652,2013/06/14,9,7,0,6
3653,2013/06/17,2,0,3,3
3654,2013/06/18,1,4,2,6
3655,2013/06/19,3,9,9,7
3656,2013/06/20,7,5,4,7
3657,2013/06/21,3,9,9,6
3658,2013/06/24,8,0,9,6
3659,2013/06/25,0,7,8,4
3660,2013/06/26,1,9,2,9
3661,2013/06/27,4,7,3,0
3662,2013/06/28,0,9,3,4
3663,2013/07/01,6,5,5,0
3664,2013/07/02,2,9,4,0
3665,2013/07/03,3,1,4,1
3666,2013/07/04,5,4,1,2
3667,2013/07/05,8,3,8,7
3668,2013/07/08,8,6,5,5
3669,2013/07/09,1,5,5,0
3670,2013/07/10,4,7,9,1
3671,2013/07/11,2,5,8,8
3672,2013/07/12,4,1,5,6
3673,2013/07/15,2,1,0,1
3674,2013/07/16,0,9,5,1
3675,2013/07/17,2,3,4,2
3676,2013/07/18,1,8,8,6
3677,2013/07/19,9,9,1,6
3678,2013/07/22,3,5,2,9
3679,2013/07/23,8,6,9,7
3680,2013/07/24,1,7,8,0
3681,2013/07/25,9,0,1,2
3682,2013/07/26,1,2,9,6
3683,2013/07/29,3,7,2,8
3684,2013/07/30,1,6,7,4
3685,2013/07/31,4,0,7,6
3686,2013/08/01,0,6,8,1
3687,2013/08/02,0,6,1,2
3688,2013/08/05,6,2,8,4
3689,2013/08/06,2,6,9,5
3690,2013/08/07,5,9,7,0
3691,2013/08/08,7,7,0,8
3692,2013/08/09,5,5,3,6
3693,2013/08/12,6,1,2,4
3694,2013/08/13,2,9,8,3
3695,2013/08/14,0,2,3,0
3696,2013/08/15,0,2,4,5
3697,2013/08/16,7,9,4,1
3698,2013/08/19,6,3,3,3
3699,2013/08/20,8,2,9,9
3700,2013/08/21,0,5,4,0
3701,2013/08/22,2,0,0,9
3702,2013/08/23,7,7,8,8
3703,2013/08/26,1,2,1,9
3704,2013/08/27,6,2,3,3
3705,2013/08/28,3,2,7,4
3706,2013/08/29,0,7,4,2
3707,2013/08/30,5,3,9,5
3708,2013/09/02,0,7,5,2
3709,2013/09/03,6,7,3,1
3710,2013/09/04,6,8,7,9
3711,2013/09/05,3,3,9,1
3712,2013/09/06,3,0,7,0
3713,2013/09/09,3,2,5,5
3714,2013/09/10,1,3,6,2
3715,2013/09/11,1,0,9,1
3716,2013/09/12,5,7,7,2
3717,2013/09/13,2,4,0,4
3718,2013/09/16,3,5,7,9
3719,2013/09/17,8,7,6,6
3720,2013/09/18,1,4,5,4
3721,2013/09/19,7,5,1,8
3722,2013/09/20,6,0,1,2
3723,2013/09/23,0,1,8,9
3724,2013/09/24,4,1,1,8
3725,2013/09/25,7,2,1,9
3726,2013/09/26,0,8,9,5
3727,2013/09/27,7,6,0,4
3728,2013/09/30,0,0,2,8
3729,2013/10/01,6,1,8,2
3730,2013/10/02,4,2,3,0
3731,2013/10/03,4,3,4,1
3732,2013/10/04,2,6,4,2
3733,2013/10/07,6,3,3,2
3734,2013/10/08,7,7,3,9
3735,2013/10/09,1,8,2,3
3736,2013/10/10,1,3,8,5
3737,2013/10/11,7,4,7,1
3738,2013/10/14,2,2,0,4
3739,2013/10/15,3,8,4,0
3740,2013/10/16,9,8,6,5
3741,2013/10/17,6,5,8,1
3742,2013/10/18,1,7,1,1
3743,2013/10/21,2,6,9,8
3744,2013/10/22,8,0,2,5
3745,2013/10/23,7,3,5,2
3746,2013/10/24,4,1,1,4
3747,2013/10/25,8,6,3,2
3748,2013/10/28,8,0,7,5
3749,2013/10/29,2,9,3,0
3750,2013/10/30,9,1,7,2
3751,2013/10/31,2,5,6,9
3752,2013/11/01,3,4,5,3
3753,2013/11/04,7,7,7,1
3754,2013/11/05,8,5,1,1
3755,2013/11/06,9,3,8,2
3756,2013/11/07,0,4,6,1
3757,2013/11/08,9,3,5,4
3758,2013/11/11,0,5,9,0
3759,2013/11/12,3,5,9,9
3760,2013/11/13,2,1,4,0
3761,2013/11/14,4,6,1,2
3762,2013/11/15,9,0,0,1
3763,2013/11/18,6,2,8,2
3764,2013/11/19,5,7,8,1
3765,2013/11/20,8,3,6,2
3766,2013/11/21,1,8,1,1
3767,2013/11/22,2,0,5,2
3768,2013/11/25,2,8,3,0
3769,2013/11/26,1,1,6,6
3770,2013/11/27,7,5,2,3
3771,2013/11/28,8,5,4,9
3772,2013/11/29,0,2,0,6
3773,2013/12/02,7,1,6,1
3774,2013/12/03,2,2,6,5
3775,2013/12/04,8,3,3,0
3776,2013/12/05,7,4,4,8
3777,2013/12/06,1,0,4,7
3778,2013/12/09,2,4,5,5
3779,2013/12/10,4,5,0,8
3780,2013/12/11,0,8,7,0
3781,2013/12/12,9,7,5,8
3782,2013/12/13,4,3,3,3
3783,2013/12/16,6,5,4,7
3784,2013/12/17,1,0,3,4
3785,2013/12/18,2,9,8,6
3786,2013/12/19,3,7,3,1
3787,2013/12/20,9,5,0,0
3788,2013/12/23,5,2,9,1
3789,2013/12/24,3,0,5,9
3790,2013/12/25,4,1,1,1
3791,2013/12/26,4,1,6,2
3792,2013/12/27,3,6,7,1
3793,2013/12/30,8,8,5,6
3794,2014/01/06,5,7,2,9
3795,2014/01/07,0,3,8,9
3796,2014/01/08,9,5,1,2
3797,2014/01/09,3,9,4,0
3798,2014/01/10,3,6,5,9
3799,2014/01/13,8,0,0,0
3800,2014/01/14,8,8,8,7
3801,2014/01/15,5,2,5,1
3802,2014/01/16,6,9,6,0
3803,2014/01/17,1,1,6,5
3804,2014/01/20,7,6,8,9
3805,2014/01/21,2,7,6,4
3806,2014/01/22,8,0,6,6
3807,2014/01/23,6,8,9,2
3808,2014/01/24,4,4,7,2
3809,2014/01/27,6,1,9,1
3810,2014/01/28,0,0,0,5
3811,2014/01/29,3,7,5,0
3812,2014/01/30,4,0,5,1
3813,2014/01/31,7,2,8,5
3814,2014/02/03,2,9,6,3
3815,2014/02/04,9,8,9,4
3816,2014/02/05,1,2,1,8
3817,2014/02/06,1,8,9,5
3818,2014/02/07,5,1,1,1
3819,2014/02/10,0,1,1,8
3820,2014/02/11,4,8,0,0
3821,2014/02/12,0,6,8,7
3822,2014/02/13,9,5,3,1
3823,2014/02/14,1,8,5,6
3824,2014/02/17,9,3,7,2
3825,2014/02/18,8,7,4,9
3826,2014/02/19,3,0,4,5
3827,2014/02/20,3,3,8,0
3828,2014/02/21,2,3,9,5
3829,2014/02/24,3,6,2,4
3830,2014/02/25,5,4,2,7
3831,2014/02/26,1,8,5,6
3832,2014/02/27,3,1,4,7
3833,2014/02/28,7,5,1,6
3834,2014/03/03,5,9,4,6
3835,2014/03/04,6,6,6,2
3836,2014/03/05,8,6,3,1
3837,2014/03/06,4,3,0,5
3838,2014/03/07,2,1,1,8
3839,2014/03/10,3,3,7,3
3840,2014/03/11,2,7,0,5
3841,2014/03/12,6,4,8,5
3842,2014/03/13,4,0,0,1
3843,2014/03/14,1,6,9,7
3844,2014/03/17,7,8,3,6
3845,2014/03/18,5,8,7,7
3846,2014/03/19,7,8,1,1
3847,2014/03/20,8,4,8,4
3848,2014/03/21,0,3,4,2
3849,2014/03/24,2,4,9,1
3850,2014/03/25,8,1,9,1
3851,2014/03/26,6,8,3,1
3852,2014/03/27,5,8,2,4
3853,2014/03/28,1,8,7,5
3854,2014/03/31,6,9,8,0
3855,2014/04/01,7,7,3,4
3856,2014/04/02,0,5,2,1
3857,2014/04/03,9,5,9,2
3858,2014/04/04,8,4,0,1
3859,2014/04/07,4,5,5,6
3860,2014/04/08,7,2,6,0
3861,2014/04/09,7,2,1,8
3862,2014/04/10,9,5,0,7
3863,2014/04/11,5,7,4,7
3864,2014/04/14,2,2,1,8
3865,2014/04/15,1,2,4,7
3866,2014/04/16,7,4,4,0
3867,2014/04/17,5,1,4,8
3868,2014/04/18,2,4,5,4
3869,2014/04/21,9,6,8,1
3870,2014/04/22,2,5,5,4
3871,2014/04/23,1,3,5,8
3872,2014/04/24,9,9,1,0
3873,2014/04/25,7,8,1,5
3874,2014/04/28,0,3,1,8
3875,2014/04/29,8,5,9,0
3876,2014/04/30,0,5,3,8
3877,2014/05/01,7,5,9,4
3878,2014/05/02,5,2,2,1
3879,2014/05/05,9,9,6,7
3880,2014/05/06,3,8,7,0
3881,2014/05/07,4,4,7,1
3882,2014/05/08,4,4,4,9
3883,2014/05/09,9,7,4,0
3884,2014/05/12,5,1,6,4
3885,2014/05/13,1,5,4,2
3886,2014/05/14,9,3,1,7
3887,2014/05/15,9,3,6,1
3888,2014/05/16,5,9,4,6
3889,2014/05/19,0,5,9,4
3890,2014/05/20,4,4,9,1
3891,2014/05/21,5,4,3,3
3892,2014/05/22,7,4,0,1
3893,2014/05/23,2,2,1,7
3894,2014/05/26,9,3,7,4
3895,2014/05/27,8,4,8,6
3896,2014/05/28,7,4,3,6
3897,2014/05/29,6,2,6,9
3898,2014/05/30,3,7,5,3
3899,2014/06/02,8,0,4,1
3900,2014/06/03,3,1,6,1
3901,2014/06/04,2,5,7,4
3902,2014/06/05,5,5,7,4
3903,2014/06/06,8,6,1,6
3904,2014/06/09,7,6,0,1
3905,2014/06/10,1,6,9,1
3906,2014/06/11,9,4,4,4
3907,2014/06/12,5,1,7,3
3908,2014/06/13,5,5,7,8
3909,2014/06/16,0,0,6,9
3910,2014/06/17,3,7,9,2
3911,2014/06/18,7,6,6,0
3912,2014/06/19,8,8,4,2
3913,2014/06/20,1,8,3,6
3914,2014/06/23,0,8,6,9
3915,2014/06/24,7,1,3,0
3916,2014/06/25,7,9,3,6
3917,2014/06/26,8,6,3,6
3918,2014/06/27,0,3,1,3
3919,2014/06/30,6,0,4,1
3920,2014/07/01,4,0,3,9
3921,2014/07/02,3,8,9,2
3922,2014/07/03,7,3,2,1
3923,2014/07/04,5,9,8,7
3924,2014/07/07,7,4,3,8
3925,2014/07/08,5,5,1,7
3926,2014/07/09,8,6,0,5
3927,2014/07/10,9,2,1,9
3928,2014/07/11,3,5,0,9
3929,2014/07/14,4,7,8,6
3930,2014/07/15,6,9,3,3
3931,2014/07/16,3,8,1,8
3932,2014/07/17,2,0,6,8
3933,2014/07/18,7,5,1,5
3934,2014/07/21,7,3,0,6
3935,2014/07/22,3,8,1,1
3936,2014/07/23,4,2,9,3
3937,2014/07/24,7,6,8,4
3938,2014/07/25,6,8,5,9
3939,2014/07/28,7,0,7,8
3940,2014/07/29,6,1,9,2
3941,2014/07/30,0,5,9,3
3942,2014/07/31,2,1,8,2
3943,2014/08/01,4,9,9,1
3944,2014/08/04,5,1,0,9
3945,2014/08/05,6,9,1,9
3946,2014/08/06,0,3,5,4
3947,2014/08/07,6,5,7,9
3948,2014/08/08,1,4,5,5
3949,2014/08/11,1,2,5,1
3950,2014/08/12,8,4,2,5
3951,2014/08/13,0,5,2,9
3952,2014/08/14,6,2,0,5
3953,2014/08/15,3,7,2,3
3954,2014/08/18,0,1,0,3
3955,2014/08/19,3,7,2,9
3956,2014/08/20,2,6,0,2
3957,2014/08/21,5,5,9,5
3958,2014/08/22,5,6,6,8
3959,2014/08/25,8,3,6,0
3960,2014/08/26,0,3,0,7
3961,2014/08/27,9,8,9,7
3962,2014/08/28,0,2,9,6
3963,2014/08/29,0,5,8,1
3964,2014/09/01,2,3,3,0
3965,2014/09/02,7,7,4,8
3966,2014/09/03,8,5,4,7
3967,2014/09/04,6,1,2,2
3968,2014/09/05,7,3,2,7
3969,2014/09/08,3,1,6,1
3970,2014/09/09,4,8,8,6
3971,2014/09/10,2,0,2,6
3972,2014/09/11,5,1,4,6
3973,2014/09/12,3,0,4,5
3974,2014/09/15,9,3,2,2
3975,2014/09/16,1,7,4,8
3976,2014/09/17,0,1,0,1
3977,2014/09/18,8,1,0,2
3978,2014/09/19,7,4,0,9
3979,2014/09/22,0,1,1,3
3980,2014/09/23,0,4,0,2
3981,2014/09/24,8,7,9,3
3982,2014/09/25,6,9,5,0
3983,2014/09/26,6,9,8,3
3984,2014/09/29,5,1,6,6
3985,2014/09/30,7,5,4,9
3986,2014/10/01,4,7,2,9
3987,2014/10/02,9,9,6,2
3988,2014/10/03,4,2,6,4
3989,2014/10/06,1,4,8,2
3990,2014/10/07,9,9,4,8
3991,2014/10/08,7,1,8,8
3992,2014/10/09,4,8,9,1
3993,2014/10/10,7,6,1,5
3994,2014/10/13,2,6,0,4
3995,2014/10/14,5,1,6,3
3996,2014/10/15,3,5,4,9
3997,2014/10/16,5,0,5,1
3998,2014/10/17,0,1,3,4
3999,2014/10/20,1,0,1,8
4000,2014/10/21,0,7,9,3
4001,2014/10/22,3,9,1,5
4002,2014/10/23,4,7,8,4
4003,2014/10/24,1,5,4,2
4004,2014/10/27,7,3,8,3
4005,2014/10/28,9,2,0,9
4006,2014/10/29,4,3,4,4
4007,2014/10/30,9,1,2,4
4008,2014/10/31,0,6,2,1
4009,2014/11/03,7,8,9,3
4010,2014/11/04,7,4,5,7
4011,2014/11/05,4,8,5,1
4012,2014/11/06,9,7,3,9
4013,2014/11/07,6,5,8,4
4014,2014/11/10,3,7,2,2
4015,2014/11/11,8,5,9,8
4016,2014/11/12,7,7,8,0
4017,2014/11/13,6,3,2,6
4018,2014/11/14,1,7,8,4
4019,2014/11/17,0,2,8,6
4020,2014/11/18,8,7,0,4
4021,2014/11/19,3,0,8,7
4022,2014/11/20,1,9,7,6
4023,2014/11/21,7,8,0,7
4024,2014/11/24,7,7,2,8
4025,2014/11/25,0,0,0,6
4026,2014/11/26,4,4,9,8
4027,2014/11/27,7,3,8,1
4028,2014/11/28,6,7,9,9
4029,2014/12/01,8,9,5,4
4030,2014/12/02,9,4,5,0
4031,2014/12/03,6,3,9,2
4032,2014/12/04,7,8,4,2
4033,2014/12/05,2,8,8,4
4034,2014/12/08,3,3,4,2
4035,2014/12/09,9,6,1,4
4036,2014/12/10,8,1,8,6
4037,2014/12/11,1,1,7,1
4038,2014/12/12,5,5,3,3
4039,2014/12/15,4,3,6,8
4040,2014/12/16,9,8,4,0
4041,2014/12/17,1,8,9,6
4042,2014/12/18,1,7,1,3
4043,2014/12/19,5,6,8,6
4044,2014/12/22,3,3,0,5
4045,2014/12/23,4,6,2,1
4046,2014/12/24,4,5,9,6
4047,2014/12/25,6,1,2,0
4048,2014/12/26,3,2,8,1
4049,2014/12/29,8,4,2,4
4050,2014/12/30,8,6,8,4
4051,2015/01/05,0,7,8,2
4052,2015/01/06,4,9,3,1
4053,2015/01/07,3,0,5,8
4054,2015/01/08,9,9,4,6
4055,2015/01/09,4,3,3,7
4056,2015/01/12,2,0,6,9
4057,2015/01/13,5,1,1,3
4058,2015/01/14,1,2,8,4
4059,2015/01/15,5,8,1,0
4060,2015/01/16,2,1,4,2
4061,2015/01/19,1,9,1,8
4062,2015/01/20,1,8,4,1
4063,2015/01/21,0,9,0,9
4064,2015/01/22,7,8,0,2
4065,2015/01/23,3,4,9,6
4066,2015/01/26,9,3,5,3
4067,2015/01/27,7,1,7,6
4068,2015/01/28,3,4,0,4
4069,2015/01/29,2,8,0,7
4070,2015/01/30,1,6,6,6
4071,2015/02/02,7,9,4,1
4072,2015/02/03,9,9,3,5
4073,2015/02/04,7,2,8,1
4074,2015/02/05,7,0,2,8
4075,2015/02/06,4,2,2,8
4076,2015/02/09,1,4,7,0
4077,2015/02/10,8,3,1,2
4078,2015/02/11,2,8,0,5
4079,2015/02/12,6,7,3,6
4080,2015/02/13,5,1,4,2
4081,2015/02/16,5,0,9,6
4082,2015/02/17,9,0,4,8
4083,2015/02/18,7,7,3,9
4084,2015/02/19,7,1,1,2
4085,2015/02/20,2,8,2,7
4086,2015/02/23,2,4,5,7
4087,2015/02/24,6,4,0,5
4088,2015/02/25,5,1,8,0
4089,2015/02/26,3,5,1,6
4090,2015/02/27,9,5,2,4
4091,2015/03/02,1,0,9,6
4092,2015/03/03,2,6,5,4
4093,2015/03/04,0,5,1,9
4094,2015/03/05,2,1,6,6
4095,2015/03/06,3,5,3,9
4096,2015/03/09,8,5,7,3
4097,2015/03/10,1,1,9,1
4098,2015/03/11,9,8,4,6
4099,2015/03/12,2,3,7,0
4100,2015/03/13,7,0,7,8
4101,2015/03/16,9,1,5,4
4102,2015/03/17,3,5,3,3
4103,2015/03/18,6,4,5,9
4104,2015/03/19,2,4,6,9
4105,2015/03/20,7,2,0,3
4106,2015/03/23,2,3,7,1
4107,2015/03/24,9,0,0,7
4108,2015/03/25,0,1,7,5
4109,2015/03/26,8,8,7,6
4110,2015/03/27,0,5,4,2
4111,2015/03/30,6,7,7,6
4112,2015/03/31,1,7,7,0
4113,2015/04/01,6,2,2,3
4114,2015/04/02,5,0,4,6
4115,2015/04/03,9,3,8,7
4116,2015/04/06,9,8,4,0
4117,2015/04/07,6,0,0,8
4118,2015/04/08,2,1,9,6
4119,2015/04/09,5,7,0,8
4120,2015/04/10,6,7,3,9
4121,2015/04/13,8,6,2,0
4122,2015/04/14,6,9,9,0
4123,2015/04/15,2,5,8,4
4124,2015/04/16,6,7,7,9
4125,2015/04/17,8,0,9,9
4126,2015/04/20,9,3,1,4
4127,2015/04/21,4,7,8,8
4128,2015/04/22,2,8,6,4
4129,2015/04/23,0,5,6,3
4130,2015/04/24,1,8,8,4
4131,2015/04/27,3,7,9,5
4132,2015/04/28,6,2,2,0
4133,2015/04/29,1,1,6,6
4134,2015/04/30,8,4,7,4
4135,2015/05/01,2,7,9,4
4136,2015/05/04,6,6,3,7
4137,2015/05/05,3,9,5,3
4138,2015/05/06,0,0,0,9
4139,2015/05/07,6,7,5,8
4140,2015/05/08,3,2,1,5
4141,2015/05/11,8,6,1,5
4142,2015/05/12,8,6,5,7
4143,2015/05/13,3,3,4,9
4144,2015/05/14,3,9,9,3
4145,2015/05/15,2,2,2,2
4146,2015/05/18,9,7,7,8
4147,2015/05/19,9,9,0,4
4148,2015/05/20,5,8,6,4
4149,2015/05/21,6,9,5,0
4150,2015/05/22,6,2,3,1
4151,2015/05/25,7,9,0,1
4152,2015/05/26,6,9,1,0
4153,2015/05/27,6,5,6,9
4154,2015/05/28,6,5,3,0
4155,2015/05/29,8,4,9,2
4156,2015/06/01,6,6,3,7
4157,2015/06/02,6,3,5,9
4158,2015/06/03,2,1,4,1
4159,2015/06/04,7,8,0,9
4160,2015/06/05,3,0,9,6
4161,2015/06/08,8,7,7,9
4162,2015/06/09,6,7,7,0
4163,2015/06/10,7,1,4,5
4164,2015/06/11,7,8,1,9
4165,2015/06/12,0,3,3,5
4166,2015/06/15,7,4,3,3
4167,2015/06/16,6,8,9,8
4168,2015/06/17,4,0,2,3
4169,2015/06/18,9,1,7,7
4170,2015/06/19,6,4,2,6
4171,2015/06/22,1,9,9,0
4172,2015/06/23,8,2,5,6
4173,2015/06/24,2,8,7,0
4174,2015/06/25,7,9,9,3
4175,2015/06/26,4,9,1,4
4176,2015/06/29,3,1,0,4
4177,2015/06/30,3,0,5,8
4178,2015/07/01,8,3,9,0
4179,2015/07/02,7,9,6,5
4180,2015/07/03,6,1,0,0
4181,2015/07/06,1,5,6,8
4182,2015/07/07,1,6,9,0
4183,2015/07/08,9,4,6,1
4184,2015/07/09,1,5,6,4
4185,2015/07/10,5,4,5,3
4186,2015/07/13,5,7,0,2
4187,2015/07/14,6,8,3,4
4188,2015/07/15,5,3,4,1
4189,2015/07/16,4,1,0,5
4190,2015/07/17,7,1,2,4
4191,2015/07/20,0,9,6,3
4192,2015/07/21,6,7,6,5
4193,2015/07/22,2,6,9,9
4194,2015/07/23,8,1,4,5
4195,2015/07/24,2,3,8,4
4196,2015/07/27,0,5,5,5
4197,2015/07/28,2,9,2,2
4198,2015/07/29,5,2,3,5
4199,2015/07/30,8,0,6,3
4200,2015/07/31,7,4,6,9
4201,2015/08/03,4,4,6,8
4202,2015/08/04,9,9,6,0
4203,2015/08/05,9,7,9,2
4204,2015/08/06,9,0,8,9
4205,2015/08/07,0,0,7,5
4206,2015/08/10,3,4,7,2
4207,2015/08/11,0,5,5,3
4208,2015/08/12,0,0,2,9
4209,2015/08/13,5,8,7,2
4210,2015/08/14,8,7,7,1
4211,2015/08/17,6,3,8,3
4212,2015/08/18,9,8,7,8
4213,2015/08/19,2,9,5,6
4214,2015/08/20,9,2,5,9
4215,2015/08/21,9,3,8,6
4216,2015/08/24,5,9,2,0
4217,2015/08/25,1,3,1,8
4218,2015/08/26,7,4,2,6
4219,2015/08/27,6,6,7,7
4220,2015/08/28,3,3,6,4
4221,2015/08/31,8,3,9,9
4222,2015/09/01,8,3,7,7
4223,2015/09/02,7,8,5,9
4224,2015/09/03,5,0,3,7
4225,2015/09/04,1,7,5,7
4226,2015/09/07,5,7,3,3
4227,2015/09/08,3,9,3,0
4228,2015/09/09,4,5,5,4
4229,2015/09/10,6,4,2,5
4230,2015/09/11,5,1,0,9
4231,2015/09/14,6,2,5,5
4232,2015/09/15,3,5,4,5
4233,2015/09/16,6,2,8,4
4234,2015/09/17,7,1,6,6
4235,2015/09/18,8,2,2,5
4236,2015/09/21,5,5,4,0
4237,2015/09/22,0,5,9,7
4238,2015/09/23,6,2,3,1
4239,2015/09/24,5,1,8,7
4240,2015/09/25,6,0,1,3
4241,2015/09/28,3,3,1,8
4242,2015/09/29,0,6,6,1
4243,2015/09/30,4,0,9,9
4244,2015/10/01,5,4,4,2
4245,2015/10/02,4,0,5,6
4246,2015/10/05,4,3,5,5
4247,2015/10/06,4,1,0,9
4248,2015/10/07,5,6,6,0
4249,2015/10/08,1,8,1,5
4250,2015/10/09,3,8,4,7
4251,2015/10/12,4,0,6,5
4252,2015/10/13,7,8,6,5
4253,2015/10/14,2,2,9,8
4254,2015/10/15,9,0,7,4
4255,2015/10/16,3,2,0,9
4256,2015/10/19,0,9,8,9
4257,2015/10/20,9,4,3,7
4258,2015/10/21,1,5,5,0
4259,2015/10/22,4,7,5,0
4260,2015/10/23,2,6,0,3
4261,2015/10/26,9,0,3,0
4262,2015/10/27,8,8,8,0
4263,2015/10/28,1,7,3,1
4264,2015/10/29,3,4,3,3
4265,2015/10/30,9,0,4,3
4266,2015/11/02,0,4,1,6
4267,2015/11/03,7,7,0,6
4268,2015/11/04,8,7,4,1
4269,2015/11/05,4,1,2,1
4270,2015/11/06,3,7,4,8
4271,2015/11/09,7,5,2,2
4272,2015/11/10,1,7,0,2
4273,2015/11/11,9,3,9,5
4274,2015/11/12,2,8,1,9
4275,2015/11/13,8,0,0,0
4276,2015/11/16,2,9,5,3
4277,2015/11/17,3,4,4,9
4278,2015/11/18,6,7,4,3
4279,2015/11/19,3,9,1,9
4280,2015/11/20,8,6,2,0
4281,2015/11/23,5,2,3,1
4282,2015/11/24,9,6,3,1
4283,2015/11/25,0,8,8,7
4284,2015/11/26,9,6,0,3
4285,2015/11/27,3,6,1,9
4286,2015/11/30,1,4,1,7
4287,2015/12/01,1,0,1,8
4288,2015/12/02,6,1,7,0
4289,2015/12/03,1,0,6,3
4290,2015/12/04,2,1,1,8
4291,2015/12/07,1,8,0,9
4292,2015/12/08,1,3,7,0
4293,2015/12/09,2,7,2,7
4294,2015/12/10,1,2,6,3
4295,2015/12/11,7,8,9,9
4296,2015/12/14,7,4,0,9
4297,2015/12/15,8,9,3,7
4298,2015/12/16,4,0,7,8
4299,2015/12/17,5,8,6,6
4300,2015/12/18,2,9,0,1
4301,2015/12/21,5,3,0,6
4302,2015/12/22,7,3,7,6
4303,2015/12/23,5,1,3,2
4304,2015/12/24,4,6,9,0
4305,2015/12/25,6,7,9,0
4306,2015/12/28,4,4,6,8
4307,2015/12/29,8,3,5,4
4308,2015/12/30,5,4,9,6
4309,2016/01/04,6,7,7,8
4310,2016/01/05,5,4,5,6
4311,2016/01/06,3,6,1,9
4312,2016/01/07,5,8,6,5
4313,2016/01/08,6,1,8,6
4314,2016/01/11,5,6,2,1
4315,2016/01/12,2,2,2,7
4316,2016/01/13,2,9,5,6
4317,2016/01/14,1,9,4,4
4318,2016/01/15,8,9,5,5
4319,2016/01/18,4,1,5,0
4320,2016/01/19,8,2,5,2
4321,2016/01/20,8,3,3,9
4322,2016/01/21,2,4,8,9
4323,2016/01/22,1,4,9,2
4324,2016/01/25,5,6,9,6
4325,2016/01/26,7,3,2,3
4326,2016/01/27,5,5,2,6
4327,2016/01/28,4,8,9,3
4328,2016/01/29,0,5,9,9
4329,2016/02/01,9,0,2,1
4330,2016/02/02,0,9,0,8
4331,2016/02/03,1,4,9,9
4332,2016/02/04,8,8,4,5
4333,2016/02/05,2,3,3,9
4334,2016/02/08,9,3,5,9
4335,2016/02/09,3,1,2,0
4336,2016/02/10,3,2,7,6
4337,2016/02/11,8,8,1,3
4338,2016/02/12,8,3,6,5
4339,2016/02/15,8,4,5,8
4340,2016/02/16,8,3,2,9
4341,2016/02/17,5,7,3,8
4342,2016/02/18,3,1,5,7
4343,2016/02/19,7,0,2,7
4344,2016/02/22,8,3,6,8
4345,2016/02/23,2,3,3,2
4346,2016/02/24,8,8,3,1
4347,2016/02/25,1,5,7,6
4348,2016/02/26,9,7,6,6
4349,2016/02/29,3,7,3,0
4350,2016/03/01,9,9,3,3
4351,2016/03/02,2,6,0,0
4352,2016/03/03,5,0,2,8
4353,2016/03/04,4,9,4,4
4354,2016/03/07,1,9,7,5
4355,2016/03/08,6,4,2,9
4356,2016/03/09,0,7,3,6
4357,2016/03/10,7,4,8,6
4358,2016/03/11,3,8,7,6
4359,2016/03/14,5,2,5,2
4360,2016/03/15,0,4,4,8
4361,2016/03/16,7,7,4,2
4362,2016/03/17,8,1,2,6
4363,2016/03/18,2,2,9,3
4364,2016/03/21,7,7,1,1
4365,2016/03/22,0,5,7,0
4366,2016/03/23,6,3,7,5
4367,2016/03/24,8,1,8,8
4368,2016/03/25,5,1,4,8
4369,2016/03/28,7,7,7,7
4370,2016/03/29,6,8,6,1
4371,2016/03/30,0,5,5,1
4372,2016/03/31,6,5,8,5
4373,2016/04/01,3,8,2,3
4374,2016/04/04,4,1,3,1
4375,2016/04/05,8,6,2,2
4376,2016/04/06,4,7,3,5
4377,2016/04/07,3,7,4,4
4378,2016/04/08,3,6,4,2
4379,2016/04/11,8,5,2,5
4380,2016/04/12,7,7,0,1
4381,2016/04/13,1,7,0,1
4382,2016/04/14,7,9,3,0
4383,2016/04/15,8,4,5,9
4384,2016/04/18,5,7,8,1
4385,2016/04/19,1,0,8,4
4386,2016/04/20,2,9,9,4
4387,2016/04/21,3,1,4,1
4388,2016/04/22,7,4,3,9
4389,2016/04/25,3,7,7,8
4390,2016/04/26,4,2,1,7
4391,2016/04/27,8,0,3,4
4392,2016/04/28,2,3,3,5
4393,2016/04/29,6,0,5,1
4394,2016/05/02,1,5,4,8
4395,2016/05/03,5,9,0,6
4396,2016/05/04,3,9,4,2
4397,2016/05/05,9,0,1,3
4398,2016/05/06,4,3,9,2
4399,2016/05/09,1,3,0,8
4400,2016/05/10,4,4,1,8
4401,2016/05/11,8,1,3,2
4402,2016/05/12,7,4,8,2
4403,2016/05/13,0,4,8,3
4404,2016/05/16,0,1,5,4
4405,2016/05/17,7,5,4,6
4406,2016/05/18,6,1,1,7
4407,2016/05/19,0,8,6,9
4408,2016/05/20,1,7,7,5
4409,2016/05/23,8,4,0,3
4410,2016/05/24,8,1,1,3
4411,2016/05/25,9,1,0,4
4412,2016/05/26,3,7,4,7
4413,2016/05/27,7,3,9,8
4414,2016/05/30,1,3,7,6
4415,2016/05/31,3,9,4,0
4416,2016/06/01,9,0,8,2
4417,2016/06/02,7,2,9,9
4418,2016/06/03,1,2,9,7
4419,2016/06/06,3,6,5,9
4420,2016/06/07,3,6,2,9
4421,2016/06/08,2,6,8,8
4422,2016/06/09,2,4,0,1
4423,2016/06/10,7,5,3,0
4424,2016/06/13,1,9,4,9
4425,2016/06/14,0,4,1,1
4426,2016/06/15,6,1,5,0
4427,2016/06/16,8,9,7,6
4428,2016/06/17,5,9,4,2
4429,2016/06/20,9,0,4,4
4430,2016/06/21,4,4,0,6
4431,2016/06/22,7,0,2,8
4432,2016/06/23,3,5,6,7
4433,2016/06/24,7,9,3,5
4434,2016/06/27,0,6,4,3
4435,2016/06/28,0,8,4,6
4436,2016/06/29,7,2,5,3
4437,2016/06/30,8,9,8,4
4438,2016/07/01,8,0,8,0
4439,2016/07/04,7,3,1,8
4440,2016/07/05,3,0,1,4
4441,2016/07/06,8,8,7,2
4442,2016/07/07,7,9,8,2
4443,2016/07/08,5,1,7,9
4444,2016/07/11,8,3,9,2
4445,2016/07/12,4,3,1,5
4446,2016/07/13,8,0,8,2
4447,2016/07/14,2,9,4,8
4448,2016/07/15,4,7,4,4
4449,2016/07/18,7,4,0,9
4450,2016/07/19,3,0,6,8
4451,2016/07/20,5,5,5,6
4452,2016/07/21,4,4,7,3
4453,2016/07/22,4,3,8,0
4454,2016/07/25,4,8,0,0
4455,2016/07/26,9,7,5,0
4456,2016/07/27,4,2,7,7
4457,2016/07/28,2,0,2,4
4458,2016/07/29,5,9,5,6
4459,2016/08/01,2,9,1,3
4460,2016/08/02,9,0,8,3
4461,2016/08/03,5,8,1,3
4462,2016/08/04,9,9,9,5
4463,2016/08/05,2,0,0,8
4464,2016/08/08,9,4,0,1
4465,2016/08/09,8,3,9,1
4466,2016/08/10,0,6,6,8
4467,2016/08/11,7,8,6,9
4468,2016/08/12,4,6,0,5
4469,2016/08/15,8,2,0,8
4470,2016/08/16,0,3,1,1
4471,2016/08/17,1,0,6,5
4472,2016/08/18,3,8,3,8
4473,2016/08/19,5,8,6,3
4474,2016/08/22,1,7,7,6
4475,2016/08/23,4,0,9,7
4476,2016/08/24,9,4,8,4
4477,2016/08/25,1,9,0,4
4478,2016/08/26,8,6,9,9
4479,2016/08/29,9,9,2,9
4480,2016/08/30,7,7,3,6
4481,2016/08/31,1,3,5,5
4482,2016/09/01,0,0,2,5
4483,2016/09/02,0,3,8,8
4484,2016/09/05,6,8,6,9
4485,2016/09/06,9,2,2,8
4486,2016/09/07,6,7,3,2
4487,2016/09/08,7,6,5,6
4488,2016/09/09,3,9,5,2
4489,2016/09/12,6,5,7,2
4490,2016/09/13,3,5,3,7
4491,2016/09/14,2,8,6,1
4492,2016/09/15,8,2,2,0
4493,2016/09/16,7,2,8,1
4494,2016/09/19,9,0,2,4
4495,2016/09/20,9,1,0,9
4496,2016/09/21,8,0,1,4
4497,2016/09/22,7,1,7,0
4498,2016/09/23,6,7,6,5
4499,2016/09/26,4,5,6,4
4500,2016/09/27,1,3,6,2
4501,2016/09/28,1,6,1,3
4502,2016/09/29,7,0,1,5
4503,2016/09/30,8,5,9,7
4504,2016/10/03,2,9,6,4
4505,2016/10/04,9,4,2,7
4506,2016/10/05,4,4,3,9
4507,2016/10/06,1,0,1,9
4508,2016/10/07,8,7,8,6
4509,2016/10/10,8,0,1,9
4510,2016/10/11,1,0,9,8
4511,2016/10/12,0,2,3,7
4512,2016/10/13,6,8,3,8
4513,2016/10/14,9,3,8,4
4514,2016/10/17,1,4,0,4
4515,2016/10/18,3,7,4,1
4516,2016/10/19,0,9,9,5
4517,2016/10/20,2,2,7,7
4518,2016/10/21,3,0,8,1
4519,2016/10/24,4,8,2,0
4520,2016/10/25,5,9,3,0
4521,2016/10/26,5,0,3,0
4522,2016/10/27,5,5,5,0
4523,2016/10/28,0,4,9,4
4524,2016/10/31,8,9,5,3
4525,2016/11/01,7,5,4,3
4526,2016/11/02,2,0,7,3
4527,2016/11/03,5,4,0,4
4528,2016/11/04,5,8,3,1
4529,2016/11/07,5,3,1,4
4530,2016/11/08,2,6,4,5
4531,2016/11/09,6,4,3,3
4532,2016/11/10,3,2,9,4
4533,2016/11/11,0,3,7,1
4534,2016/11/14,9,7,7,1
4535,2016/11/15,3,7,5,6
4536,2016/11/16,1,0,9,7
4537,2016/11/17,0,3,2,8
4538,2016/11/18,3,0,9,4
4539,2016/11/21,8,4,6,9
4540,2016/11/22,9,8,1,7
4541,2016/11/23,5,7,6,9
4542,2016/11/24,0,9,9,0
4543,2016/11/25,1,4,1,5
4544,2016/11/28,3,6,9,5
4545,2016/11/29,2,1,5,0
4546,2016/11/30,8,5,7,3
4547,2016/12/01,3,0,5,7
4548,2016/12/02,3,6,6,9
4549,2016/12/05,0,2,6,1
4550,2016/12/06,0,7,5,0
4551,2016/12/07,4,8,0,2
4552,2016/12/08,9,5,8,3
4553,2016/12/09,7,6,3,3
4554,2016/12/12,4,7,6,1
4555,2016/12/13,6,6,1,2
4556,2016/12/14,6,0,0,7
4557,2016/12/15,4,7,9,6
4558,2016/12/16,6,1,2,1
4559,2016/12/19,0,4,2,0
4560,2016/12/20,8,3,2,2
4561,2016/12/21,3,0,8,0
4562,2016/12/22,6,0,5,8
4563,2016/12/23,1,0,1,8
4564,2016/12/26,4,7,5,3
4565,2016/12/27,0,9,0,5
4566,2016/12/28,7,7,0,3
4567,2016/12/29,7,5,4,6
4568,2016/12/30,3,5,9,8
4569,2017/01/04,4,5,9,9
4570,2017/01/05,4,8,2,3
4571,2017/01/06,5,5,7,5
4572,2017/01/09,1,2,4,1
4573,2017/01/10,3,7,9,9
4574,2017/01/11,0,9,6,0
4575,2017/01/12,3,2,3,0
4576,2017/01/13,4,0,3,4
4577,2017/01/16,0,8,1,8
4578,2017/01/17,9,4,5,9
4579,2017/01/18,4,8,6,3
4580,2017/01/19,9,0,3,2
4581,2017/01/20,7,0,9,7
4582,2017/01/23,6,9,4,0
4583,2017/01/24,2,0,5,4
4584,2017/01/25,2,5,0,8
4585,2017/01/26,9,1,7,8
4586,2017/01/27,1,3,0,0
4587,2017/01/30,1,9,1,2
4588,2017/01/31,6,6,5,2
4589,2017/02/01,6,6,4,6
4590,2017/02/02,6,1,0,9
4591,2017/02/03,3,4,0,2
4592,2017/02/06,3,2,9,3
4593,2017/02/07,4,7,8,7
4594,2017/02/08,1,7,0,2
4595,2017/02/09,8,7,8,5
4596,2017/02/10,1,3,2,0
4597,2017/02/13,5,5,7,1
4598,2017/02/14,7,8,3,7
4599,2017/02/15,7,9,8,5
4600,2017/02/16,7,4,9,9
4601,2017/02/17,3,8,7,7
4602,2017/02/20,7,3,2,8
4603,2017/02/21,4,0,8,8
4604,2017/02/22,5,2,5,6
4605,2017/02/23,4,6,7,1
4606,2017/02/24,5,8,1,2
4607,2017/02/27,2,8,8,2
4608,2017/02/28,1,3,4,7
4609,2017/03/01,9,1,3,9
4610,2017/03/02,1,3,4,0
4611,2017/03/03,7,9,2,5
4612,2017/03/06,0,4,7,4
4613,2017/03/07,6,5,0,5
4614,2017/03/08,8,3,1,9
4615,2017/03/09,4,7,5,6
4616,2017/03/10,1,5,1,5
4617,2017/03/13,3,8,0,6
4618,2017/03/14,3,7,4,8
4619,2017/03/15,5,7,5,0
4620,2017/03/16,9,8,0,8
4621,2017/03/17,0,6,8,1
4622,2017/03/20,2,8,9,8
4623,2017/03/21,7,9,5,9
4624,2017/03/22,0,2,8,9
4625,2017/03/23,4,3,7,8
4626,2017/03/24,8,1,9,4
4627,2017/03/27,8,5,7,6
4628,2017/03/28,1,7,0,9
4629,2017/03/29,4,9,9,5
4630,2017/03/30,5,7,9,3
4631,2017/03/31,3,4,9,1
4632,2017/04/03,2,5,8,1
4633,2017/04/04,0,9,2,4
4634,2017/04/05,5,9,7,1
4635,2017/04/06,9,8,0,0
4636,2017/04/07,8,6,6,7
4637,2017/04/10,2,5,1,9
4638,2017/04/11,9,7,4,2
4639,2017/04/12,5,9,5,1
4640,2017/04/13,7,2,2,3
4641,2017/04/14,8,6,6,1
4642,2017/04/17,0,0,6,2
4643,2017/04/18,5,5,2,0
4644,2017/04/19,2,9,6,6
4645,2017/04/20,5,8,8,1
4646,2017/04/21,1,3,0,7
4647,2017/04/24,1,3,1,5
4648,2017/04/25,2,1,5,9
4649,2017/04/26,3,7,8,7
4650,2017/04/27,8,4,0,2
4651,2017/04/28,6,1,5,4
4652,2017/05/01,5,4,7,4
4653,2017/05/02,4,0,8,7
4654,2017/05/03,1,9,1,9
4655,2017/05/04,6,3,4,7
4656,2017/05/05,5,6,9,6
4657,2017/05/08,0,2,0,2
4658,2017/05/09,1,7,5,5
4659,2017/05/10,6,8,4,1
4660,2017/05/11,5,4,5,8
4661,2017/05/12,2,8,5,1
4662,2017/05/15,5,1,3,4
4663,2017/05/16,3,9,0,6
4664,2017/05/17,9,1,2,9
4665,2017/05/18,6,4,2,3
4666,2017/05/19,8,6,5,3
4667,2017/05/22,7,5,6,8
4668,2017/05/23,6,1,8,1
4669,2017/05/24,0,2,0,9
4670,2017/05/25,9,0,1,7
4671,2017/05/26,2,2,3,8
4672,2017/05/29,5,8,5,3
4673,2017/05/30,6,5,4,1
4674,2017/05/31,6,8,0,6
4675,2017/06/01,9,4,8,3
4676,2017/06/02,5,3,5,1
4677,2017/06/05,9,2,9,5
4678,2017/06/06,9,1,7,9
4679,2017/06/07,4,8,7,4
4680,2017/06/08,3,8,4,7
4681,2017/06/09,3,1,9,2
4682,2017/06/12,6,6,6,9
4683,2017/06/13,2,3,1,8
4684,2017/06/14,4,5,2,3
4685,2017/06/15,6,0,0,3
4686,2017/06/16,0,8,2,3
4687,2017/06/19,0,7,9,5
4688,2017/06/20,9,9,6,3
4689,2017/06/21,8,6,2,7
4690,2017/06/22,6,5,5,4
4691,2017/06/23,8,2,3,9
4692,2017/06/26,8,7,6,6
4693,2017/06/27,1,1,7,1
4694,2017/06/28,8,6,4,7
4695,2017/06/29,0,9,7,3
4696,2017/06/30,2,4,5,0
4697,2017/07/03,0,5,5,1
4698,2017/07/04,6,9,9,5
4699,2017/07/05,3,9,9,7
4700,2017/07/06,6,1,8,0
4701,2017/07/07,4,3,4,8
4702,2017/07/10,0,1,0,1
4703,2017/07/11,5,1,6,9
4704,2017/07/12,0,0,9,6
4705,2017/07/13,3,2,3,3
4706,2017/07/14,3,6,0,0
4707,2017/07/17,4,7,1,4
4708,2017/07/18,4,9,9,3
4709,2017/07/19,2,9,6,6
4710,2017/07/20,8,8,5,5
4711,2017/07/21,1,5,3,4
4712,2017/07/24,8,4,6,2
4713,2017/07/25,6,2,9,7
4714,2017/07/26,7,9,7,9
4715,2017/07/27,1,6,0,5
4716,2017/07/28,9,1,1,4
4717,2017/07/31,6,7,3,0
4718,2017/08/01,6,9,8,5
4719,2017/08/02,2,4,2,9
4720,2017/08/03,8,6,2,0
4721,2017/08/04,5,5,4,7
4722,2017/08/07,1,8,7,6
4723,2017/08/08,5,8,5,1
4724,2017/08/09,7,3,9,4
4725,2017/08/10,7,8,7,7
4726,2017/08/11,6,6,3,1
4727,2017/08/14,9,0,4,5
4728,2017/08/15,5,6,3,6
4729,2017/08/16,7,9,8,4
4730,2017/08/17,6,3,8,0
4731,2017/08/18,4,5,4,0
4732,2017/08/21,3,2,1,9
4733,2017/08/22,7,5,1,1
4734,2017/08/23,5,2,0,0
4735,2017/08/24,1,7,4,3
4736,2017/08/25,7,3,8,5
4737,2017/08/28,6,7,2,9
4738,2017/08/29,3,5,4,3
4739,2017/08/30,3,7,0,2
4740,2017/08/31,2,7,3,8
4741,2017/09/01,5,1,9,4
4742,2017/09/04,0,0,5,3
4743,2017/09/05,7,6,1,4
4744,2017/09/06,0,1,3,7
4745,2017/09/07,7,2,5,9
4746,2017/09/08,4,5,3,8
4747,2017/09/11,2,0,2,3
4748,2017/09/12,7,4,3,6
4749,2017/09/13,0,4,9,0
4750,2017/09/14,0,5,3,1
4751,2017/09/15,1,9,3,6
4752,2017/09/18,2,6,8,2
4753,2017/09/19,3,6,1,3
4754,2017/09/20,5,0,1,2
4755,2017/09/21,2,1,0,0
4756,2017/09/22,3,1,6,2
4757,2017/09/25,9,8,1,0
4758,2017/09/26,1,4,3,1
4759,2017/09/27,5,2,2,4
4760,2017/09/28,0,6,7,1
4761,2017/09/29,3,2,3,6
4762,2017/10/02,6,5,3,8
4763,2017/10/03,3,3,5,7
4764,2017/10/04,2,1,3,5
4765,2017/10/05,2,5,2,4
4766,2017/10/06,9,1,5,9
4767,2017/10/09,5,8,5,9
4768,2017/10/10,7,9,2,0
4769,2017/10/11,2,6,9,9
4770,2017/10/12,8,0,6,1
4771,2017/10/13,6,8,5,6
4772,2017/10/16,6,7,0,8
4773,2017/10/17,6,8,6,3
4774,2017/10/18,7,1,8,7
4775,2017/10/19,4,6,1,5
4776,2017/10/20,6,8,9,7
4777,2017/10/23,6,1,3,5
4778,2017/10/24,5,3,5,9
4779,2017/10/25,3,3,0,9
4780,2017/10/26,6,3,4,1
4781,2017/10/27,6,7,0,1
4782,2017/10/30,9,5,4,2
4783,2017/10/31,4,9,2,4
4784,2017/11/01,3,8,8,0
4785,2017/11/02,1,3,4,3
4786,2017/11/03,3,1,8,5
4787,2017/11/06,2,5,3,3
4788,2017/11/07,7,8,9,3
4789,2017/11/08,8,5,6,0
4790,2017/11/09,2,1,1,4
4791,2017/11/10,6,3,5,1
4792,2017/11/13,4,7,0,0
4793,2017/11/14,9,0,3,3
4794,2017/11/15,5,8,0,8
4795,2017/11/16,5,3,6,0
4796,2017/11/17,5,8,6,3
4797,2017/11/20,8,6,4,2
4798,2017/11/21,9,8,4,0
4799,2017/11/22,3,5,9,8
4800,2017/11/23,9,1,8,2
4801,2017/11/24,7,2,8,8
4802,2017/11/27,9,6,9,8
4803,2017/11/28,6,2,2,9
4804,2017/11/29,0,7,4,0
4805,2017/11/30,6,2,8,7
4806,2017/12/01,9,0,3,5
4807,2017/12/04,1,5,5,6
4808,2017/12/05,2,3,4,8
4809,2017/12/06,4,9,7,4
4810,2017/12/07,4,9,9,1
4811,2017/12/08,0,3,8,2
4812,2017/12/11,3,6,2,7
4813,2017/12/12,8,5,2,8
4814,2017/12/13,1,9,2,0
4815,2017/12/14,8,8,3,5
4816,2017/12/15,6,9,0,7
4817,2017/12/18,0,9,9,1
4818,2017/12/19,8,3,1,8
4819,2017/12/20,8,3,3,3
4820,2017/12/21,9,4,3,6
4821,2017/12/22,0,5,8,7
4822,2017/12/25,8,8,9,4
4823,2017/12/26,6,9,3,3
4824,2017/12/27,4,5,4,3
4825,2017/12/28,9,6,6,4
4826,2017/12/29,7,7,8,9
4827,2018/01/04,5,3,1,9
4828,2018/01/05,6,4,8,9
4829,2018/01/08,5,3,4,6
4830,2018/01/09,9,7,5,1
4831,2018/01/10,1,5,2,3
4832,2018/01/11,5,8,2,0
4833,2018/01/12,7,7,5,1
4834,2018/01/15,6,6,0,5
4835,2018/01/16,5,5,6,4
4836,2018/01/17,3,5,0,6
4837,2018/01/18,6,1,1,0
4838,2018/01/19,3,0,2,7
4839,2018/01/22,3,1,4,6
4840,2018/01/23,0,3,4,1
4841,2018/01/24,6,4,4,3
4842,2018/01/25,0,5,1,7
4843,2018/01/26,8,3,3,4
4844,2018/01/29,9,0,1,6
4845,2018/01/30,4,9,4,5
4846,2018/01/31,4,1,4,8
4847,2018/02/01,7,1,6,3
4848,2018/02/02,8,9,0,5
4849,2018/02/05,2,8,5,9
4850,2018/02/06,2,6,6,6
4851,2018/02/07,2,8,6,4
4852,2018/02/08,2,6,7,5
4853,2018/02/09,9,6,0,0
4854,2018/02/12,9,2,4,6
4855,2018/02/13,1,5,0,9
4856,2018/02/14,6,6,4,7
4857,2018/02/15,3,2,7,5
4858,2018/02/16,1,5,4,0
4859,2018/02/19,5,5,5,0
4860,2018/02/20,4,6,8,7
4861,2018/02/21,8,9,8,7
4862,2018/02/22,2,9,7,9
4863,2018/02/23,0,7,5,7
4864,2018/02/26,5,5,1,0
4865,2018/02/27,7,3,3,6
4866,2018/02/28,0,6,2,6
4867,2018/03/01,5,0,6,1
4868,2018/03/02,1,1,0,7
4869,2018/03/05,6,9,7,6
4870,2018/03/06,3,5,0,1
4871,2018/03/07,8,0,8,3
4872,2018/03/08,7,4,7,5
4873,2018/03/09,3,1,5,9
4874,2018/03/12,1,0,2,8
4875,2018/03/13,5,1,9,3
4876,2018/03/14,5,5,6,3
4877,2018/03/15,6,5,6,6
4878,2018/03/16,0,0,1,5
4879,2018/03/19,5,6,3,7
4880,2018/03/20,5,5,9,3
4881,2018/03/21,4,3,7,8
4882,2018/03/22,0,6,6,2
4883,2018/03/23,2,7,5,2
4884,2018/03/26,9,9,2,3
4885,2018/03/27,4,4,4,5
4886,2018/03/28,6,5,6,2
4887,2018/03/29,8,8,2,3
4888,2018/03/30,5,4,2,4
4889,2018/04/02,9,3,0,4
4890,2018/04/03,3,7,9,4
4891,2018/04/04,4,9,5,0
4892,2018/04/05,3,9,4,0
4893,2018/04/06,2,8,9,6
4894,2018/04/09,4,1,1,5
4895,2018/04/10,6,3,5,9
4896,2018/04/11,8,5,4,9
4897,2018/04/12,6,8,1,8
4898,2018/04/13,2,5,6,0
4899,2018/04/16,9,9,9,1
4900,2018/04/17,8,3,2,3
4901,2018/04/18,0,5,9,3
4902,2018/04/19,2,1,6,6
4903,2018/04/20,9,1,6,1
4904,2018/04/23,1,1,2,5
4905,2018/04/24,0,0,3,5
4906,2018/04/25,4,1,9,8
4907,2018/04/26,0,7,9,6
4908,2018/04/27,9,6,3,1
4909,2018/04/30,9,8,1,4
4910,2018/05/01,6,9,5,1
4911,2018/05/02,5,1,3,5
4912,2018/05/03,6,8,8,4
4913,2018/05/04,5,5,0,7
4914,2018/05/07,4,3,3,6
4915,2018/05/08,5,1,0,8
4916,2018/05/09,8,6,7,0
4917,2018/05/10,7,8,0,7
4918,2018/05/11,8,6,5,9
4919,2018/05/14,6,4,8,5
4920,2018/05/15,6,5,1,5
4921,2018/05/16,1,1,4,3
4922,2018/05/17,8,2,0,2
4923,2018/05/18,5,4,6,8
4924,2018/05/21,3,6,3,6
4925,2018/05/22,0,6,1,2
4926,2018/05/23,5,2,9,7
4927,2018/05/24,8,3,1,0
4928,2018/05/25,0,6,2,1
4929,2018/05/28,9,0,9,5
4930,2018/05/29,4,6,9,6
4931,2018/05/30,2,3,0,7
4932,2018/05/31,1,6,4,1
4933,2018/06/01,3,0,3,1
4934,2018/06/04,0,4,1,1
4935,2018/06/05,8,0,0,9
4936,2018/06/06,2,3,7,4
4937,2018/06/07,5,3,8,2
4938,2018/06/08,5,9,3,5
4939,2018/06/11,3,0,7,6
4940,2018/06/12,6,6,5,7
4941,2018/06/13,7,9,9,3
4942,2018/06/14,5,1,2,1
4943,2018/06/15,7,7,1,1
4944,2018/06/18,4,1,1,3
4945,2018/06/19,1,7,6,2
4946,2018/06/20,2,3,0,9
4947,2018/06/21,4,6,9,8
4948,2018/06/22,9,4,7,3
4949,2018/06/25,2,0,7,9
4950,2018/06/26,2,1,5,4
4951,2018/06/27,0,1,8,5
4952,2018/06/28,7,6,9,3
4953,2018/06/29,7,8,3,5
4954,2018/07/02,6,8,0,7
4955,2018/07/03,6,8,3,0
4956,2018/07/04,6,8,9,4
4957,2018/07/05,8,9,4,3
4958,2018/07/06,7,2,7,8
4959,2018/07/09,5,4,5,2
4960,2018/07/10,3,1,5,5
4961,2018/07/11,2,3,3,6
4962,2018/07/12,0,5,5,5
4963,2018/07/13,1,9,6,3
4964,2018/07/16,6,8,1,7
4965,2018/07/17,8,6,5,2
4966,2018/07/18,7,9,0,8
4967,2018/07/19,0,7,7,4
4968,2018/07/20,4,0,6,1
4969,2018/07/23,8,8,2,7
4970,2018/07/24,3,1,2,7
4971,2018/07/25,2,8,5,0
4972,2018/07/26,9,1,2,5
4973,2018/07/27,7,0,1,5
4974,2018/07/30,2,1,2,0
4975,2018/07/31,7,7,0,6
4976,2018/08/01,1,7,7,6
4977,2018/08/02,2,3,2,3
4978,2018/08/03,8,9,8,9
4979,2018/08/06,1,2,6,5
4980,2018/08/07,8,9,4,6
4981,2018/08/08,0,2,7,8
4982,2018/08/09,7,2,1,2
4983,2018/08/10,2,3,5,5
4984,2018/08/13,6,3,7,6
4985,2018/08/14,6,5,6,3
4986,2018/08/15,7,8,7,0
4987,2018/08/16,7,3,9,5
4988,2018/08/17,4,8,3,8
4989,2018/08/20,5,1,3,6
4990,2018/08/21,4,4,1,1
4991,2018/08/22,4,6,5,1
4992,2018/08/23,4,8,2,0
4993,2018/08/24,6,6,7,3
4994,2018/08/27,5,9,5,0
4995,2018/08/28,3,6,4,6
4996,2018/08/29,7,0,0,5
4997,2018/08/30,5,4,6,4
4998,2018/08/31,7,3,1,9
4999,2018/09/03,0,6,5,9
5000,2018/09/04,2,8,1,4
5001,2018/09/05,0,1,8,1
5002,2018/09/06,2,9,0,6
5003,2018/09/07,6,0,0,6
5004,2018/09/10,9,0,5,4
5005,2018/09/11,8,8,2,3
5006,2018/09/12,8,0,0,8
5007,2018/09/13,8,6,7,7
5008,2018/09/14,6,1,5,9
5009,2018/09/17,8,0,8,8
5010,2018/09/18,4,0,4,5
5011,2018/09/19,9,0,5,2
5012,2018/09/20,6,8,0,4
5013,2018/09/21,8,6,9,1
5014,2018/09/24,1,8,2,4
5015,2018/09/25,0,8,8,7
5016,2018/09/26,1,8,4,9
5017,2018/09/27,5,4,5,7
5018,2018/09/28,0,9,7,3
5019,2018/10/01,3,3,3,1
5020,2018/10/02,6,7,0,9
5021,2018/10/03,3,2,6,8
5022,2018/10/04,7,5,9,8
5023,2018/10/05,7,9,6,4
5024,2018/10/08,6,4,0,1
5025,2018/10/09,2,5,3,6
5026,2018/10/10,0,2,2,2
5027,2018/10/11,2,7,4,2
5028,2018/10/12,6,3,7,1
5029,2018/10/15,7,9,7,8
5030,2018/10/16,8,3,4,2
5031,2018/10/17,3,0,0,9
5032,2018/10/18,8,8,7,9
5033,2018/10/19,5,8,3,4
5034,2018/10/22,7,1,0,4
5035,2018/10/23,2,4,7,5
5036,2018/10/24,6,7,6,8
5037,2018/10/25,5,8,0,4
5038,2018/10/26,4,3,9,9
5039,2018/10/29,4,1,5,7
5040,2018/10/30,2,9,0,9
5041,2018/10/31,2,0,6,8
5042,2018/11/01,2,2,9,0
5043,2018/11/02,5,4,4,4
5044,2018/11/05,6,0,0,9
5045,2018/11/06,3,7,0,9
5046,2018/11/07,8,9,3,1
5047,2018/11/08,7,7,5,9
5048,2018/11/09,8,4,0,7
5049,2018/11/12,5,1,7,5
5050,2018/11/13,9,4,0,4
5051,2018/11/14,2,9,0,1
5052,2018/11/15,6,4,5,6
5053,2018/11/16,3,7,4,3
5054,2018/11/19,8,5,9,0
5055,2018/11/20,9,6,1,1
5056,2018/11/21,4,9,5,9
5057,2018/11/22,3,5,0,1
5058,2018/11/23,8,3,0,9
5059,2018/11/26,8,0,3,8
5060,2018/11/27,2,9,4,5
5061,2018/11/28,4,4,6,0
5062,2018/11/29,3,7,8,9
5063,2018/11/30,5,4,7,9
5064,2018/12/03,8,3,2,3
5065,2018/12/04,7,1,2,7
5066,2018/12/05,6,1,3,5
5067,2018/12/06,6,5,2,5
5068,2018/12/07,5,7,8,5
5069,2018/12/10,2,6,2,1
5070,2018/12/11,3,2,9,9
5071,2018/12/12,5,3,8,4
5072,2018/12/13,1,3,5,0
5073,2018/12/14,5,8,5,3
5074,2018/12/17,8,5,6,4
5075,2018/12/18,5,1,4,6
5076,2018/12/19,9,2,2,5
5077,2018/12/20,5,5,7,5
5078,2018/12/21,6,8,2,8
5079,2018/12/24,1,6,3,1
5080,2018/12/25,3,7,2,4
5081,2018/12/26,2,8,2,2
5082,2018/12/27,3,0,0,2
5083,2018/12/28,5,2,3,1
5084,2019/01/04,5,9,3,9
5085,2019/01/07,9,0,6,1
5086,2019/01/08,3,6,1,1
5087,2019/01/09,5,2,7,5
5088,2019/01/10,9,0,7,5
5089,2019/01/11,8,0,1,1
5090,2019/01/14,9,9,2,1
5091,2019/01/15,9,6,7,0
5092,2019/01/16,0,2,9,4
5093,2019/01/17,1,9,7,9
5094,2019/01/18,7,6,3,2
5095,2019/01/21,2,1,2,5
5096,2019/01/22,2,7,8,9
5097,2019/01/23,3,1,4,2
5098,2019/01/24,3,3,4,5
5099,2019/01/25,7,6,3,2
5100,2019/01/28,2,8,3,5
5101,2019/01/29,4,3,6,1
5102,2019/01/30,1,9,8,0
5103,2019/01/31,9,8,4,5
5104,2019/02/01,3,2,7,4
5105,2019/02/04,8,6,6,1
5106,2019/02/05,5,1,9,6
5107,2019/02/06,2,8,1,1
5108,2019/02/07,6,5,3,7
5109,2019/02/08,1,9,9,6
5110,2019/02/11,4,3,0,4
5111,2019/02/12,7,7,7,1
5112,2019/02/13,4,2,5,9
5113,2019/02/14,4,0,7,2
5114,2019/02/15,0,3,5,9
5115,2019/02/18,1,9,0,6
5116,2019/02/19,8,3,7,0
5117,2019/02/20,0,9,5,2
5118,2019/02/21,9,5,7,2
5119,2019/02/22,4,3,9,7
5120,2019/02/25,5,4,0,6
5121,2019/02/26,2,1,3,3
5122,2019/02/27,2,5,1,5
5123,2019/02/28,5,7,1,7
5124,2019/03/01,5,6,6,7
5125,2019/03/04,7,3,1,5
5126,2019/03/05,2,0,0,2
5127,2019/03/06,1,6,1,0
5128,2019/03/07,4,0,4,7
5129,2019/03/08,5,2,9,2
5130,2019/03/11,7,5,2,5
5131,2019/03/12,1,6,2,5
5132,2019/03/13,3,7,1,8
5133,2019/03/14,2,3,9,2
5134,2019/03/15,5,7,2,8
5135,2019/03/18,4,9,4,5
5136,2019/03/19,6,9,9,8
5137,2019/03/20,2,7,0,2
5138,2019/03/21,0,9,0,5
5139,2019/03/22,8,7,1,9
5140,2019/03/25,4,1,7,2
5141,2019/03/26,1,8,7,1
5142,2019/03/27,1,7,8,5
5143,2019/03/28,4,3,8,6
5144,2019/03/29,1,0,8,3
5145,2019/04/01,4,0,0,1
5146,2019/04/02,8,8,1,1
5147,2019/04/03,9,2,2,9
5148,2019/04/04,1,2,0,0
5149,2019/04/05,9,6,8,8
5150,2019/04/08,8,3,9,1
5151,2019/04/09,4,8,8,9
5152,2019/04/10,4,2,8,9
5153,2019/04/11,7,6,7,0
5154,2019/04/12,0,4,3,1
5155,2019/04/15,7,2,6,7
5156,2019/04/16,8,5,9,7
5157,2019/04/17,7,2,0,6
5158,2019/04/18,3,0,4,8
5159,2019/04/19,1,3,9,2
5160,2019/04/22,6,3,5,2
5161,2019/04/23,6,9,2,4
5162,2019/04/24,9,9,1,6
5163,2019/04/25,7,6,8,2
5164,2019/04/26,9,2,0,4
5165,2019/04/29,2,6,3,6
5166,2019/04/30,0,3,3,1
5167,2019/05/01,6,7,0,3
5168,2019/05/02,0,4,2,3
5169,2019/05/03,5,6,3,7
5170,2019/05/06,1,2,7,5
5171,2019/05/07,8,5,4,7
5172,2019/05/08,7,8,0,2
5173,2019/05/09,6,2,5,1
5174,2019/05/10,0,0,1,0
5175,2019/05/13,2,7,8,0
5176,2019/05/14,9,1,4,1
5177,2019/05/15,4,1,4,3
5178,2019/05/16,4,3,8,8
5179,2019/05/17,9,2,5,4
5180,2019/05/20,5,0,9,0
5181,2019/05/21,1,1,7,7
5182,2019/05/22,7,2,5,4
5183,2019/05/23,1,3,1,2
5184,2019/05/24,3,0,3,7
5185,2019/05/27,7,9,1,2
5186,2019/05/28,3,6,0,2
5187,2019/05/29,8,4,4,7
5188,2019/05/30,3,6,9,0
5189,2019/05/31,0,1,4,6
5190,2019/06/03,9,5,5,5
5191,2019/06/04,3,4,8,1
5192,2019/06/05,4,5,7,1
5193,2019/06/06,8,1,1,3
5194,2019/06/07,0,7,7,7
5195,2019/06/10,1,4,4,8
5196,2019/06/11,3,2,0,1
5197,2019/06/12,5,8,7,9
5198,2019/06/13,5,3,1,8
5199,2019/06/14,9,6,7,4
5200,2019/06/17,4,3,2,2
5201,2019/06/18,4,3,3,3
5202,2019/06/19,4,7,4,3
5203,2019/06/20,0,6,0,2
5204,2019/06/21,2,8,8,0
5205,2019/06/24,3,6,5,8
5206,2019/06/25,6,6,1,6
5207,2019/06/26,5,7,4,9
5208,2019/06/27,4,8,2,5
5209,2019/06/28,1,7,9,0
5210,2019/07/01,7,1,1,6
5211,2019/07/02,7,2,8,6
5212,2019/07/03,8,3,4,9
5213,2019/07/04,7,1,9,3
5214,2019/07/05,2,5,7,1
5215,2019/07/08,1,0,3,2
5216,2019/07/09,4,9,4,5
5217,2019/07/10,3,7,9,9
5218,2019/07/11,3,7,4,2
5219,2019/07/12,2,5,0,4
5220,2019/07/15,6,5,4,5
5221,2019/07/16,8,5,0,6
5222,2019/07/17,5,5,7,2
5223,2019/07/18,0,5,0,2
5224,2019/07/19,7,7,9,5
5225,2019/07/22,7,2,1,1
5226,2019/07/23,7,7,8,2
5227,2019/07/24,2,1,3,4
5228,2019/07/25,5,2,1,5
5229,2019/07/26,2,7,9,1
5230,2019/07/29,3,4,4,2
5231,2019/07/30,2,4,4,7
5232,2019/07/31,7,8,4,6
5233,2019/08/01,2,9,4,5
5234,2019/08/02,1,5,7,5
5235,2019/08/05,1,0,5,5
5236,2019/08/06,6,3,8,5
5237,2019/08/07,5,2,2,3
5238,2019/08/08,2,1,8,8
5239,2019/08/09,8,6,3,7
5240,2019/08/12,9,0,3,6
5241,2019/08/13,8,1,9,9
5242,2019/08/14,6,1,9,6
5243,2019/08/15,0,3,8,7
5244,2019/08/16,4,3,0,5
5245,2019/08/19,8,4,4,0
5246,2019/08/20,8,6,0,4
5247,2019/08/21,9,2,5,9
5248,2019/08/22,6,5,5,0
5249,2019/08/23,9,2,2,3
5250,2019/08/26,6,4,7,9
5251,2019/08/27,7,2,0,6
5252,2019/08/28,9,0,8,3
5253,2019/08/29,1,6,1,6
5254,2019/08/30,2,2,0,0
5255,2019/09/02,9,8,5,4
5256,2019/09/03,7,5,2,1
5257,2019/09/04,2,0,7,6
5258,2019/09/05,1,5,2,8
5259,2019/09/06,8,2,1,6
5260,2019/09/09,7,5,6,7
5261,2019/09/10,9,3,0,4
5262,2019/09/11,4,7,6,5
5263,2019/09/12,0,4,1,1
5264,2019/09/13,5,4,2,0
5265,2019/09/16,5,0,4,3
5266,2019/09/17,3,3,5,6
5267,2019/09/18,3,7,0,8
5268,2019/09/19,8,5,1,8
5269,2019/09/20,3,5,4,2
5270,2019/09/23,1,1,5,5
5271,2019/09/24,1,0,1,5
5272,2019/09/25,1,8,3,4
5273,2019/09/26,1,0,6,7
5274,2019/09/27,8,8,4,7
5275,2019/09/30,9,0,8,6
5276,2019/10/01,0,3,6,2
5277,2019/10/02,9,9,9,6
5278,2019/10/03,7,7,7,8
5279,2019/10/04,0,9,8,7
5280,2019/10/07,7,4,9,9
5281,2019/10/08,0,2,2,2
5282,2019/10/09,5,5,4,3
5283,2019/10/10,8,1,6,5
5284,2019/10/11,0,0,7,2
5285,2019/10/14,0,1,1,9
5286,2019/10/15,5,9,3,9
5287,2019/10/16,8,7,9,5
5288,2019/10/17,5,5,5,0
5289,2019/10/18,1,4,5,9
5290,2019/10/21,0,0,9,3
5291,2019/10/22,3,1,0,3
5292,2019/10/23,8,4,4,7
5293,2019/10/24,8,3,6,2
5294,2019/10/25,7,2,1,5
5295,2019/10/28,7,1,7,3
5296,2019/10/29,8,5,3,0
5297,2019/10/30,2,1,1,9
5298,2019/10/31,3,0,3,6
5299,2019/11/01,8,7,1,9
5300,2019/11/04,8,5,9,3
5301,2019/11/05,5,2,7,2
5302,2019/11/06,1,5,4,6
5303,2019/11/07,0,1,3,5
5304,2019/11/08,6,7,4,8
5305,2019/11/11,6,6,9,3
5306,2019/11/12,5,5,1,3
5307,2019/11/13,9,9,0,9
5308,2019/11/14,1,4,6,3
5309,2019/11/15,4,9,5,5
5310,2019/11/18,6,8,2,4
5311,2019/11/19,9,6,4,5
5312,2019/11/20,1,4,0,0
5313,2019/11/21,8,1,9,6
5314,2019/11/22,2,6,3,9
5315,2019/11/25,6,5,4,3
5316,2019/11/26,2,0,8,0
5317,2019/11/27,6,9,4,5
5318,2019/11/28,7,0,8,8
5319,2019/11/29,8,5,5,7
5320,2019/12/02,4,5,5,6
5321,2019/12/03,3,7,1,0
5322,2019/12/04,0,0,5,3
5323,2019/12/05,7,6,2,2
5324,2019/12/06,2,8,4,2
5325,2019/12/09,9,8,6,4
5326,2019/12/10,9,1,6,8
5327,2019/12/11,7,1,8,6
5328,2019/12/12,0,0,1,8
5329,2019/12/13,8,4,8,2
5330,2019/12/16,0,4,0,8
5331,2019/12/17,6,0,6,5
5332,2019/12/18,6,0,8,4
5333,2019/12/19,8,4,9,6
5334,2019/12/20,1,5,0,5
5335,2019/12/23,1,3,3,3
5336,2019/12/24,4,0,6,9
5337,2019/12/25,6,3,9,5
5338,2019/12/26,4,7,3,2
5339,2019/12/27,2,6,8,2
5340,2019/12/30,9,9,8,0
5341,2020/01/06,0,7,0,2
5342,2020/01/07,6,1,4,3
5343,2020/01/08,4,1,9,8
5344,2020/01/09,5,0,4,9
5345,2020/01/10,9,9,5,4
5346,2020/01/13,9,8,9,6
5347,2020/01/14,1,4,5,0
5348,2020/01/15,9,5,4,5
5349,2020/01/16,0,9,9,0
5350,2020/01/17,6,4,9,0
5351,2020/01/20,2,6,6,8
5352,2020/01/21,5,1,7,2
5353,2020/01/22,4,3,4,9
5354,2020/01/23,2,3,0,9
5355,2020/01/24,4,5,3,1
5356,2020/01/27,0,4,8,0
5357,2020/01/28,7,4,1,1
5358,2020/01/29,9,2,3,1
5359,2020/01/30,6,0,8,7
5360,2020/01/31,6,4,4,8
5361,2020/02/03,3,9,5,4
5362,2020/02/04,6,8,8,7
5363,2020/02/05,0,9,6,6
5364,2020/02/06,4,7,7,0
5365,2020/02/07,9,1,6,7
5366,2020/02/10,2,1,0,8
5367,2020/02/11,0,7,6,2
5368,2020/02/12,1,7,6,8
5369,2020/02/13,9,5,5,0
5370,2020/02/14,3,7,1,1
5371,2020/02/17,6,4,7,6
5372,2020/02/18,2,8,4,0
5373,2020/02/19,2,8,0,8
5374,2020/02/20,5,8,5,7
5375,2020/02/21,1,9,1,3
5376,2020/02/24,9,9,5,8
5377,2020/02/25,9,2,0,9
5378,2020/02/26,0,9,7,8
5379,2020/02/27,4,7,5,2
5380,2020/02/28,8,7,1,3
5381,2020/03/02,8,8,3,6
5382,2020/03/03,0,3,3,5
5383,2020/03/04,8,6,8,7
5384,2020/03/05,9,2,1,7
5385,2020/03/06,2,2,0,7
5386,2020/03/09,1,7,7,5
5387,2020/03/10,0,4,2,5
5388,2020/03/11,0,7,7,3
5389,2020/03/12,9,4,4,7
5390,2020/03/13,5,7,0,6
5391,2020/03/16,3,9,8,3
5392,2020/03/17,4,4,7,7
5393,2020/03/18,4,0,9,7
5394,2020/03/19,7,2,1,4
5395,2020/03/20,5,3,5,1
5396,2020/03/23,3,0,1,2
5397,2020/03/24,6,2,4,0
5398,2020/03/25,2,9,7,3
5399,2020/03/26,5,1,4,1
5400,2020/03/27,2,5,9,8
5401,2020/03/30,4,9,0,6
5402,2020/03/31,9,5,6,1
5403,2020/04/01,4,7,1,7
5404,2020/04/02,4,4,8,9
5405,2020/04/03,8,8,6,4
5406,2020/04/06,7,8,3,8
5407,2020/04/07,7,0,3,4
5408,2020/04/08,1,0,9,2
5409,2020/04/09,7,5,7,3
5410,2020/04/10,2,1,7,5
5411,2020/04/13,4,8,0,3
5412,2020/04/14,4,0,1,7
5413,2020/04/15,2,8,6,1
5414,2020/04/16,7,0,7,2
5415,2020/04/17,5,0,7,8
5416,2020/04/20,9,8,3,6
5417,2020/04/21,0,4,2,6
5418,2020/04/22,2,4,0,2
5419,2020/04/23,2,9,2,9
5420,2020/04/24,1,4,2,9
5421,2020/04/27,8,8,8,6
5422,2020/04/28,4,8,9,3
5423,2020/04/29,7,2,7,8
5424,2020/04/30,8,4,7,2
5425,2020/05/01,3,7,7,5
5426,2020/05/04,0,0,2,9
5427,2020/05/05,0,8,2,8
5428,2020/05/06,1,1,4,9
5429,2020/05/07,0,4,9,1
5430,2020/05/08,3,4,1,7
5431,2020/05/11,4,4,3,0
5432,2020/05/12,2,1,1,6
5433,2020/05/13,9,0,1,1
5434,2020/05/14,7,4,7,1
5435,2020/05/15,6,5,3,1
5436,2020/05/18,6,8,4,5
5437,2020/05/19,2,3,6,9
5438,2020/05/20,4,9,9,6
5439,2020/05/21,3,7,5,2
5440,2020/05/22,1,5,9,8
5441,2020/05/25,7,8,8,6
5442,2020/05/26,5,8,5,9
5443,2020/05/27,7,7,0,9
5444,2020/05/28,4,7,6,7
5445,2020/05/29,1,4,4,7
5446,2020/06/01,2,7,3,9
5447,2020/06/02,7,7,3,2
5448,2020/06/03,8,4,7,3
5449,2020/06/04,3,0,3,6
5450,2020/06/05,0,5,1,7
5451,2020/06/08,8,1,8,3
5452,2020/06/09,3,0,6,1
5453,2020/06/10,8,6,0,9
5454,2020/06/11,3,7,3,0
5455,2020/06/12,0,8,8,1
5456,2020/06/15,8,4,7,5
5457,2020/06/16,9,6,1,7
5458,2020/06/17,0,7,2,2
5459,2020/06/18,8,2,5,6
5460,2020/06/19,1,9,4,4
5461,2020/06/22,8,9,7,0
5462,2020/06/23,6,7,5,4
5463,2020/06/24,8,1,3,9
5464,2020/06/25,7,2,0,6
5465,2020/06/26,6,0,7,9
5466,2020/06/29,4,3,7,0
5467,2020/06/30,9,4,2,1
5468,2020/07/01,1,3,4,1
5469,2020/07/02,9,1,4,7
5470,2020/07/03,0,3,8,6
5471,2020/07/06,9,8,5,6
5472,2020/07/07,7,4,3,7
5473,2020/07/08,6,2,6,9
5474,2020/07/09,0,6,3,3
5475,2020/07/10,0,7,5,8
5476,2020/07/13,4,3,4,6
5477,2020/07/14,2,6,7,1
5478,2020/07/15,0,0,6,3
5479,2020/07/16,1,3,2,1
5480,2020/07/17,2,4,3,7
5481,2020/07/20,2,9,0,6
5482,2020/07/21,6,6,0,3
5483,2020/07/22,4,8,3,6
5484,2020/07/23,9,8,5,3
5485,2020/07/24,9,4,5,1
5486,2020/07/27,2,3,5,8
5487,2020/07/28,9,9,0,5
5488,2020/07/29,1,5,5,8
5489,2020/07/30,0,0,0,8
5490,2020/07/31,2,7,1,7
5491,2020/08/03,5,1,1,6
5492,2020/08/04,6,6,7,9
5493,2020/08/05,4,7,9,3
5494,2020/08/06,8,4,7,8
5495,2020/08/07,2,8,2,3
5496,2020/08/10,8,3,8,6
5497,2020/08/11,8,0,6,5
5498,2020/08/12,8,3,1,1
5499,2020/08/13,8,0,5,5
5500,2020/08/14,2,4,1,3
5501,2020/08/17,6,5,9,1
5502,2020/08/18,3,9,2,9
5503,2020/08/19,5,4,0,5
5504,2020/08/20,6,6,5,3
5505,2020/08/21,6,5,1,0
5506,2020/08/24,7,7,3,8
5507,2020/08/25,8,0,6,3
5508,2020/08/26,8,8,7,6
5509,2020/08/27,8,4,9,9
5510,2020/08/28,5,9,8,9
5511,2020/08/31,1,2,4,0
5512,2020/09/01,2,4,1,7
5513,2020/09/02,3,5,6,5
5514,2020/09/03,3,8,3,3
5515,2020/09/04,6,1,9,8
5516,2020/09/07,3,3,9,2
5517,2020/09/08,2,6,8,7
5518,2020/09/09,7,4,0,5
5519,2020/09/10,8,8,1,5
5520,2020/09/11,6,7,6,4
5521,2020/09/14,8,9,1,8
5522,2020/09/15,4,8,7,2
5523,2020/09/16,4,2,5,1
5524,2020/09/17,7,6,8,2
5525,2020/09/18,3,5,4,2
5526,2020/09/21,2,1,8,2
5527,2020/09/22,9,5,6,6
5528,2020/09/23,4,2,1,8
5529,2020/09/24,1,1,3,1
5530,2020/09/25,2,0,6,3
5531,2020/09/28,2,1,2,8
5532,2020/09/29,1,2,8,8
5533,2020/09/30,7,1,0,6
5534,2020/10/01,4,3,8,0
5535,2020/10/02,1,6,1,0
5536,2020/10/05,4,2,2,8
5537,2020/10/06,4,0,8,6
5538,2020/10/07,2,9,7,2
5539,2020/10/08,2,2,9,9
5540,2020/10/09,6,9,6,3
5541,2020/10/12,9,6,8,4
5542,2020/10/13,7,9,7,7
5543,2020/10/14,1,5,9,9
5544,2020/10/15,4,1,1,4
5545,2020/10/16,6,0,6,3
5546,2020/10/19,1,2,2,2
5547,2020/10/20,0,1,0,3
5548,2020/10/21,4,3,0,1
5549,2020/10/22,8,8,6,6
5550,2020/10/23,6,5,1,8
5551,2020/10/26,8,7,2,2
5552,2020/10/27,4,2,0,8
5553,2020/10/28,5,0,1,0
5554,2020/10/29,2,0,2,4
5555,2020/10/30,5,5,5,2
5556,2020/11/02,0,2,5,6
5557,2020/11/03,6,6,1,5
5558,2020/11/04,6,2,1,3
5559,2020/11/05,1,7,6,9
5560,2020/11/06,1,6,0,5
5561,2020/11/09,8,5,9,4
5562,2020/11/10,1,6,0,7
5563,2020/11/11,6,6,2,0
5564,2020/11/12,2,5,8,7
5565,2020/11/13,6,9,7,7
5566,2020/11/16,0,6,2,2
5567,2020/11/17,2,3,0,4
5568,2020/11/18,0,6,1,3
5569,2020/11/19,8,0,5,2
5570,2020/11/20,3,9,2,4
5571,2020/11/23,8,0,4,4
5572,2020/11/24,2,9,9,5
5573,2020/11/25,0,7,2,3
5574,2020/11/26,1,7,4,5
5575,2020/11/27,2,1,4,8
5576,2020/11/30,0,3,5,6
5577,2020/12/01,0,2,5,4
5578,2020/12/02,1,4,4,6
5579,2020/12/03,5,1,9,0
5580,2020/12/04,4,6,3,6
5581,2020/12/07,2,8,1,9
5582,2020/12/08,6,5,9,1
5583,2020/12/09,0,0,3,0
5584,2020/12/10,7,5,0,7
5585,2020/12/11,0,5,0,2
5586,2020/12/14,4,5,1,5
5587,2020/12/15,0,4,0,6
5588,2020/12/16,0,2,7,4
5589,2020/12/17,1,9,6,2
5590,2020/12/18,1,1,7,4
5591,2020/12/21,9,9,3,5
5592,2020/12/22,6,6,3,5
5593,2020/12/23,7,3,4,9
5594,2020/12/24,8,7,3,7
5595,2020/12/25,5,8,7,6
5596,2020/12/28,2,0,5,8
5597,2020/12/29,2,6,4,9
5598,2020/12/30,0,1,6,9
5599,2021/01/04,3,2,9,9
5600,2021/01/05,1,5,3,0
5601,2021/01/06,7,1,5,5
5602,2021/01/07,1,9,7,4
5603,2021/01/08,5,8,5,2
5604,2021/01/11,6,4,9,7
5605,2021/01/12,8,6,9,5
5606,2021/01/13,1,9,8,5
5607,2021/01/14,4,8,8,6
5608,2021/01/15,0,9,8,3
5609,2021/01/18,5,1,7,2
5610,2021/01/19,8,8,7,7
5611,2021/01/20,3,3,8,0
5612,2021/01/21,4,7,3,8
5613,2021/01/22,1,6,0,5
5614,2021/01/25,2,0,3,0
5615,2021/01/26,4,2,9,8
5616,2021/01/27,7,7,5,4
5617,2021/01/28,1,1,6,7
5618,2021/01/29,2,5,3,7
5619,2021/02/01,5,3,4,6
5620,2021/02/02,7,1,4,8
5621,2021/02/03,8,7,5,2
5622,2021/02/04,0,1,6,9
5623,2021/02/05,3,1,1,0
5624,2021/02/08,6,5,8,7
5625,2021/02/09,4,7,2,8
5626,2021/02/10,4,3,7,7
5627,2021/02/11,3,8,4,0
5628,2021/02/12,6,0,1,2
5629,2021/02/15,7,9,4,4
5630,2021/02/16,6,9,0,1
5631,2021/02/17,2,9,6,8
5632,2021/02/18,9,6,3,5
5633,2021/02/19,8,8,8,6
5634,2021/02/22,4,2,4,6
5635,2021/02/23,1,9,6,8
5636,2021/02/24,9,4,9,1
5637,2021/02/25,9,6,1,3
5638,2021/02/26,9,6,9,1
5639,2021/03/01,5,3,7,8
5640,2021/03/02,8,1,1,7
5641,2021/03/03,2,6,5,8
5642,2021/03/04,3,3,6,4
5643,2021/03/05,4,5,2,5
5644,2021/03/08,6,2,9,0
5645,2021/03/09,3,9,3,0
5646,2021/03/10,2,9,2,5
5647,2021/03/11,6,0,3,0
5648,2021/03/12,2,9,7,9
5649,2021/03/15,3,5,5,7
5650,2021/03/16,3,8,5,3
5651,2021/03/17,5,5,5,3
5652,2021/03/18,7,3,6,9
5653,2021/03/19,4,1,6,7
5654,2021/03/22,3,2,3,7
5655,2021/03/23,2,5,1,0
5656,2021/03/24,3,1,9,3
5657,2021/03/25,3,6,5,8
5658,2021/03/26,8,1,1,4
5659,2021/03/29,5,6,8,1
5660,2021/03/30,0,2,6,9
5661,2021/03/31,9,9,9,7
5662,2021/04/01,6,2,1,5
5663,2021/04/02,0,3,6,2
5664,2021/04/05,0,8,7,1
5665,2021/04/06,2,1,4,5
5666,2021/04/07,9,1,4,2
5667,2021/04/08,8,5,0,5
5668,2021/04/09,3,7,4,5
5669,2021/04/12,2,5,2,4
5670,2021/04/13,7,3,3,0
5671,2021/04/14,6,0,1,7
5672,2021/04/15,2,7,7,8
5673,2021/04/16,0,7,8,8
5674,2021/04/19,5,7,1,1
5675,2021/04/20,5,0,6,3
5676,2021/04/21,1,7,9,8
5677,2021/04/22,7,2,9,4
5678,2021/04/23,9,7,0,6
5679,2021/04/26,3,7,9,3
5680,2021/04/27,3,1,9,3
5681,2021/04/28,2,8,0,1
5682,2021/04/29,2,3,0,7
5683,2021/04/30,9,6,7,2
5684,2021/05/03,4,4,2,3
5685,2021/05/04,0,3,8,8
5686,2021/05/05,6,1,3,7
5687,2021/05/06,3,5,9,8
5688,2021/05/07,0,9,8,2
5689,2021/05/10,2,7,8,8
5690,2021/05/11,4,2,1,3
5691,2021/05/12,1,6,8,5
5692,2021/05/13,0,4,4,8
5693,2021/05/14,5,0,3,9
5694,2021/05/17,1,7,9,0
5695,2021/05/18,1,4,8,2
5696,2021/05/19,6,0,7,5
5697,2021/05/20,5,8,1,5
5698,2021/05/21,0,0,9,9
5699,2021/05/24,2,7,3,4
5700,2021/05/25,5,9,4,1
5701,2021/05/26,1,0,8,2
5702,2021/05/27,0,8,2,4
5703,2021/05/28,7,3,6,8
5704,2021/05/31,5,7,8,3
5705,2021/06/01,9,0,8,7
5706,2021/06/02,1,9,9,5
5707,2021/06/03,6,4,6,9
5708,2021/06/04,5,1,9,8
5709,2021/06/07,2,7,5,9
5710,2021/06/08,1,5,0,5
5711,2021/06/09,0,6,2,5
5712,2021/06/10,9,2,3,2
5713,2021/06/11,4,9,0,3
5714,2021/06/14,6,8,9,4
5715,2021/06/15,4,7,3,0
5716,2021/06/16,3,5,5,5
5717,2021/06/17,6,6,3,7
5718,2021/06/18,7,1,5,8
5719,2021/06/21,9,1,3,6
5720,2021/06/22,0,1,3,0
5721,2021/06/23,0,8,9,2
5722,2021/06/24,2,9,2,0
5723,2021/06/25,2,4,7,9
5724,2021/06/28,5,0,4,7
5725,2021/06/29,3,2,6,8
5726,2021/06/30,1,2,7,5
5727,2021/07/01,8,9,4,1
5728,2021/07/02,1,3,8,2
5729,2021/07/05,8,8,1,9
5730,2021/07/06,3,1,3,0
5731,2021/07/07,8,0,2,3
5732,2021/07/08,1,9,0,3
5733,2021/07/09,1,5,8,5
5734,2021/07/12,6,9,1,5
5735,2021/07/13,5,2,1,1
5736,2021/07/14,6,9,9,2
5737,2021/07/15,0,6,7,8
5738,2021/07/16,5,1,0,4
5739,2021/07/19,6,1,0,9
5740,2021/07/20,5,0,3,8
5741,2021/07/21,6,4,3,8
5742,2021/07/22,9,9,2,1
5743,2021/07/23,1,0,1,2
5744,2021/07/26,4,5,9,4
5745,2021/07/27,7,6,0,0
5746,2021/07/28,8,7,6,3
5747,2021/07/29,1,6,7,8
5748,2021/07/30,7,5,0,6
5749,2021/08/02,9,6,2,7
5750,2021/08/03,8,3,6,5
5751,2021/08/04,1,7,8,3
5752,2021/08/05,0,7,9,8
5753,2021/08/06,9,8,6,0
5754,2021/08/09,2,0,8,5
5755,2021/08/10,2,6,1,0
5756,2021/08/11,0,9,8,5
5757,2021/08/12,8,5,4,7
5758,2021/08/13,0,9,4,9
5759,2021/08/16,7,3,4,2
5760,2021/08/17,9,1,9,1
5761,2021/08/18,4,8,6,1
5762,2021/08/19,1,2,7,5
5763,2021/08/20,6,6,5,9
5764,2021/08/23,8,4,9,4
5765,2021/08/24,2,0,5,8
5766,2021/08/25,3,5,0,0
5767,2021/08/26,3,6,3,1
5768,2021/08/27,2,6,1,5
5769,2021/08/30,0,7,1,5
5770,2021/08/31,9,8,7,9
5771,2021/09/01,4,7,2,3
5772,2021/09/02,3,4,7,6
5773,2021/09/03,4,8,5,8
5774,2021/09/06,6,1,6,3
5775,2021/09/07,0,5,4,6
5776,2021/09/08,1,0,2,2
5777,2021/09/09,3,5,5,0
5778,2021/09/10,5,8,5,3
5779,2021/09/13,9,2,7,2
5780,2021/09/14,8,8,8,5
5781,2021/09/15,2,4,0,9
5782,2021/09/16,1,1,0,8
5783,2021/09/17,3,0,4,3
5784,2021/09/20,8,6,9,4
5785,2021/09/21,6,5,2,0
5786,2021/09/22,4,4,3,3
5787,2021/09/23,0,3,2,3
5788,2021/09/24,2,8,7,3
5789,2021/09/27,6,9,3,1
5790,2021/09/28,6,1,5,7
5791,2021/09/29,4,2,0,8
5792,2021/09/30,2,6,9,1
5793,2021/10/01,9,4,4,5
5794,2021/10/04,3,1,4,4
5795,2021/10/05,3,5,4,4
5796,2021/10/06,8,4,6,4
5797,2021/10/07,7,2,4,2
5798,2021/10/08,5,0,4,1
5799,2021/10/11,1,8,4,8
5800,2021/10/12,0,5,6,3
5801,2021/10/13,9,3,9,5
5802,2021/10/14,0,4,3,6
5803,2021/10/15,2,8,9,2
5804,2021/10/18,4,2,0,1
5805,2021/10/19,6,0,5,8
5806,2021/10/20,1,1,0,9
5807,2021/10/21,4,8,2,5
5808,2021/10/22,1,8,6,9
5809,2021/10/25,2,3,7,0
5810,2021/10/26,6,9,1,8
5811,2021/10/27,5,4,7,6
5812,2021/10/28,9,4,4,2
5813,2021/10/29,2,8,5,0
5814,2021/11/01,7,0,6,3
5815,2021/11/02,5,1,3,3
5816,2021/11/03,7,9,0,2
5817,2021/11/04,9,0,2,1
5818,2021/11/05,3,7,1,3
5819,2021/11/08,1,0,8,9
5820,2021/11/09,2,1,2,1
5821,2021/11/10,9,3,1,9
5822,2021/11/11,4,5,6,9
5823,2021/11/12,1,1,4,9
5824,2021/11/15,8,4,2,5
5825,2021/11/16,3,8,3,3
5826,2021/11/17,8,2,3,1
5827,2021/11/18,8,4,8,1
5828,2021/11/19,4,8,8,0
5829,2021/11/22,1,2,0,5
5830,2021/11/23,8,8,4,2
5831,2021/11/24,5,4,2,7
5832,2021/11/25,4,2,2,3
5833,2021/11/26,3,0,4,4
5834,2021/11/29,8,6,2,4
5835,2021/11/30,4,5,9,4
5836,2021/12/01,4,6,4,3
5837,2021/12/02,7,2,6,9
5838,2021/12/03,1,8,8,8
5839,2021/12/06,6,7,7,0
5840,2021/12/07,8,9,5,1
5841,2021/12/08,8,4,3,8
5842,2021/12/09,5,7,4,1
5843,2021/12/10,9,6,3,6
5844,2021/12/13,2,3,8,1
5845,2021/12/14,1,2,5,0
5846,2021/12/15,7,2,4,6
5847,2021/12/16,6,5,7,2
5848,2021/12/17,9,6,1,3
5849,2021/12/20,1,7,4,3
5850,2021/12/21,3,5,8,2
5851,2021/12/22,7,3,9,9
5852,2021/12/23,8,5,4,4
5853,2021/12/24,0,8,0,7
5854,2021/12/27,9,7,1,5
5855,2021/12/28,4,2,0,5
5856,2021/12/29,4,5,5,9
5857,2021/12/30,4,7,0,9
5858,2022/01/04,0,7,0,9
5859,2022/01/05,8,1,7,6
5860,2022/01/06,8,6,3,8
5861,2022/01/07,7,7,3,1
5862,2022/01/10,6,7,6,8
5863,2022/01/11,5,7,1,1
5864,2022/01/12,1,6,2,7
5865,2022/01/13,4,8,9,2
5866,2022/01/14,0,9,0,3
5867,2022/01/17,2,8,8,1
5868,2022/01/18,4,1,9,9
5869,2022/01/19,5,6,3,5
5870,2022/01/20,9,0,2,4
5871,2022/01/21,0,8,5,5
5872,2022/01/24,0,3,8,3
5873,2022/01/25,4,3,6,3
5874,2022/01/26,5,0,4,6
5875,2022/01/27,3,4,2,9
5876,2022/01/28,2,1,6,2
5877,2022/01/31,3,0,5,2
5878,2022/02/01,5,6,0,2
5879,2022/02/02,3,3,8,3
5880,2022/02/03,0,0,0,7
5881,2022/02/04,5,8,7,2
5882,2022/02/07,9,4,3,2
5883,2022/02/08,8,3,7,7
5884,2022/02/09,8,2,5,5
5885,2022/02/10,8,5,7,7
5886,2022/02/11,1,2,9,2
5887,2022/02/14,3,4,1,8
5888,2022/02/15,9,5,1,0
5889,2022/02/16,2,3,3,4
5890,2022/02/17,5,6,8,5
5891,2022/02/18,5,9,2,2
5892,2022/02/21,0,0,1,0
5893,2022/02/22,8,1,0,8
5894,2022/02/23,5,6,3,2
5895,2022/02/24,3,2,8,9
5896,2022/02/25,1,5,5,4
5897,2022/02/28,4,8,0,3
5898,2022/03/01,5,2,7,9
5899,2022/03/02,3,3,6,5
5900,2022/03/03,1,9,9,0
5901,2022/03/04,3,5,9,1
5902,2022/03/07,8,4,3,2
5903,2022/03/08,8,7,2,6
5904,2022/03/09,5,6,9,2
5905,2022/03/10,6,9,9,2
5906,2022/03/11,6,7,7,4
5907,2022/03/14,1,7,6,3
5908,2022/03/15,3,9,1,3
5909,2022/03/16,7,7,3,3
5910,2022/03/17,1,3,4,6
5911,2022/03/18,4,8,4,4
5912,2022/03/21,4,2,1,8
5913,2022/03/22,8,9,8,4
5914,2022/03/23,8,4,3,2
5915,2022/03/24,1,3,7,8
5916,2022/03/25,1,1,8,8
5917,2022/03/28,7,7,3,8
5918,2022/03/29,4,9,0,9
5919,2022/03/30,0,0,3,6
5920,2022/03/31,0,3,8,9
5921,2022/04/01,7,1,3,6
5922,2022/04/04,7,0,0,0
5923,2022/04/05,8,9,8,6
5924,2022/04/06,9,0,9,4
5925,2022/04/07,1,8,5,8
5926,2022/04/08,0,8,9,6
5927,2022/04/11,7,4,9,5
5928,2022/04/12,0,4,7,9
5929,2022/04/13,3,2,2,1
5930,2022/04/14,7,8,4,4
5931,2022/04/15,1,0,2,6
5932,2022/04/18,2,0,2,5
5933,2022/04/19,6,4,8,1
5934,2022/04/20,8,6,3,5
5935,2022/04/21,9,9,7,0
5936,2022/04/22,7,0,0,5
5937,2022/04/25,0,9,6,6
5938,2022/04/26,6,2,3,0
5939,2022/04/27,6,3,9,9
5940,2022/04/28,1,6,2,9
5941,2022/04/29,9,5,4,5
5942,2022/05/02,0,1,3,9
5943,2022/05/03,7,1,1,3
5944,2022/05/04,5,2,2,2
5945,2022/05/05,8,9,7,7
5946,2022/05/06,7,1,2,7
5947,2022/05/09,4,0,8,6
5948,2022/05/10,9,5,3,3
5949,2022/05/11,2,8,0,4
5950,2022/05/12,3,6,6,1
5951,2022/05/13,6,3,4,8
5952,2022/05/16,2,3,0,4
5953,2022/05/17,1,9,6,0
5954,2022/05/18,9,0,1,5
5955,2022/05/19,3,2,7,2
5956,2022/05/20,2,3,3,4
5957,2022/05/23,6,8,0,1
5958,2022/05/24,7,5,7,4
5959,2022/05/25,6,5,7,5
5960,2022/05/26,5,1,2,8
5961,2022/05/27,5,3,9,3
5962,2022/05/30,1,5,9,0
5963,2022/05/31,4,0,5,8
5964,2022/06/01,6,3,5,7
5965,2022/06/02,1,3,1,2
5966,2022/06/03,9,9,1,9
5967,2022/06/06,3,1,9,7
5968,2022/06/07,1,1,9,8
5969,2022/06/08,4,1,8,5
5970,2022/06/09,7,3,6,3
5971,2022/06/10,5,8,0,8
5972,2022/06/13,9,3,6,6
5973,2022/06/14,6,8,4,0
5974,2022/06/15,7,9,6,8
5975,2022/06/16,5,3,0,2
5976,2022/06/17,6,0,9,2
5977,2022/06/20,1,0,9,9
5978,2022/06/21,3,2,5,6
5979,2022/06/22,7,5,2,3
5980,2022/06/23,2,0,5,7
5981,2022/06/24,0,4,3,3
5982,2022/06/27,7,3,3,5
5983,2022/06/28,9,2,1,0
5984,2022/06/29,2,3,5,0
5985,2022/06/30,4,8,4,1
5986,2022/07/01,9,7,7,1
5987,2022/07/04,1,9,2,1
5988,2022/07/05,0,4,4,0
5989,2022/07/06,7,6,7,7
5990,2022/07/07,8,3,3,6
5991,2022/07/08,8,2,0,9
5992,2022/07/11,6,9,0,3
5993,2022/07/12,3,7,2,6
5994,2022/07/13,0,6,7,9
5995,2022/07/14,0,7,9,1
5996,2022/07/15,1,6,5,6
5997,2022/07/18,8,1,3,6
5998,2022/07/19,7,1,4,0
5999,2022/07/20,3,0,7,8
6000,2022/07/21,6,9,9,0
6001,2022/07/22,4,3,0,6
6002,2022/07/25,1,5,4,0
6003,2022/07/26,9,0,6,2
6004,2022/07/27,8,6,4,5
6005,2022/07/28,4,3,9,8
6006,2022/07/29,5,1,2,5
6007,2022/08/01,6,7,8,7
6008,2022/08/02,6,7,9,1
6009,2022/08/03,7,4,5,3
6010,2022/08/04,2,0,5,7
6011,2022/08/05,6,7,7,1
6012,2022/08/08,8,3,9,4
6013,2022/08/09,1,9,3,2
6014,2022/08/10,2,4,9,0
6015,2022/08/11,9,7,7,9
6016,2022/08/12,9,7,5,0
6017,2022/08/15,6,5,5,4
6018,2022/08/16,6,8,0,2
6019,2022/08/17,7,1,4,8
6020,2022/08/18,1,2,7,8
6021,2022/08/19,4,2,3,8
6022,2022/08/22,0,5,9,1
6023,2022/08/23,6,7,4,3
6024,2022/08/24,2,6,7,3
6025,2022/08/25,5,4,6,0
6026,2022/08/26,8,8,4,1
6027,2022/08/29,4,2,8,4
6028,2022/08/30,4,6,7,4
6029,2022/08/31,6,9,3,3
6030,2022/09/01,4,0,7,4
6031,2022/09/02,8,5,3,0
6032,2022/09/05,7,1,0,5
6033,2022/09/06,4,7,9,8
6034,2022/09/07,0,3,0,6
6035,2022/09/08,3,7,0,3
6036,2022/09/09,8,1,4,9
6037,2022/09/12,6,6,7,9
6038,2022/09/13,8,2,2,2
6039,2022/09/14,1,7,7,7
6040,2022/09/15,2,8,0,8
6041,2022/09/16,5,2,0,0
6042,2022/09/19,7,3,0,6
6043,2022/09/20,8,1,0,3
6044,2022/09/21,6,8,7,2
6045,2022/09/22,8,3,9,9
6046,2022/09/23,0,7,5,8
6047,2022/09/26,2,2,9,9
6048,2022/09/27,6,9,5,9
6049,2022/09/28,6,4,7,3
6050,2022/09/29,9,8,6,1
6051,2022/09/30,2,0,1,7
6052,2022/10/03,2,6,0,8
6053,2022/10/04,0,9,8,0
6054,2022/10/05,9,8,4,3
6055,2022/10/06,8,5,4,0
6056,2022/10/07,1,0,2,0
6057,2022/10/10,0,9,1,8
6058,2022/10/11,1,3,1,3
6059,2022/10/12,7,6,0,1
6060,2022/10/13,0,4,3,4
6061,2022/10/14,2,7,5,4
6062,2022/10/17,3,7,4,5
6063,2022/10/18,5,8,4,5
6064,2022/10/19,5,5,1,3
6065,2022/10/20,2,6,7,5
6066,2022/10/21,3,5,4,0
6067,2022/10/24,6,0,5,8
6068,2022/10/25,8,7,1,2
6069,2022/10/26,1,0,8,2
6070,2022/10/27,6,1,5,2
6071,2022/10/28,9,9,3,7
6072,2022/10/31,6,1,0,2
6073,2022/11/01,3,5,6,3
6074,2022/11/02,2,0,1,6
6075,2022/11/03,2,5,6,6
6076,2022/11/04,0,7,7,6
6077,2022/11/07,4,9,9,2
6078,2022/11/08,9,0,5,5
6079,2022/11/09,3,0,1,8
6080,2022/11/10,3,7,9,0
6081,2022/11/11,7,5,3,5
6082,2022/11/14,4,9,4,0
6083,2022/11/15,2,7,8,2
6084,2022/11/16,9,2,8,5
6085,2022/11/17,0,5,5,6
6086,2022/11/18,4,5,4,9
6087,2022/11/21,4,4,3,1
6088,2022/11/22,4,9,6,7
6089,2022/11/23,3,8,6,2
6090,2022/11/24,6,3,4,9
6091,2022/11/25,2,8,1,8
6092,2022/11/28,8,2,9,7
6093,2022/11/29,3,2,0,7
6094,2022/11/30,0,0,1,7
6095,2022/12/01,0,4,7,3
6096,2022/12/02,5,7,5,6
6097,2022/12/05,8,4,5,5
6098,2022/12/06,5,5,4,2
6099,2022/12/07,5,7,6,3
6100,2022/12/08,7,3,5,3
6101,2022/12/09,5,4,8,6
6102,2022/12/12,5,6,4,1
6103,2022/12/13,1,5,0,0
6104,2022/12/14,5,3,6,9
6105,2022/12/15,3,6,9,2
6106,2022/12/16,9,4,2,8
6107,2022/12/19,9,1,8,4
6108,2022/12/20,9,8,5,3
6109,2022/12/21,3,5,2,2
6110,2022/12/22,7,8,7,9
6111,2022/12/23,6,6,9,4
6112,2022/12/26,3,8,9,8
6113,2022/12/27,2,1,3,1
6114,2022/12/28,5,9,5,3
6115,2022/12/29,0,3,3,5
6116,2022/12/30,2,5,7,2
6117,2023/01/04,5,4,0,9
6118,2023/01/05,3,5,9,2
6119,2023/01/06,2,6,5,2
6120,2023/01/09,0,3,9,5
6121,2023/01/10,4,6,0,8
6122,2023/01/11,1,7,5,1
6123,2023/01/12,9,7,0,2
6124,2023/01/13,6,2,3,3
6125,2023/01/16,5,9,2,5
6126,2023/01/17,0,5,2,5
6127,2023/01/18,4,4,6,2
6128,2023/01/19,3,0,1,3
6129,2023/01/20,2,2,0,3
6130,2023/01/23,1,3,4,9
6131,2023/01/24,8,4,2,8
6132,2023/01/25,5,2,2,4
6133,2023/01/26,7,2,4,8
6134,2023/01/27,5,2,3,8
6135,2023/01/30,9,0,3,4
6136,2023/01/31,0,4,5,7
6137,2023/02/01,1,7,8,1
6138,2023/02/02,1,7,6,6
6139,2023/02/03,0,5,3,4
6140,2023/02/06,4,5,0,9
6141,2023/02/07,2,6,9,7
6142,2023/02/08,0,9,9,0
6143,2023/02/09,4,8,1,0
6144,2023/02/10,9,4,1,4
6145,2023/02/13,2,5,7,7
6146,2023/02/14,1,1,3,7
6147,2023/02/15,3,4,8,9
6148,2023/02/16,9,1,6,8
6149,2023/02/17,8,4,1,4
6150,2023/02/20,9,1,2,7
6151,2023/02/21,0,0,1,8
6152,2023/02/22,7,5,1,7
6153,2023/02/23,1,1,5,6
6154,2023/02/24,3,3,0,7
6155,2023/02/27,3,1,0,7
6156,2023/02/28,7,1,8,8
6157,2023/03/01,4,9,8,5
6158,2023/03/02,8,5,6,8
6159,2023/03/03,2,0,0,6
6160,2023/03/06,9,7,4,8
6161,2023/03/07,8,3,8,6
6162,2023/03/08,3,4,8,2
6163,2023/03/09,2,1,4,0
6164,2023/03/10,8,6,8,2
6165,2023/03/13,3,5,8,8
6166,2023/03/14,7,4,9,7
6167,2023/03/15,7,0,5,2
6168,2023/03/16,6,3,6,6
6169,2023/03/17,2,0,4,6
6170,2023/03/20,8,3,4,4
6171,2023/03/21,4,1,6,3
6172,2023/03/22,0,9,3,2
6173,2023/03/23,4,4,3,9
6174,2023/03/24,4,2,4,3
6175,2023/03/27,1,6,1,4
6176,2023/03/28,9,5,2,6
6177,2023/03/29,2,3,8,9
6178,2023/03/30,3,0,2,5
6179,2023/03/31,9,6,3,1
6180,2023/04/03,7,8,1,5
6181,2023/04/04,8,7,0,5
6182,2023/04/05,7,2,1,1
6183,2023/04/06,0,3,1,7
6184,2023/04/07,1,9,6,2
6185,2023/04/10,4,8,5,5
6186,2023/04/11,2,6,1,7
6187,2023/04/12,6,6,5,1
6188,2023/04/13,3,9,5,9
6189,2023/04/14,9,7,8,8
6190,2023/04/17,8,2,9,7
6191,2023/04/18,3,4,6,6
6192,2023/04/19,6,6,5,5
6193,2023/04/20,0,1,2,0
6194,2023/04/21,2,3,7,1
6195,2023/04/24,1,6,7,9
6196,2023/04/25,6,6,0,2
6197,2023/04/26,2,6,1,3
6198,2023/04/27,2,7,8,4
6199,2023/04/28,6,0,8,3
6200,2023/05/01,2,8,0,6
6201,2023/05/02,3,1,5,9
6202,2023/05/03,5,6,5,8
6203,2023/05/04,3,0,8,4
6204,2023/05/05,2,5,5,8
6205,2023/05/08,2,9,5,4
6206,2023/05/09,8,9,7,7
6207,2023/05/10,3,7,1,2
6208,2023/05/11,0,0,4,8
6209,2023/05/12,2,4,9,4
6210,2023/05/15,7,2,1,1
6211,2023/05/16,5,1,5,8
6212,2023/05/17,6,9,8,7
6213,2023/05/18,9,2,6,2
6214,2023/05/19,8,9,9,0
6215,2023/05/22,7,1,4,3
6216,2023/05/23,9,8,2,6
6217,2023/05/24,4,6,4,5
6218,2023/05/25,9,9,1,8
6219,2023/05/26,1,7,4,2
6220,2023/05/29,0,2,4,7
6221,2023/05/30,7,9,0,6
6222,2023/05/31,1,2,4,6
6223,2023/06/01,7,4,9,4
6224,2023/06/02,1,8,8,0
6225,2023/06/05,8,0,3,4
6226,2023/06/06,1,3,0,8
6227,2023/06/07,6,8,4,3
6228,2023/06/08,0,5,0,3
6229,2023/06/09,2,7,7,6
6230,2023/06/12,1,3,6,0
6231,2023/06/13,7,4,2,1
6232,2023/06/14,9,8,9,4
6233,2023/06/15,6,7,7,6
6234,2023/06/16,2,3,6,2
6235,2023/06/19,0,2,9,9
6236,2023/06/20,8,1,2,7
6237,2023/06/21,1,1,7,0
6238,2023/06/22,4,9,5,2
6239,2023/06/23,7,4,5,2
6240,2023/06/26,4,5,8,6
6241,2023/06/27,5,1,0,3
6242,2023/06/28,1,8,9,9
6243,2023/06/29,9,0,9,8
6244,2023/06/30,2,7,7,4
6245,2023/07/03,8,1,6,4
6246,2023/07/04,3,8,9,9
6247,2023/07/05,8,4,4,6
6248,2023/07/06,8,0,9,2
6249,2023/07/07,2,9,0,3
6250,2023/07/10,2,7,9,9
6251,2023/07/11,8,7,6,6
6252,2023/07/12,0,1,7,9
6253,2023/07/13,4,6,4,7
6254,2023/07/14,2,1,7,5
6255,2023/07/17,9,7,6,0
6256,2023/07/18,5,2,4,1
6257,2023/07/19,3,4,1,6
6258,2023/07/20,2,2,4,7
6259,2023/07/21,9,3,3,4
6260,2023/07/24,1,1,2,1
6261,2023/07/25,9,7,9,3
6262,2023/07/26,5,8,6,7
6263,2023/07/27,2,8,8,2
6264,2023/07/28,8,0,7,1
6265,2023/07/31,8,5,4,9
6266,2023/08/01,7,1,6,9
6267,2023/08/02,3,0,9,0
6268,2023/08/03,3,8,0,5
6269,2023/08/04,0,3,6,9
6270,2023/08/07,5,2,9,4
6271,2023/08/08,9,5,6,6
6272,2023/08/09,5,0,6,9
6273,2023/08/10,3,7,9,3
6274,2023/08/11,1,2,2,6
6275,2023/08/14,5,8,9,7
6276,2023/08/15,5,6,7,7
6277,2023/08/16,5,0,5,4
6278,2023/08/17,1,6,9,7
6279,2023/08/18,7,4,2,5
6280,2023/08/21,5,5,1,7
6281,2023/08/22,4,5,3,7
6282,2023/08/23,3,2,9,5
6283,2023/08/24,7,7,8,0
6284,2023/08/25,8,5,9,7
6285,2023/08/28,0,8,5,5
6286,2023/08/29,1,3,0,8
6287,2023/08/30,8,3,9,3
6288,2023/08/31,4,0,4,4
6289,2023/09/01,5,2,8,6
6290,2023/09/04,1,4,3,4
6291,2023/09/05,1,1,1,5
6292,2023/09/06,2,9,8,8
6293,2023/09/07,9,3,9,8
6294,2023/09/08,6,4,7,0
6295,2023/09/11,1,1,3,4
6296,2023/09/12,1,1,0,8
6297,2023/09/13,6,3,7,2
6298,2023/09/14,0,4,0,2
6299,2023/09/15,7,2,1,9
6300,2023/09/18,8,5,8,7
6301,2023/09/19,3,9,1,4
6302,2023/09/20,0,0,0,3
6303,2023/09/21,3,4,0,0
6304,2023/09/22,7,3,8,4
6305,2023/09/25,5,5,6,3
6306,2023/09/26,2,6,6,8
6307,2023/09/27,5,3,6,7
6308,2023/09/28,5,6,6,2
6309,2023/09/29,8,2,8,6
6310,2023/10/02,6,1,8,3
6311,2023/10/03,5,3,8,4
6312,2023/10/04,2,9,5,9
6313,2023/10/05,8,4,6,1
6314,2023/10/06,8,3,0,5
6315,2023/10/09,6,2,8,3
6316,2023/10/10,5,0,4,8
6317,2023/10/11,6,3,0,1
6318,2023/10/12,2,2,7,7
6319,2023/10/13,5,9,9,7
6320,2023/10/16,9,3,0,4
6321,2023/10/17,7,3,7,9
6322,2023/10/18,1,5,9,8
6323,2023/10/19,2,7,6,2
6324,2023/10/20,3,3,0,2
6325,2023/10/23,8,2,8,2
6326,2023/10/24,3,4,6,1
6327,2023/10/25,7,0,5,9
6328,2023/10/26,1,9,5,4
6329,2023/10/27,1,7,6,3
6330,2023/10/30,1,4,8,7
6331,2023/10/31,0,9,4,5
6332,2023/11/01,0,4,6,9
6333,2023/11/02,3,3,8,8
6334,2023/11/03,5,7,6,4
6335,2023/11/06,3,9,3,3
6336,2023/11/07,3,8,6,1
6337,2023/11/08,1,5,5,9
6338,2023/11/09,0,2,3,1
6339,2023/11/10,7,1,9,7
6340,2023/11/13,6,1,5,4
6341,2023/11/14,7,2,7,7
6342,2023/11/15,6,5,6,2
6343,2023/11/16,3,9,8,9
6344,2023/11/17,2,1,1,1
6345,2023/11/20,8,8,6,7
6346,2023/11/21,2,9,3,0
6347,2023/11/22,6,9,7,7
6348,2023/11/23,1,2,3,9
6349,2023/11/24,9,1,9,8
6350,2023/11/27,0,2,7,1
6351,2023/11/28,4,0,7,7
6352,2023/11/29,2,3,1,7
6353,2023/11/30,1,1,8,4
6354,2023/12/01,5,8,9,2
6355,2023/12/04,7,6,4,8
6356,2023/12/05,1,3,0,4
6357,2023/12/06,5,2,3,5
6358,2023/12/07,6,5,2,9
6359,2023/12/08,5,7,5,1
6360,2023/12/11,3,8,7,2
6361,2023/12/12,0,9,5,9
6362,2023/12/13,2,4,8,7
6363,2023/12/14,1,2,2,8
6364,2023/12/15,8,2,8,4
6365,2023/12/18,9,1,1,6
6366,2023/12/19,8,6,9,6
6367,2023/12/20,6,1,4,7
6368,2023/12/21,2,8,7,0
6369,2023/12/22,2,9,8,6
6370,2023/12/25,9,1,3,4
6371,2023/12/26,2,4,7,3
6372,2023/12/27,0,9,4,2
6373,2023/12/28,8,1,0,4
6374,2023/12/29,0,3,7,7
6375,2024/01/04,7,4,0,5
6376,2024/01/05,5,1,7,0
6377,2024/01/08,4,5,8,7
6378,2024/01/09,1,6,1,0
6379,2024/01/10,7,1,2,4
6380,2024/01/11,9,2,1,4
6381,2024/01/12,0,9,4,4
6382,2024/01/15,0,0,8,0
6383,2024/01/16,8,8,9,5
6384,2024/01/17,2,2,9,3
6385,2024/01/18,2,8,6,4
6386,2024/01/19,8,0,9,5
6387,2024/01/22,2,6,5,1
6388,2024/01/23,8,9,1,3
6389,2024/01/24,2,1,9,9
6390,2024/01/25,3,6,4,8
6391,2024/01/26,4,1,0,8
6392,2024/01/29,9,3,5,3
6393,2024/01/30,2,1,3,7
6394,2024/01/31,6,8,0,6
6395,2024/02/01,9,3,5,8
6396,2024/02/02,4,6,9,2
6397,2024/02/05,6,7,2,4
6398,2024/02/06,3,0,0,3
6399,2024/02/07,9,3,7,2
6400,2024/02/08,0,0,0,6
6401,2024/02/09,5,3,8,9
6402,2024/02/12,0,0,4,5
6403,2024/02/13,0,7,1,0
6404,2024/02/14,7,2,2,9
6405,2024/02/15,7,0,2,9
6406,2024/02/16,4,2,0,8
6407,2024/02/19,7,3,9,0
6408,2024/02/20,0,0,4,2
6409,2024/02/21,2,3,6,1
6410,2024/02/22,7,5,1,9
6411,2024/02/23,5,6,5,1
6412,2024/02/26,6,8,6,4
6413,2024/02/27,5,8,6,8
6414,2024/02/28,0,8,2,5
6415,2024/02/29,9,5,5,0
6416,2024/03/01,3,5,6,0
6417,2024/03/04,4,5,1,1
6418,2024/03/05,9,8,9,2
6419,2024/03/06,9,4,8,2
6420,2024/03/07,6,8,2,2
6421,2024/03/08,8,7,6,3
6422,2024/03/11,7,4,6,8
6423,2024/03/12,9,1,4,6
6424,2024/03/13,0,0,1,7
6425,2024/03/14,6,5,9,9
6426,2024/03/15,3,9,8,8
6427,2024/03/18,5,0,0,4
6428,2024/03/19,5,9,6,1
6429,2024/03/20,6,4,9,6
6430,2024/03/21,3,2,3,7
6431,2024/03/22,5,4,8,5
6432,2024/03/25,0,2,2,4
6433,2024/03/26,2,8,1,4
6434,2024/03/27,4,3,6,0
6435,2024/03/28,3,9,1,8
6436,2024/03/29,8,3,9,9
6437,2024/04/01,3,4,8,9
6438,2024/04/02,4,5,9,1
6439,2024/04/03,8,6,4,0
6440,2024/04/04,6,2,8,0
6441,2024/04/05,3,3,6,4
6442,2024/04/08,2,7,4,3
6443,2024/04/09,1,0,0,2
6444,2024/04/10,4,1,7,0
6445,2024/04/11,2,5,1,8
6446,2024/04/12,8,1,5,8
6447,2024/04/15,0,5,9,7
6448,2024/04/16,5,8,4,5
6449,2024/04/17,3,5,6,3
6450,2024/04/18,3,6,9,0
6451,2024/04/19,0,2,0,7
6452,2024/04/22,1,4,5,9
6453,2024/04/23,9,3,1,9
6454,2024/04/24,7,8,7,4
6455,2024/04/25,6,1,1,8
6456,2024/04/26,7,2,1,0
6457,2024/04/29,0,0,4,0
6458,2024/04/30,3,2,7,5
6459,2024/05/01,6,1,3,5
6460,2024/05/02,7,9,8,7
6461,2024/05/03,1,3,2,3
6462,2024/05/06,9,1,0,0
6463,2024/05/07,3,3,6,0
6464,2024/05/08,1,3,6,1
6465,2024/05/09,8,5,9,3
6466,2024/05/10,6,9,6,5
6467,2024/05/13,2,0,6,4
6468,2024/05/14,7,1,6,7
6469,2024/05/15,7,9,6,5
6470,2024/05/16,6,8,7,7
6471,2024/05/17,1,3,8,0
6472,2024/05/20,8,5,8,8
6473,2024/05/21,4,6,7,7
6474,2024/05/22,8,0,0,6
6475,2024/05/23,4,6,5,6
6476,2024/05/24,5,2,0,1
6477,2024/05/27,5,7,3,7
6478,2024/05/28,3,6,1,8
6479,2024/05/29,3,6,4,4
6480,2024/05/30,5,7,8,2
6481,2024/05/31,1,4,6,9
6482,2024/06/03,9,9,4,7
6483,2024/06/04,5,9,3,0
6484,2024/06/05,9,6,5,6
6485,2024/06/06,2,3,8,4
6486,2024/06/07,9,1,4,3
6487,2024/06/10,0,3,4,8
6488,2024/06/11,9,4,0,0
6489,2024/06/12,4,0,1,1
6490,2024/06/13,1,6,9,1
6491,2024/06/14,5,5,0,5
6492,2024/06/17,5,6,4,0
6493,2024/06/18,2,0,4,5
6494,2024/06/19,2,6,4,6
6495,2024/06/20,2,3,2,2
6496,2024/06/21,6,5,9,3
6497,2024/06/24,2,0,4,9
6498,2024/06/25,8,3,3,7
6499,2024/06/26,7,5,5,6
6500,2024/06/27,2,5,5,2
6501,2024/06/28,7,2,8,5
6502,2024/07/01,6,8,3,6
6503,2024/07/02,5,2,4,0
6504,2024/07/03,4,8,9,6
6505,2024/07/04,4,3,6,5
6506,2024/07/05,6,7,1,5
6507,2024/07/08,2,2,0,8
6508,2024/07/09,9,1,0,8
6509,2024/07/10,7,1,3,2
6510,2024/07/11,5,2,0,9
6511,2024/07/12,9,3,4,5
6512,2024/07/15,8,0,2,3
6513,2024/07/16,7,4,8,7
6514,2024/07/17,2,7,1,0
6515,2024/07/18,6,2,3,2
6516,2024/07/19,4,0,4,4
6517,2024/07/22,9,2,8,2
6518,2024/07/23,2,8,2,7
6519,2024/07/24,6,5,3,3
6520,2024/07/25,2,2,5,4
6521,2024/07/26,4,3,8,7
6522,2024/07/29,0,7,8,0
6523,2024/07/30,3,7,8,7
6524,2024/07/31,1,4,1,7
6525,2024/08/01,9,1,1,8
6526,2024/08/02,0,7,9,3
6527,2024/08/05,1,9,5,1
6528,2024/08/06,7,0,0,7
6529,2024/08/07,5,6,2,4
6530,2024/08/08,8,1,1,5
6531,2024/08/09,8,4,2,4
6532,2024/08/12,9,5,3,3
6533,2024/08/13,4,1,6,7
6534,2024/08/14,1,7,7,0
6535,2024/08/15,3,9,6,6
6536,2024/08/16,1,7,9,9
6537,2024/08/19,2,0,5,7
6538,2024/08/20,0,3,5,8
6539,2024/08/21,8,4,1,2
6540,2024/08/22,4,6,1,8
6541,2024/08/23,1,6,0,4
6542,2024/08/26,7,2,3,7
6543,2024/08/27,2,3,9,0
6544,2024/08/28,6,0,0,8
6545,2024/08/29,1,4,9,1
6546,2024/08/30,9,9,0,9
6547,2024/09/02,0,2,0,5
6548,2024/09/03,9,1,4,1
6549,2024/09/04,7,8,2,8
6550,2024/09/05,1,9,1,0
6551,2024/09/06,7,8,8,9
6552,2024/09/09,5,7,0,5
6553,2024/09/10,5,7,4,0
6554,2024/09/11,4,8,3,5
6555,2024/09/12,1,1,3,0
6556,2024/09/13,7,0,5,6
6557,2024/09/16,3,2,3,2
6558,2024/09/17,4,6,0,1
6559,2024/09/18,3,8,4,8
6560,2024/09/19,2,7,9,6
6561,2024/09/20,6,4,1,1
6562,2024/09/23,2,0,9,5
6563,2024/09/24,5,7,9,4
6564,2024/09/25,3,1,1,9
6565,2024/09/26,4,4,8,8
6566,2024/09/27,5,2,2,5
6567,2024/09/30,5,2,1,1
6568,2024/10/01,0,6,0,5
6569,2024/10/02,9,5,6,3
6570,2024/10/03,9,2,9,9
6571,2024/10/04,0,7,8,4
6572,2024/10/07,5,8,1,2
6573,2024/10/08,8,9,0,3
6574,2024/10/09,1,3,1,9
6575,2024/10/10,0,9,4,6
6576,2024/10/11,5,1,2,6
6577,2024/10/14,3,6,6,1
6578,2024/10/15,5,6,6,7
6579,2024/10/16,8,4,0,7
6580,2024/10/17,2,0,0,4
6581,2024/10/18,8,9,2,1
6582,2024/10/21,9,5,4,6
6583,2024/10/22,7,1,7,8
6584,2024/10/23,5,6,6,5
6585,2024/10/24,4,4,2,8
6586,2024/10/25,7,6,7,5
6587,2024/10/28,2,4,0,5
6588,2024/10/29,1,9,9,5
6589,2024/10/30,1,1,3,3
6590,2024/10/31,4,0,5,9
6591,2024/11/01,5,7,0,9
6592,2024/11/04,4,4,1,2
6593,2024/11/05,2,6,6,7
6594,2024/11/06,7,1,4,3
6595,2024/11/07,0,3,1,3
6596,2024/11/08,8,8,8,8
6597,2024/11/11,3,3,6,9
6598,2024/11/12,0,2,0,6
6599,2024/11/13,3,0,0,5
6600,2024/11/14,3,9,5,2
6601,2024/11/15,3,6,3,1
6602,2024/11/18,5,7,3,0
6603,2024/11/19,1,0,8,8
6604,2024/11/20,7,6,4,9
6605,2024/11/21,3,3,4,0
6606,2024/11/22,2,5,3,2
6607,2024/11/25,7,2,2,0
6608,2024/11/26,5,6,5,3
6609,2024/11/27,8,9,6,3
6610,2024/11/28,4,6,4,0
6611,2024/11/29,3,2,1,2
6612,2024/12/02,3,9,2,0
6613,2024/12/03,1,9,7,8
6614,2024/12/04,0,0,0,0
6615,2024/12/05,8,2,5,3
6616,2024/12/06,8,9,3,9
6617,2024/12/09,2,6,1,7
6618,2024/12/10,4,2,5,9
6619,2024/12/11,6,2,1,7
6620,2024/12/12,9,1,0,5
6621,2024/12/13,6,1,9,9
6622,2024/12/16,3,4,2,4
6623,2024/12/17,0,5,9,6
6624,2024/12/18,3,4,9,8
6625,2024/12/19,5,2,1,4
6626,2024/12/20,0,5,8,0
6627,2024/12/23,5,8,9,2
6628,2024/12/24,5,2,3,1
6629,2024/12/25,0,4,7,4
6630,2024/12/26,4,1,1,9
6631,2024/12/27,4,3,8,6
6632,2024/12/30,9,9,8,3
6633,2025/01/06,0,6,8,5
6634,2025/01/07,3,7,5,4
6635,2025/01/08,1,7,8,6
6636,2025/01/09,5,8,0,2
6637,2025/01/10,1,5,9,9
6638,2025/01/13,8,5,8,3
6639,2025/01/14,0,1,3,5
6640,2025/01/15,1,3,6,6
6641,2025/01/16,2,3,2,4
6642,2025/01/17,9,7,7,4
6643,2025/01/20,4,4,0,9
6644,2025/01/21,8,2,5,9
6645,2025/01/22,6,3,8,5
6646,2025/01/23,5,4,2,0
6647,2025/01/24,2,3,1,5
6648,2025/01/27,7,2,4,0
6649,2025/01/28,0,8,9,3
6650,2025/01/29,9,5,9,0
6651,2025/01/30,5,4,0,0
6652,2025/01/31,1,5,9,6
6653,2025/02/03,0,2,3,5
6654,2025/02/04,4,8,2,7
6655,2025/02/05,2,3,1,7
6656,2025/02/06,0,8,5,3
6657,2025/02/07,3,8,8,1
6658,2025/02/10,0,8,5,9
6659,2025/02/11,8,9,4,2
6660,2025/02/12,3,3,4,3
6661,2025/02/13,1,9,4,6
6662,2025/02/14,3,2,7,3
6663,2025/02/17,6,7,4,4
6664,2025/02/18,0,3,8,5
6665,2025/02/19,9,2,6,5
6666,2025/02/20,1,8,9,0
6667,2025/02/21,6,3,9,8
6668,2025/02/24,3,0,2,6
6669,2025/02/25,9,3,7,8
6670,2025/02/26,0,6,6,4
6671,2025/02/27,3,8,3,9
6672,2025/02/28,4,9,6,8
6673,2025/03/03,1,1,7,0
6674,2025/03/04,6,3,1,8
6675,2025/03/05,8,1,9,4
6676,2025/03/06,1,7,8,1
6677,2025/03/07,0,9,4,8
6678,2025/03/10,8,2,5,6
6679,2025/03/11,8,2,6,1
6680,2025/03/12,9,2,0,0
6681,2025/03/13,0,3,8,4
6682,2025/03/14,2,8,5,3
6683,2025/03/17,7,0,0,6
6684,2025/03/18,9,8,4,3
6685,2025/03/19,1,0,8,7
6686,2025/03/20,8,5,5,5
6687,2025/03/21,1,4,3,1
6688,2025/03/24,0,4,8,8
6689,2025/03/25,2,1,9,1
6690,2025/03/26,8,3,9,7
6691,2025/03/27,0,7,4,5
6692,2025/03/28,6,1,8,5
6693,2025/03/31,8,2,2,1
6694,2025/04/01,3,6,7,1
6695,2025/04/02,1,6,9,5
6696,2025/04/03,7,8,9,2
6697,2025/04/04,9,7,2,1
6698,2025/04/07,2,0,7,8
6699,2025/04/08,4,4,1,7
6700,2025/04/09,4,0,1,3
6701,2025/04/10,7,8,5,6
6702,2025/04/11,7,0,1,1
6703,2025/04/14,1,8,2,0
6704,2025/04/15,2,1,6,6
6705,2025/04/16,7,5,5,5
6706,2025/04/17,8,8,4,2
6707,2025/04/18,4,8,1,1
6708,2025/04/21,7,8,3,4
6709,2025/04/22,6,6,9,7
6710,2025/04/23,7,0,5,9
6711,2025/04/24,9,6,8,6
6712,2025/04/25,4,0,7,1
6713,2025/04/28,1,6,7,0
6714,2025/04/29,3,4,4,9
6715,2025/04/30,5,3,2,3
6716,2025/05/01,8,9,6,8
6717,2025/05/02,2,9,4,8
6718,2025/05/05,8,3,9,1
6719,2025/05/06,0,0,8,1
6720,2025/05/07,1,9,5,2
6721,2025/05/08,8,1,5,6
6722,2025/05/09,1,8,8,3
6723,2025/05/12,8,8,9,2
6724,2025/05/13,9,5,6,5
6725,2025/05/14,1,8,9,8
6726,2025/05/15,4,3,6,8
6727,2025/05/16,4,1,1,6
6728,2025/05/19,9,6,0,1
6729,2025/05/20,6,4,1,8
6730,2025/05/21,2,7,6,2
6731,2025/05/22,9,8,9,9
6732,2025/05/23,2,7,1,8
6733,2025/05/26,9,1,1,5
6734,2025/05/27,3,6,9,7
6735,2025/05/28,7,3,5,7
6736,2025/05/29,6,7,7,9
6737,2025/05/30,7,1,4,1
6738,2025/06/02,2,8,3,9
6739,2025/06/03,2,3,7,0
6740,2025/06/04,5,9,4,4
6741,2025/06/05,9,3,1,8
6742,2025/06/06,6,5,6,3
6743,2025/06/09,5,0,8,4
6744,2025/06/10,3,1,4,2
6745,2025/06/11,3,1,7,6
6746,2025/06/12,7,6,6,6
6747,2025/06/13,2,4,8,2
6748,2025/06/16,6,3,2,6
6749,2025/06/17,0,9,7,5
6750,2025/06/18,7,5,9,2
6751,2025/06/19,5,3,5,4
6752,2025/06/20,7,1,0,2
6753,2025/06/23,4,8,0,4
6754,2025/06/24,1,3,5,1
6755,2025/06/25,8,1,7,4
6756,2025/06/26,8,6,2,2
6757,2025/06/27,2,9,4,0
6758,2025/06/30,6,7,5,7
6759,2025/07/01,5,2,6,1
6760,2025/07/02,3,0,9,9
6761,2025/07/03,1,4,7,9
6762,2025/07/04,2,4,5,2
6763,2025/07/07,9,1,8,1
6764,2025/07/08,2,9,8,2
6765,2025/07/09,5,3,5,8
6766,2025/07/10,4,7,9,0
6767,2025/07/11,0,1,7,2
6768,2025/07/14,5,2,9,5
6769,2025/07/15,5,5,5,2
6770,2025/07/16,2,0,3,7
6771,2025/07/17,2,3,3,7
6772,2025/07/18,2,4,6,0
6773,2025/07/21,7,7,8,0
6774,2025/07/22,8,7,1,4
6775,2025/07/23,5,4,9,3
6776,2025/07/24,7,9,2,4
6777,2025/07/25,5,4,5,4
6778,2025/07/28,6,7,1,0
6779,2025/07/29,1,5,9,2
6780,2025/07/30,3,1,7,5
6781,2025/07/31,0,5,3,6
6782,2025/08/01,3,4,9,7
6783,2025/08/04,3,0,8,0
6784,2025/08/05,1,0,2,7
6785,2025/08/06,4,8,7,6
6786,2025/08/07,5,8,3,5
6787,2025/08/08,1,3,6,5
6788,2025/08/11,6,0,1,4
6789,2025/08/12,2,4,5,8
6790,2025/08/13,5,5,4,1
6791,2025/08/14,6,3,6,2
6792,2025/08/15,5,1,4,0
6793,2025/08/18,9,9,5,9
6794,2025/08/19,9,2,8,8
6795,2025/08/20,8,7,4,9
6796,2025/08/21,5,8,0,6
6797,2025/08/22,9,6,6,0
6798,2025/08/25,9,4,6,3
6799,2025/08/26,1,6,2,4
6800,2025/08/27,6,6,9,4
6801,2025/08/28,0,7,7,4
6802,2025/08/29,1,9,2,9
6803,2025/09/01,0,5,4,9
6804,2025/09/02,0,5,3,8
6805,2025/09/03,4,5,9,8
6806,2025/09/04,3,3,7,6
6807,2025/09/05,1,8,7,1
6808,2025/09/08,2,8,4,1
6809,2025/09/09,5,2,6,0
6810,2025/09/10,2,6,7,9
6811,2025/09/11,7,9,6,1
6812,2025/09/12,8,9,9,1
6813,2025/09/15,6,8,6,7
6814,2025/09/16,1,3,1,4
6815,2025/09/17,7,6,0,4
6816,2025/09/18,6,1,5,2
6817,2025/09/19,8,7,2,1
6818,2025/09/22,5,8,0,8
6819,2025/09/23,4,7,8,7
6820,2025/09/24,2,4,7,7
6821,2025/09/25,7,7,2,8
6822,2025/09/26,1,5,4,0
6823,2025/09/29,0,0,1,2
6824,2025/09/30,7,7,6,5
6825,2025/10/01,5,2,8,0
6826,2025/10/02,1,9,1,6
6827,2025/10/03,2,9,6,4
6828,2025/10/06,0,9,3,3
6829,2025/10/07,7,7,1,7
6830,2025/10/08,0,2,2,0
6831,2025/10/09,6,3,5,2
6832,2025/10/10,3,1,4,8
6833,2025/10/13,6,8,9,6
6834,2025/10/14,4,7,0,6
6835,2025/10/15,1,3,5,0
6836,2025/10/16,4,3,2,5
6837,2025/10/17,5,4,4,1
6838,2025/10/20,0,1,0,0
6839,2025/10/21,8,6,0,7
6840,2025/10/22,2,3,2,6
6841,2025/10/23,8,6,1,2
6842,2025/10/24,4,5,9,1
6843,2025/10/27,0,5,2,3
6844,2025/10/28,0,0,1,7
6845,2025/10/29,4,7,1,4
6846,2025/10/30,8,7,2,6
6847,2025/10/31,0,1,3,7
6848,2025/11/03,9,2,7,5
6849,2025/11/04,9,2,2,7
6850,2025/11/05,5,2,8,2
6851,2025/11/06,2,9,8,1
6852,2025/11/07,3,0,4,9
6853,2025/11/10,6,7,2,7
6854,2025/11/11,3,4,0,3
6855,2025/11/12,2,1,2,3
6856,2025/11/13,9,9,9,1
6857,2025/11/14,3,1,1,6
6858,2025/11/17,1,1,8,4
6859,2025/11/18,6,4,4,4
6860,2025/11/19,5,1,8,6
6861,2025/11/20,4,6,9,3
6862,2025/11/21,9,7,4,1
6863,2025/11/24,1,2,5,8
6864,2025/11/25,5,4,4,5
6865,2025/11/26,3,3,2,4
6866,2025/11/27,2,8,0,3
6867,2025/11/28,3,0,7,6
6868,2025/12/01,5,3,9,6
6869,2025/12/02,6,9,3,6
6870,2025/12/03,7,2,6,3
6871,2025/12/04,5,5,7,1
6872,2025/12/05,4,7,8,4
6873,2025/12/08,3,4,9,3
6874,2025/12/09,3,1,2,3
6875,2025/12/10,5,2,7,2
6876,2025/12/11,2,2,0,8
6877,2025/12/12,2,5,2,8
6878,2025/12/15,7,2,2,1
6879,2025/12/16,2,3,1,0
6880,2025/12/17,0,4,9,7
6881,2025/12/18,5,8,7,9
6882,2025/12/19,4,9,4,4
6883,2025/12/22,9,7,8,5
6884,2025/12/23,3,2,7,8
6885,2025/12/24,3,9,8,4
6886,2025/12/25,6,3,3,3
6887,2025/12/26,4,1,4,1
6888,2025/12/29,2,1,2,1
6889,2025/12/30,7,2,0,2
6890,2026/01/05,7,5,2,6
6891,2026/01/06,2,3,0,0
6892,2026/01/07,7,2,6,3
6893,2026/01/08,1,6,3,2
6894,2026/01/09,6,5,5,1
6895,2026/01/12,2,8,2,7
6896,2026/01/13,2,6,9,9
6897,2026/01/14,2,4,0,4
6898,2026/01/15,8,0,6,0
6899,2026/01/16,6,4,3,6
6900,2026/01/19,8,1,7,4
6901,2026/01/20,9,5,3,4
6902,2026/01/21,0,6,1,5
6903,2026/01/22,6,0,2,2
6904,2026/01/23,0,5,1,5
6905,2026/01/26,0,1,7,6
6906,2026/01/27,7,9,6,4
6907,2026/01/28,4,5,8,8
6908,2026/01/29,6,1,2,0
6909,2026/01/30,9,8,2,7
6910,2026/02/02,9,9,4,5
6911,2026/02/03,3,7,2,7
6912,2026/02/04,3,8,3,4
6913,2026/02/05,5,5,1,7
6914,2026/02/06,6,4,0,3
6915,2026/02/09,3,7,9,8
6916,2026/02/10,3,3,9,5
6917,2026/02/11,7,8,9,6
6918,2026/02/12,5,0,0,4
6919,2026/02/13,6,3,7,6
6920,2026/02/16,6,9,7,8
6921,2026/02/17,0,5,0,5
6922,2026/02/18,8,4,4,0
6923,2026/02/19,9,1,6,6
6924,2026/02/20,3,1,1,5
6925,2026/02/23,2,4,7,6
6926,2026/02/24,9,5,0,8
6927,2026/02/25,1,9,1,8
6928,2026/02/26,3,0,9,9
6929,2026/02/27,2,5,8,6
6930,2026/03/02,7,6,2,6
6931,2026/03/03,9,0,8,7
6932,2026/03/04,8,4,0,4
6933,2026/03/05,2,8,5,2
6934,2026/03/06,7,5,9,2
6935,2026/03/09,4,8,1,9
6936,2026/03/10,2,6,3,1
6937,2026/03/11,6,0,9,2
6938,2026/03/12,9,4,2,0
6939,2026/03/13,0,2,4,7
6940,2026/03/16,3,4,2,1
6941,2026/03/17,2,2,9,5
6942,2026/03/18,6,4,4,9
6943,2026/03/19,6,4,5,4
6944,2026/03/20,9,7,8,1
6945,2026/03/23,3,8,5,1
6946,2026/03/24,9,5,7,7
6947,2026/03/25,9,7,8,5
6948,2026/03/26,1,3,4,6
6949,2026/03/27,4,5,6,8
6950,2026/03/30,9,1,0,7
6951,2026/03/31,4,4,0,4
6952,2026/04/01,2,6,5,7
6953,2026/04/02,9,9,4,1
6954,2026/04/03,3,6,9,8
6955,2026/04/06,4,1,1,1
6956,2026/04/07,1,8,1,8
6957,2026/04/08,0,4,7,0
6958,2026/04/09,4,9,7,0
6959,2026/04/10,0,9,0,0
6960,2026/04/13,7,4,9,4
6961,2026/04/14,4,2,4,8
6962,2026/04/15,7,3,2,3
6963,2026/04/16,1,7,4,2
6964,2026/04/17,4,4,8,6
6965,2026/04/20,9,2,2,7
6966,2026/04/21,0,1,6,8
6967,2026/04/22,3,5,7,0
6968,2026/04/23,0,7,6,9
6969,2026/04/24,8,4,1,1
6970,2026/04/27,3,0,0,3
6971,2026/04/28,9,6,7,8
6972,2026/04/29,0,7,9,9
6973,2026/04/30,8,6,4,1
6974,2026/05/01,9,3,9,1
6975,2026/05/04,3,2,9,8
6976,2026/05/05,9,9,9,8
6977,2026/05/06,5,5,1,3
6978,2026/05/07,1,5,9,5
6979,2026/05/08,1,4,2,1
6980,2026/05/11,8,8,5,2
6981,2026/05/12,9,9,7,4
6982,2026/05/13,2,1,6,9
6983,2026/05/14,7,0,5,2
6984,2026/05/15,1,5,6,9
6985,2026/05/18,1,4,1,1
6986,2026/05/19,6,3,5,6
6987,2026/05/20,7,6,8,3
6988,2026/05/21,3,9,0,7
6989,2026/05/22,5,4,1,0
6990,2026/05/25,3,5,2,6
6991,2026/05/26,6,5,3,4
6992,2026/05/27,7,7,6,3
6993,2026/05/28,5,7,8,3
6994,2026/05/29,7,4,0,2
6995,2026/06/01,5,9,7,1
6996,2026/06/02,9,2,7,1
6997,2026/06/03,5,2,3,4
6998,2026/06/04,8,3,8,9
6999,2026/06/05,4,8,9,9
7000,2026/06/08,9,6,2,1
7001,2026/06/09,1,0,5,8
7002,2026/06/10,9,2,5,8
7003,2026/06/11,5,3,6,8
7004,2026/06/12,9,5,2,7
7005,2026/06/15,2,3,4,0
7006,2026/06/16,0,6,4,2
7007,2026/06/17,0,3,5,6
7008,2026/06/18,6,2,2,1
7009,2026/06/19,3,1,6,9
7010,2026/06/22,5,0,7,3
7011,2026/06/23,8,2,4,1
7012,2026/06/24,2,7,2,1
7013,2026/06/25,5,4,0,9
7014,2026/06/26,5,4,4,1
7015,2026/06/29,1,3,1,9
7016,2026/06/30,8,9,6,4
7017,2026/07/01,5,4,0,1
7018,2026/07/02,7,2,0,1
7019,2026/07/03,6,7,1,8
7020,2026/07/06,9,1,3,4
7021,2026/07/07,8,3,3,9
7022,2026/07/08,4,6,9,9
7023,2026/07/09,6,8,9,2
7024,2026/07/10,0,4,3,0
7025,2026/07/13,7,5,5,8
7026,2026/07/14,5,7,6,5
7027,2026/07/15,8,3,9,4
7028,2026/07/16,0,2,5,6
7029,2026/07/17,3,6,0,8
7030,2026/07/20,2,5,3,5
7031,2026/07/21,8,8,7,3
7032,2026/07/22,1,7,9,4
7033,2026/07/23,4,3,0,2
7034,2026/07/24,2,5,3,5
7035,2026/07/27,2,8,9,1
7036,2026/07/28,7,9,0,4
7037,2026/07/29,7,6,1,7
7038,2026/07/30,0,5,6,4
7039,2026/07/31,7,7,4,7
7040,2026/08/03,9,5,2,2
7041,2026/08/04,0,9,9,4
7042,2026/08/05,4,5,7,0
7043,2026/08/06,8,8,3,5
7044,2026/08/07,2,6,5,2
7045,2026/08/10,7,7,5,4
7046,2026/08/11,2,1,0,9
