draw_no,date,digit1,digit2,digit3
1,1994/10/07,1,9,1
2,1994/10/14,9,8,8
3,1994/10/21,1,9,4
4,1994/10/28,1,0,5
5,1994/11/04,5,9,2
6,1994/11/11,7,9,2
7,1994/11/18,7,0,8
8,1994/11/25,2,3,4
9,1994/12/02,2,4,3
10,1994/12/09,3,4,0
11,1994/12/16,3,2,6
12,1994/12/23,2,4,7
13,1994/12/30,2,2,9
14,1995/01/06,7,4,3
15,1995/01/10,0,1,9
16,1995/01/13,1,7,9
17,1995/01/17,4,7,5
18,1995/01/20,2,9,1
19,1995/01/24,8,5,2
20,1995/01/27,5,0,2
21,1995/01/31,5,5,8
22,1995/02/03,9,5,1
23,1995/02/07,9,1,2
24,1995/02/10,0,3,9
25,1995/02/14,4,5,8
26,1995/02/17,9,8,4
27,1995/02/21,9,1,7
28,1995/02/24,7,8,9
29,1995/02/28,5,8,9
30,1995/03/03,7,2,5
31,1995/03/07,0,7,3
32,1995/03/10,5,4,7
33,1995/03/14,0,6,3
34,1995/03/17,6,3,4
35,1995/03/21,3,3,3
36,1995/03/24,4,0,5
37,1995/03/28,1,6,8
38,1995/03/31,3,8,9
39,1995/04/04,5,8,7
40,1995/04/07,3,0,4
41,1995/04/11,0,4,8
42,1995/04/14,2,2,8
43,1995/04/18,9,2,2
44,1995/04/21,6,9,7
45,1995/04/25,9,7,0
46,1995/04/28,2,9,8
47,1995/05/02,9,8,9
48,1995/05/05,2,0,2
49,1995/05/09,4,7,6
50,1995/05/12,0,4,2
51,1995/05/16,8,0,2
52,1995/05/19,7,1,7
53,1995/05/23,8,8,9
54,1995/05/26,2,2,6
55,1995/05/30,7,2,8
56,1995/06/02,9,2,9
57,1995/06/06,8,3,6
58,1995/06/09,3,8,3
59,1995/06/13,4,1,0
60,1995/06/16,9,8,0
61,1995/06/20,5,4,2
62,1995/06/23,7,2,5
63,1995/06/27,2,5,1
64,1995/06/30,2,6,0
65,1995/07/04,5,8,8
66,1995/07/07,5,1,2
67,1995/07/11,5,1,2
68,1995/07/14,7,5,0
69,1995/07/18,9,0,2
70,1995/07/21,9,6,3
71,1995/07/25,6,6,1
72,1995/07/28,8,7,9
73,1995/08/01,4,5,2
74,1995/08/04,1,7,4
75,1995/08/08,2,8,3
76,1995/08/11,2,3,8
77,1995/08/15,9,7,2
78,1995/08/18,2,4,1
79,1995/08/22,3,1,0
80,1995/08/25,8,8,2
81,1995/08/29,2,6,9
82,1995/09/01,1,4,4
83,1995/09/05,1,7,4
84,1995/09/08,8,8,2
85,1995/09/12,3,0,7
86,1995/09/15,8,6,4
87,1995/09/19,3,7,0
88,1995/09/22,7,3,9
89,1995/09/26,6,9,7
90,1995/09/29,6,8,9
91,1995/10/03,1,6,8
92,1995/10/06,9,5,7
93,1995/10/10,9,1,0
94,1995/10/13,9,3,3
95,1995/10/17,3,0,6
96,1995/10/20,9,4,4
97,1995/10/24,9,8,8
98,1995/10/27,5,6,2
99,1995/10/31,5,7,1
100,1995/11/03,8,9,9
101,1995/11/07,9,4,5
102,1995/11/10,5,6,0
103,1995/11/14,8,2,4
104,1995/11/17,6,1,0
105,1995/11/21,6,1,9
106,1995/11/24,0,8,6
107,1995/11/28,0,8,2
108,1995/12/01,2,5,4
109,1995/12/05,1,9,1
110,1995/12/08,3,8,5
111,1995/12/12,0,5,6
112,1995/12/15,1,6,7
113,1995/12/19,7,4,4
114,1995/12/22,2,0,5
115,1995/12/26,7,7,0
116,1995/12/29,3,6,6
117,1996/01/05,9,5,2
118,1996/01/09,6,3,5
119,1996/01/12,9,5,2
120,1996/01/16,6,5,0
121,1996/01/19,4,3,9
122,1996/01/23,4,5,8
123,1996/01/26,5,1,3
124,1996/01/30,8,6,3
125,1996/02/02,4,0,9
126,1996/02/06,3,1,8
127,1996/02/09,2,1,7
128,1996/02/13,8,5,5
129,1996/02/16,6,2,0
130,1996/02/20,5,5,9
131,1996/02/23,8,2,0
132,1996/02/27,0,1,6
133,1996/03/01,9,2,6
134,1996/03/05,6,0,3
135,1996/03/08,4,5,4
136,1996/03/12,2,9,5
137,1996/03/15,8,1,9
138,1996/03/19,9,9,5
139,1996/03/22,3,5,6
140,1996/03/26,0,5,4
141,1996/03/29,7,8,3
142,1996/04/02,0,7,7
143,1996/04/05,6,9,4
144,1996/04/09,5,9,4
145,1996/04/12,1,2,5
146,1996/04/16,7,6,6
147,1996/04/19,4,6,4
148,1996/04/23,4,8,9
149,1996/04/26,0,0,3
150,1996/04/30,5,3,8
151,1996/05/03,3,3,2
152,1996/05/07,2,2,4
153,1996/05/10,7,5,0
154,1996/05/14,7,9,1
155,1996/05/17,1,2,6
156,1996/05/21,9,9,1
157,1996/05/24,5,7,0
158,1996/05/28,6,0,4
159,1996/05/31,2,5,9
160,1996/06/04,8,3,9
161,1996/06/07,2,8,4
162,1996/06/11,5,1,6
163,1996/06/14,6,4,8
164,1996/06/18,1,9,8
165,1996/06/21,5,6,3
166,1996/06/25,3,3,1
167,1996/06/28,2,3,3
168,1996/07/02,1,0,7
169,1996/07/05,3,5,1
170,1996/07/09,5,7,4
171,1996/07/12,6,7,9
172,1996/07/16,3,5,5
173,1996/07/19,5,8,1
174,1996/07/23,9,6,7
175,1996/07/26,6,8,3
176,1996/07/30,2,0,3
177,1996/08/02,8,4,5
178,1996/08/06,4,6,4
179,1996/08/09,1,6,8
180,1996/08/13,6,3,2
181,1996/08/16,8,9,0
182,1996/08/20,4,3,9
183,1996/08/23,5,8,9
184,1996/08/27,4,9,2
185,1996/08/30,8,8,2
186,1996/09/03,4,3,9
187,1996/09/06,9,7,5
188,1996/09/10,2,5,4
189,1996/09/13,1,9,9
190,1996/09/17,1,7,0
191,1996/09/20,4,2,4
192,1996/09/24,0,2,1
193,1996/09/27,6,5,6
194,1996/10/01,8,1,2
195,1996/10/04,8,1,9
196,1996/10/08,9,0,7
197,1996/10/11,7,2,8
198,1996/10/15,3,7,4
199,1996/10/18,2,6,9
200,1996/10/22,4,1,1
201,1996/10/25,1,7,6
202,1996/10/29,6,7,6
203,1996/11/01,0,9,3
204,1996/11/05,2,1,1
205,1996/11/08,5,3,1
206,1996/11/12,9,3,8
207,1996/11/15,4,1,3
208,1996/11/19,7,8,1
209,1996/11/22,9,2,0
210,1996/11/26,1,9,2
211,1996/11/29,0,2,2
212,1996/12/03,1,5,1
213,1996/12/06,5,0,2
214,1996/12/10,8,7,0
215,1996/12/13,2,1,5
216,1996/12/17,3,3,7
217,1996/12/20,7,1,2
218,1996/12/24,5,9,4
219,1996/12/27,2,6,0
220,1997/01/07,1,1,2
221,1997/01/10,5,1,4
222,1997/01/14,2,2,7
223,1997/01/17,3,3,3
224,1997/01/21,4,6,6
225,1997/01/24,7,5,1
226,1997/01/28,9,5,2
227,1997/01/31,1,8,8
228,1997/02/04,0,1,4
229,1997/02/07,4,0,9
230,1997/02/11,3,8,3
231,1997/02/14,5,2,3
232,1997/02/18,9,4,5
233,1997/02/21,0,6,5
234,1997/02/25,3,1,7
235,1997/02/28,5,8,2
236,1997/03/04,8,3,0
237,1997/03/07,6,4,8
238,1997/03/11,4,1,4
239,1997/03/14,7,4,1
240,1997/03/18,2,2,9
241,1997/03/21,4,0,0
242,1997/03/25,0,6,6
243,1997/03/28,6,0,8
244,1997/04/01,1,4,0
245,1997/04/04,8,2,7
246,1997/04/08,5,9,3
247,1997/04/11,5,3,7
248,1997/04/15,1,9,3
249,1997/04/18,6,2,4
250,1997/04/22,1,8,0
251,1997/04/25,2,2,7
252,1997/04/29,0,0,4
253,1997/05/02,6,1,6
254,1997/05/06,2,3,8
255,1997/05/09,7,7,0
256,1997/05/13,0,8,8
257,1997/05/16,9,3,5
258,1997/05/20,4,4,7
259,1997/05/23,2,1,6
260,1997/05/27,0,6,1
261,1997/05/30,5,9,6
262,1997/06/03,0,4,2
263,1997/06/06,8,3,9
264,1997/06/10,3,6,2
265,1997/06/13,9,2,8
266,1997/06/17,9,7,2
267,1997/06/20,0,9,3
268,1997/06/24,0,2,4
269,1997/06/27,7,8,2
270,1997/07/01,7,9,3
271,1997/07/04,8,2,3
272,1997/07/08,7,8,3
273,1997/07/11,5,2,6
274,1997/07/15,8,5,4
275,1997/07/18,8,0,6
276,1997/07/22,3,8,5
277,1997/07/25,6,3,2
278,1997/07/29,8,7,7
279,1997/08/01,8,9,1
280,1997/08/05,3,2,6
281,1997/08/08,9,0,7
282,1997/08/12,7,4,3
283,1997/08/15,9,4,0
284,1997/08/19,5,8,8
285,1997/08/22,7,6,0
286,1997/08/26,2,7,2
287,1997/08/29,9,2,5
288,1997/09/02,1,4,4
289,1997/09/05,8,3,8
290,1997/09/09,1,6,7
291,1997/09/12,0,8,5
292,1997/09/16,7,3,7
293,1997/09/19,6,6,3
294,1997/09/23,1,0,7
295,1997/09/26,0,7,5
296,1997/09/30,8,8,0
297,1997/10/03,1,4,4
298,1997/10/06,1,0,4
299,1997/10/08,1,5,5
300,1997/10/10,1,2,6
301,1997/10/13,3,3,0
302,1997/10/15,0,0,1
303,1997/10/17,4,9,7
304,1997/10/20,3,9,9
305,1997/10/22,3,6,7
306,1997/10/24,7,4,8
307,1997/10/27,6,9,0
308,1997/10/29,5,1,9
309,1997/10/31,7,7,7
310,1997/11/03,5,7,5
311,1997/11/05,1,0,4
312,1997/11/07,0,6,8
313,1997/11/10,0,6,9
314,1997/11/12,2,4,2
315,1997/11/14,1,3,7
316,1997/11/17,2,1,8
317,1997/11/19,1,9,0
318,1997/11/21,5,3,7
319,1997/11/24,3,9,5
320,1997/11/26,5,9,8
321,1997/11/28,4,2,9
322,1997/12/01,0,6,4
323,1997/12/03,3,7,5
324,1997/12/05,8,0,5
325,1997/12/08,5,3,1
326,1997/12/10,9,3,0
327,1997/12/12,9,8,0
328,1997/12/15,7,3,6
329,1997/12/17,5,4,3
330,1997/12/19,1,7,9
331,1997/12/22,1,9,6
332,1997/12/24,1,6,7
333,1997/12/26,2,3,8
334,1997/12/29,4,8,0
335,1998/01/05,9,5,0
336,1998/01/07,5,5,1
337,1998/01/09,6,3,2
338,1998/01/12,7,0,4
339,1998/01/14,1,5,2
340,1998/01/16,9,9,2
341,1998/01/19,2,5,9
342,1998/01/21,6,8,6
343,1998/01/23,9,9,7
344,1998/01/26,0,3,5
345,1998/01/28,5,1,3
346,1998/01/30,0,0,0
347,1998/02/02,7,1,8
348,1998/02/04,3,9,4
349,1998/02/06,4,3,1
350,1998/02/09,6,3,8
351,1998/02/11,4,1,7
352,1998/02/13,0,3,8
353,1998/02/16,9,9,6
354,1998/02/18,7,5,0
355,1998/02/20,4,8,7
356,1998/02/23,8,5,2
357,1998/02/25,7,5,6
358,1998/02/27,4,6,9
359,1998/03/02,2,7,7
360,1998/03/04,9,6,5
361,1998/03/06,9,6,5
362,1998/03/09,6,4,0
363,1998/03/11,4,5,8
364,1998/03/13,9,0,8
365,1998/03/16,8,8,7
366,1998/03/18,8,4,1
367,1998/03/20,7,7,8
368,1998/03/23,8,0,5
369,1998/03/25,1,3,5
370,1998/03/27,0,9,1
371,1998/03/30,7,9,8
372,1998/04/01,2,0,2
373,1998/04/03,4,1,7
374,1998/04/06,4,0,9
375,1998/04/08,9,9,4
376,1998/04/10,2,7,4
377,1998/04/13,1,5,5
378,1998/04/15,0,7,5
379,1998/04/17,6,4,9
380,1998/04/20,8,2,0
381,1998/04/22,8,8,5
382,1998/04/24,6,0,6
383,1998/04/27,0,8,1
384,1998/04/29,6,9,0
385,1998/05/01,3,3,2
386,1998/05/04,5,7,8
387,1998/05/06,3,9,6
388,1998/05/08,2,2,7
389,1998/05/11,2,7,5
390,1998/05/13,9,5,6
391,1998/05/15,0,6,6
392,1998/05/18,4,2,6
393,1998/05/20,0,2,9
394,1998/05/22,7,2,9
395,1998/05/25,4,4,0
396,1998/05/27,9,6,3
397,1998/05/29,3,4,5
398,1998/06/01,2,7,4
399,1998/06/03,8,1,6
400,1998/06/05,5,9,6
401,1998/06/08,3,5,4
402,1998/06/10,0,5,8
403,1998/06/12,4,3,1
404,1998/06/15,1,0,9
405,1998/06/17,8,9,1
406,1998/06/19,2,2,2
407,1998/06/22,0,4,2
408,1998/06/24,2,3,7
409,1998/06/26,4,0,0
410,1998/06/29,8,6,6
411,1998/07/01,6,3,6
412,1998/07/03,5,1,4
413,1998/07/06,9,1,0
414,1998/07/08,7,3,7
415,1998/07/10,8,3,4
416,1998/07/13,0,0,1
417,1998/07/15,3,7,1
418,1998/07/17,4,2,9
419,1998/07/20,7,2,3
420,1998/07/22,4,2,7
421,1998/07/24,4,0,2
422,1998/07/27,4,9,5
423,1998/07/29,3,6,7
424,1998/07/31,0,4,3
425,1998/08/03,5,3,5
426,1998/08/05,6,1,8
427,1998/08/07,1,5,9
428,1998/08/10,5,1,2
429,1998/08/12,6,4,1
430,1998/08/14,6,5,2
431,1998/08/17,2,1,9
432,1998/08/19,1,6,3
433,1998/08/21,2,5,5
434,1998/08/24,6,9,8
435,1998/08/26,1,6,1
436,1998/08/28,2,4,4
437,1998/08/31,7,2,7
438,1998/09/02,2,3,5
439,1998/09/04,6,0,5
440,1998/09/07,5,2,0
441,1998/09/09,1,9,6
442,1998/09/11,1,7,4
443,1998/09/14,1,9,8
444,1998/09/16,1,0,7
445,1998/09/18,0,8,7
446,1998/09/21,5,3,1
447,1998/09/23,4,5,3
448,1998/09/25,7,8,5
449,1998/09/28,0,4,8
450,1998/09/30,0,3,3
451,1998/10/02,4,2,3
452,1998/10/05,6,6,6
453,1998/10/07,1,0,2
454,1998/10/09,7,1,3
455,1998/10/12,6,1,2
456,1998/10/14,8,8,7
457,1998/10/16,1,8,9
458,1998/10/19,3,8,3
459,1998/10/21,6,2,0
460,1998/10/23,1,5,0
461,1998/10/26,1,9,0
462,1998/10/28,2,9,2
463,1998/10/30,9,9,4
464,1998/11/02,0,8,6
465,1998/11/04,0,9,5
466,1998/11/06,2,5,6
467,1998/11/09,8,8,2
468,1998/11/11,6,8,7
469,1998/11/13,9,4,9
470,1998/11/16,5,7,7
471,1998/11/18,3,0,1
472,1998/11/20,6,1,6
473,1998/11/23,4,0,7
474,1998/11/25,0,4,1
475,1998/11/27,5,8,3
476,1998/11/30,1,1,1
477,1998/12/02,4,9,8
478,1998/12/04,2,7,7
479,1998/12/07,9,6,2
480,1998/12/09,3,3,5
481,1998/12/11,5,5,0
482,1998/12/14,8,1,8
483,1998/12/16,0,7,5
484,1998/12/18,8,9,9
485,1998/12/21,4,8,5
486,1998/12/23,9,3,2
487,1998/12/25,8,5,6
488,1998/12/28,1,1,5
489,1998/12/30,6,1,8
490,1999/01/04,6,3,4
491,1999/01/06,9,9,5
492,1999/01/08,9,3,1
493,1999/01/11,3,8,5
494,1999/01/13,1,5,3
495,1999/01/15,8,2,7
496,1999/01/18,0,2,8
497,1999/01/20,5,9,5
498,1999/01/22,2,1,1
499,1999/01/25,0,1,2
500,1999/01/27,6,7,9
501,1999/01/29,6,4,0
502,1999/02/01,9,2,9
503,1999/02/03,7,8,2
504,1999/02/05,9,4,7
505,1999/02/08,4,8,0
506,1999/02/10,9,9,3
507,1999/02/12,1,7,2
508,1999/02/15,2,9,5
509,1999/02/17,8,3,1
510,1999/02/19,2,5,3
511,1999/02/22,9,1,4
512,1999/02/24,9,4,7
513,1999/02/26,9,0,0
514,1999/03/01,1,2,2
515,1999/03/03,2,8,6
516,1999/03/05,5,8,3
517,1999/03/08,2,8,7
518,1999/03/10,4,0,2
519,1999/03/12,6,5,8
520,1999/03/15,4,9,3
521,1999/03/17,5,3,5
522,1999/03/19,0,7,3
523,1999/03/22,5,3,2
524,1999/03/24,0,3,6
525,1999/03/26,9,1,9
526,1999/03/29,3,5,7
527,1999/03/31,5,9,3
528,1999/04/02,7,4,3
529,1999/04/05,4,1,3
530,1999/04/07,7,1,9
531,1999/04/09,8,3,5
532,1999/04/12,2,7,7
533,1999/04/14,2,0,0
534,1999/04/16,4,3,2
535,1999/04/19,2,0,5
536,1999/04/21,9,5,1
537,1999/04/23,9,9,8
538,1999/04/26,6,2,8
539,1999/04/28,4,3,5
540,1999/04/30,1,5,4
541,1999/05/03,0,3,3
542,1999/05/05,6,1,4
543,1999/05/07,3,6,2
544,1999/05/10,2,6,9
545,1999/05/12,8,3,8
546,1999/05/14,0,9,8
547,1999/05/17,8,0,6
548,1999/05/19,4,1,1
549,1999/05/21,4,5,0
550,1999/05/24,6,6,6
551,1999/05/26,3,0,0
552,1999/05/28,9,9,3
553,1999/05/31,0,1,9
554,1999/06/02,3,5,5
555,1999/06/04,6,0,2
556,1999/06/07,3,3,1
557,1999/06/09,4,4,3
558,1999/06/11,6,6,6
559,1999/06/14,2,9,7
560,1999/06/16,0,5,7
561,1999/06/18,1,9,0
562,1999/06/21,3,8,2
563,1999/06/23,0,8,0
564,1999/06/25,7,3,2
565,1999/06/28,9,8,2
566,1999/06/30,9,0,6
567,1999/07/02,4,3,3
568,1999/07/05,9,5,3
569,1999/07/07,0,4,9
570,1999/07/09,5,8,7
571,1999/07/12,7,9,8
572,1999/07/14,7,3,1
573,1999/07/16,5,9,7
574,1999/07/19,9,1,0
575,1999/07/21,9,3,9
576,1999/07/23,4,8,7
577,1999/07/26,2,2,8
578,1999/07/28,3,9,8
579,1999/07/30,5,8,8
580,1999/08/02,3,8,5
581,1999/08/04,1,6,0
582,1999/08/06,3,1,5
583,1999/08/09,8,5,0
584,1999/08/11,0,8,5
585,1999/08/13,3,6,5
586,1999/08/16,2,0,7
587,1999/08/18,5,6,9
588,1999/08/20,6,5,2
589,1999/08/23,4,8,5
590,1999/08/25,9,4,7
591,1999/08/27,0,4,6
592,1999/08/30,0,3,6
593,1999/09/01,8,2,9
594,1999/09/03,1,3,0
595,1999/09/06,1,6,2
596,1999/09/08,1,9,3
597,1999/09/10,4,2,9
598,1999/09/13,3,0,6
599,1999/09/15,5,5,4
600,1999/09/17,7,5,2
601,1999/09/20,4,2,1
602,1999/09/22,9,7,9
603,1999/09/24,6,9,9
604,1999/09/27,9,3,9
605,1999/09/29,0,3,0
606,1999/10/01,6,3,8
607,1999/10/04,4,0,5
608,1999/10/06,9,6,4
609,1999/10/08,1,7,8
610,1999/10/11,3,3,7
611,1999/10/13,8,0,1
612,1999/10/15,7,3,0
613,1999/10/18,5,9,1
614,1999/10/20,3,6,9
615,1999/10/22,1,4,2
616,1999/10/25,4,7,5
617,1999/10/27,0,9,2
618,1999/10/29,2,7,9
619,1999/11/01,5,6,7
620,1999/11/03,8,6,6
621,1999/11/05,0,4,4
622,1999/11/08,6,3,9
623,1999/11/10,3,0,8
624,1999/11/12,6,7,5
625,1999/11/15,5,4,6
626,1999/11/17,5,8,8
627,1999/11/19,4,7,2
628,1999/11/22,2,0,1
629,1999/11/24,1,1,8
630,1999/11/26,2,2,3
631,1999/11/29,1,9,4
632,1999/12/01,1,8,2
633,1999/12/03,4,4,6
634,1999/12/06,3,8,2
635,1999/12/08,6,6,9
636,1999/12/10,4,0,3
637,1999/12/13,6,3,3
638,1999/12/15,9,5,1
639,1999/12/17,7,8,3
640,1999/12/20,9,0,8
641,1999/12/22,6,3,6
642,1999/12/24,4,3,3
643,1999/12/27,3,6,4
644,1999/12/29,9,4,9
645,2000/01/05,5,8,4
646,2000/01/07,7,3,2
647,2000/01/10,1,7,5
648,2000/01/12,0,4,4
649,2000/01/14,2,8,2
650,2000/01/17,9,6,9
651,2000/01/19,3,4,5
652,2000/01/21,2,5,8
653,2000/01/24,0,3,7
654,2000/01/26,5,0,7
655,2000/01/28,7,9,8
656,2000/01/31,0,2,8
657,2000/02/02,9,5,9
658,2000/02/04,5,5,3
659,2000/02/07,6,4,9
660,2000/02/09,8,7,5
661,2000/02/11,0,8,1
662,2000/02/14,6,4,6
663,2000/02/16,0,7,0
664,2000/02/18,1,9,5
665,2000/02/21,2,9,7
666,2000/02/23,2,7,7
667,2000/02/25,9,4,3
668,2000/02/28,1,5,7
669,2000/03/01,3,6,7
670,2000/03/03,8,1,1
671,2000/03/06,6,8,2
672,2000/03/08,9,1,6
673,2000/03/10,3,8,5
674,2000/03/13,4,7,8
675,2000/03/15,9,4,4
676,2000/03/17,8,3,0
677,2000/03/20,0,6,8
678,2000/03/22,6,2,8
679,2000/03/24,2,6,1
680,2000/03/27,2,7,7
681,2000/03/29,5,0,3
682,2000/03/31,9,7,3
683,2000/04/03,6,3,2
684,2000/04/05,7,1,5
685,2000/04/07,9,4,7
686,2000/04/10,7,9,0
687,2000/04/12,7,5,1
688,2000/04/14,2,3,2
689,2000/04/17,0,4,2
690,2000/04/19,2,7,4
691,2000/04/21,1,3,2
692,2000/04/24,5,4,8
693,2000/04/26,0,9,4
694,2000/04/28,9,0,0
695,2000/05/01,7,9,7
696,2000/05/03,0,0,3
697,2000/05/05,9,7,1
698,2000/05/08,9,0,7
699,2000/05/10,2,7,8
700,2000/05/12,2,3,2
701,2000/05/15,8,8,3
702,2000/05/17,9,9,3
703,2000/05/19,4,2,4
704,2000/05/22,8,6,9
705,2000/05/24,0,9,4
706,2000/05/26,9,4,8
707,2000/05/29,8,5,1
708,2000/05/31,3,3,7
709,2000/06/02,7,6,2
710,2000/06/05,1,1,4
711,2000/06/07,7,5,5
712,2000/06/09,4,2,8
713,2000/06/12,6,2,0
714,2000/06/14,9,4,3
715,2000/06/16,0,4,0
716,2000/06/19,4,6,9
717,2000/06/21,7,4,3
718,2000/06/23,2,4,1
719,2000/06/26,2,3,4
720,2000/06/28,2,1,7
721,2000/06/30,8,8,9
722,2000/07/03,2,1,4
723,2000/07/05,7,3,9
724,2000/07/07,3,7,6
725,2000/07/10,3,9,7
726,2000/07/12,6,2,9
727,2000/07/14,1,2,5
728,2000/07/17,7,4,3
729,2000/07/19,1,8,9
730,2000/07/21,9,7,4
731,2000/07/24,8,0,8
732,2000/07/26,7,1,5
733,2000/07/28,1,7,9
734,2000/07/31,4,9,6
735,2000/08/02,6,1,0
736,2000/08/04,6,0,3
737,2000/08/07,8,2,1
738,2000/08/09,0,6,5
739,2000/08/11,9,1,8
740,2000/08/14,6,0,2
741,2000/08/16,0,5,4
742,2000/08/18,2,8,6
743,2000/08/21,8,5,4
744,2000/08/23,9,4,6
745,2000/08/25,0,3,1
746,2000/08/28,1,3,4
747,2000/08/30,8,3,1
748,2000/09/01,6,1,7
749,2000/09/04,9,2,0
750,2000/09/06,9,1,2
751,2000/09/08,2,6,6
752,2000/09/11,3,7,0
753,2000/09/13,2,0,8
754,2000/09/15,3,0,7
755,2000/09/18,9,8,2
756,2000/09/20,3,8,6
757,2000/09/22,3,7,5
758,2000/09/25,0,8,8
759,2000/09/27,5,4,8
760,2000/09/29,6,9,9
761,2000/10/02,8,0,5
762,2000/10/04,8,0,4
763,2000/10/06,6,1,0
764,2000/10/09,0,9,4
765,2000/10/11,1,1,7
766,2000/10/13,8,3,5
767,2000/10/16,6,1,8
768,2000/10/18,1,9,2
769,2000/10/20,2,2,0
770,2000/10/23,3,2,5
771,2000/10/25,5,2,2
772,2000/10/27,5,7,4
773,2000/10/30,8,1,1
774,2000/11/01,0,8,0
775,2000/11/03,9,2,3
776,2000/11/06,3,0,2
777,2000/11/08,2,3,7
778,2000/11/10,2,2,6
779,2000/11/13,1,6,7
780,2000/11/15,0,3,3
781,2000/11/17,4,7,2
782,2000/11/20,0,1,4
783,2000/11/22,9,2,4
784,2000/11/24,7,0,3
785,2000/11/27,9,0,8
786,2000/11/29,1,6,0
787,2000/12/01,2,2,1
788,2000/12/04,4,3,3
789,2000/12/06,7,8,7
790,2000/12/08,8,0,7
791,2000/12/11,5,5,2
792,2000/12/13,2,2,0
793,2000/12/15,6,8,5
794,2000/12/18,1,9,9
795,2000/12/20,4,6,1
796,2000/12/22,3,6,0
797,2000/12/25,4,1,8
798,2000/12/27,4,7,7
799,2000/12/29,9,5,3
800,2001/01/05,8,1,7
801,2001/01/08,7,9,3
802,2001/01/10,4,6,8
803,2001/01/12,4,0,5
804,2001/01/15,3,3,1
805,2001/01/17,2,2,4
806,2001/01/19,2,2,1
807,2001/01/22,1,2,2
808,2001/01/24,2,9,6
809,2001/01/26,1,2,7
810,2001/01/29,9,2,9
811,2001/01/31,5,5,9
812,2001/02/02,6,1,4
813,2001/02/05,0,9,6
814,2001/02/07,8,7,3
815,2001/02/09,8,3,9
816,2001/02/12,6,5,0
817,2001/02/14,9,2,2
818,2001/02/16,4,2,7
819,2001/02/19,3,6,9
820,2001/02/21,0,3,3
821,2001/02/23,2,9,2
822,2001/02/26,4,5,9
823,2001/02/28,5,3,5
824,2001/03/02,1,0,2
825,2001/03/05,3,3,9
826,2001/03/07,8,2,3
827,2001/03/09,8,0,2
828,2001/03/12,9,3,9
829,2001/03/14,4,4,2
830,2001/03/16,2,4,7
831,2001/03/19,7,6,4
832,2001/03/21,6,2,6
833,2001/03/23,8,2,6
834,2001/03/26,5,9,4
835,2001/03/28,3,0,9
836,2001/03/30,9,2,6
837,2001/04/02,5,3,9
838,2001/04/04,5,2,4
839,2001/04/06,6,7,9
840,2001/04/09,0,5,9
841,2001/04/11,3,0,6
842,2001/04/13,2,1,9
843,2001/04/16,7,6,8
844,2001/04/18,1,7,0
845,2001/04/20,2,7,4
846,2001/04/23,5,3,1
847,2001/04/25,4,7,3
848,2001/04/27,0,9,8
849,2001/04/30,5,3,9
850,2001/05/02,6,4,6
851,2001/05/04,7,1,7
852,2001/05/07,0,5,7
853,2001/05/09,3,6,3
854,2001/05/11,1,1,2
855,2001/05/14,9,3,9
856,2001/05/16,0,9,9
857,2001/05/18,9,2,1
858,2001/05/21,5,1,0
859,2001/05/23,4,0,0
860,2001/05/25,9,6,3
861,2001/05/28,9,3,1
862,2001/05/30,8,8,3
863,2001/06/01,5,8,5
864,2001/06/04,4,2,6
865,2001/06/06,3,2,9
866,2001/06/08,5,7,1
867,2001/06/11,4,3,2
868,2001/06/13,6,3,4
869,2001/06/15,2,4,5
870,2001/06/18,7,7,2
871,2001/06/20,6,3,9
872,2001/06/22,7,5,5
873,2001/06/25,3,6,7
874,2001/06/27,4,5,4
875,2001/06/29,7,7,8
876,2001/07/02,8,4,5
877,2001/07/04,5,8,9
878,2001/07/06,3,1,8
879,2001/07/09,9,0,8
880,2001/07/11,6,7,8
881,2001/07/13,4,9,4
882,2001/07/16,7,0,3
883,2001/07/18,7,4,5
884,2001/07/20,3,8,8
885,2001/07/23,3,0,7
886,2001/07/25,3,0,2
887,2001/07/27,6,7,2
888,2001/07/30,6,9,1
889,2001/08/01,1,3,9
890,2001/08/03,3,3,2
891,2001/08/06,2,5,4
892,2001/08/08,3,5,3
893,2001/08/10,1,8,4
894,2001/08/13,5,9,2
895,2001/08/15,6,1,4
896,2001/08/17,1,0,8
897,2001/08/20,0,5,5
898,2001/08/22,9,8,0
899,2001/08/24,3,5,0
900,2001/08/27,0,8,8
901,2001/08/29,6,9,4
902,2001/08/31,3,7,7
903,2001/09/03,6,4,8
904,2001/09/05,0,0,5
905,2001/09/07,8,1,2
906,2001/09/10,2,0,2
907,2001/09/12,8,6,5
908,2001/09/14,0,4,2
909,2001/09/17,1,1,6
910,2001/09/19,9,4,7
911,2001/09/21,9,7,2
912,2001/09/24,8,9,1
913,2001/09/26,5,2,4
914,2001/09/28,7,3,7
915,2001/10/01,3,5,6
916,2001/10/03,2,7,6
917,2001/10/05,5,0,2
918,2001/10/08,9,9,7
919,2001/10/10,2,2,3
920,2001/10/12,4,9,8
921,2001/10/15,3,1,5
922,2001/10/17,8,9,3
923,2001/10/19,2,3,2
924,2001/10/22,5,1,1
925,2001/10/24,9,7,1
926,2001/10/26,3,7,3
927,2001/10/29,4,6,8
928,2001/10/31,8,4,8
929,2001/11/02,0,3,2
930,2001/11/05,9,0,5
931,2001/11/07,3,3,0
932,2001/11/09,4,7,1
933,2001/11/12,3,3,7
934,2001/11/14,3,6,1
935,2001/11/16,3,0,4
936,2001/11/19,6,6,6
937,2001/11/21,8,6,5
938,2001/11/23,6,0,3
939,2001/11/26,3,0,8
940,2001/11/28,1,8,8
941,2001/11/30,0,5,9
942,2001/12/03,6,1,4
943,2001/12/05,8,8,1
944,2001/12/07,9,3,7
945,2001/12/10,0,1,9
946,2001/12/12,3,6,1
947,2001/12/14,2,2,0
948,2001/12/17,4,7,8
949,2001/12/19,7,8,8
950,2001/12/21,7,0,7
951,2001/12/24,1,4,7
952,2001/12/26,5,4,9
953,2001/12/28,8,7,5
954,2002/01/04,1,0,3
955,2002/01/07,8,4,5
956,2002/01/09,9,8,1
957,2002/01/11,5,3,3
958,2002/01/14,4,5,4
959,2002/01/16,9,1,1
960,2002/01/18,0,6,0
961,2002/01/21,3,4,5
962,2002/01/23,5,5,9
963,2002/01/25,8,0,5
964,2002/01/28,2,3,0
965,2002/01/30,1,3,1
966,2002/02/01,8,3,2
967,2002/02/04,7,1,5
968,2002/02/06,1,8,1
969,2002/02/08,9,5,0
970,2002/02/11,7,4,9
971,2002/02/13,1,4,7
972,2002/02/15,3,3,7
973,2002/02/18,5,5,7
974,2002/02/20,7,9,5
975,2002/02/22,4,3,2
976,2002/02/25,0,0,0
977,2002/02/27,1,9,2
978,2002/03/01,1,5,8
979,2002/03/04,0,1,1
980,2002/03/06,4,2,0
981,2002/03/08,2,5,0
982,2002/03/11,0,7,1
983,2002/03/13,7,2,7
984,2002/03/15,8,2,4
985,2002/03/18,6,2,2
986,2002/03/20,5,0,5
987,2002/03/22,6,8,3
988,2002/03/25,2,4,1
989,2002/03/27,9,7,9
990,2002/03/29,5,4,3
991,2002/04/01,5,0,5
992,2002/04/03,1,2,4
993,2002/04/05,3,9,3
994,2002/04/08,6,5,8
995,2002/04/10,3,1,2
996,2002/04/12,9,3,1
997,2002/04/15,1,6,8
998,2002/04/17,8,5,1
999,2002/04/19,1,8,9
1000,2002/04/22,1,6,5
1001,2002/04/24,8,2,8
1002,2002/04/26,3,2,4
1003,2002/04/29,2,4,1
1004,2002/05/01,6,2,9
1005,2002/05/03,2,1,5
1006,2002/05/06,2,3,3
1007,2002/05/08,2,9,7
1008,2002/05/10,3,8,1
1009,2002/05/13,6,9,9
1010,2002/05/15,6,9,5
1011,2002/05/17,8,1,3
1012,2002/05/20,6,9,0
1013,2002/05/22,1,9,9
1014,2002/05/24,7,5,8
1015,2002/05/27,9,2,2
1016,2002/05/29,8,1,0
1017,2002/05/31,4,6,3
1018,2002/06/03,7,4,9
1019,2002/06/05,5,4,6
1020,2002/06/07,1,4,0
1021,2002/06/10,6,4,2
1022,2002/06/12,4,6,3
1023,2002/06/14,2,2,4
1024,2002/06/17,4,2,3
1025,2002/06/19,7,9,3
1026,2002/06/21,5,5,4
1027,2002/06/24,7,9,4
1028,2002/06/26,4,4,1
1029,2002/06/28,8,2,5
1030,2002/07/01,2,6,0
1031,2002/07/03,2,1,6
1032,2002/07/05,4,0,4
1033,2002/07/08,4,6,6
1034,2002/07/10,2,4,9
1035,2002/07/12,0,6,7
1036,2002/07/15,5,2,4
1037,2002/07/17,9,2,5
1038,2002/07/19,1,4,3
1039,2002/07/22,2,5,8
1040,2002/07/24,1,0,8
1041,2002/07/26,5,2,6
1042,2002/07/29,6,4,7
1043,2002/07/31,8,4,4
1044,2002/08/02,8,8,3
1045,2002/08/05,2,6,7
1046,2002/08/07,6,7,6
1047,2002/08/09,1,6,5
1048,2002/08/12,6,0,2
1049,2002/08/14,0,0,6
1050,2002/08/16,2,9,0
1051,2002/08/19,5,3,8
1052,2002/08/21,6,4,2
1053,2002/08/23,6,7,0
1054,2002/08/26,9,1,1
1055,2002/08/28,5,5,2
1056,2002/08/30,6,4,6
1057,2002/09/02,1,3,7
1058,2002/09/04,3,4,7
1059,2002/09/06,8,7,9
1060,2002/09/09,9,6,6
1061,2002/09/11,9,9,5
1062,2002/09/13,1,6,5
1063,2002/09/16,9,6,6
1064,2002/09/18,2,2,8
1065,2002/09/20,3,8,5
1066,2002/09/23,5,7,1
1067,2002/09/25,2,5,9
1068,2002/09/27,3,3,0
1069,2002/09/30,6,7,0
1070,2002/10/02,8,5,3
1071,2002/10/04,9,1,0
1072,2002/10/07,3,8,2
1073,2002/10/09,4,6,1
1074,2002/10/11,8,6,6
1075,2002/10/14,5,6,7
1076,2002/10/16,9,5,4
1077,2002/10/18,2,9,4
1078,2002/10/21,4,0,8
1079,2002/10/23,4,3,8
1080,2002/10/25,4,1,0
1081,2002/10/28,4,6,5
1082,2002/10/30,4,8,6
1083,2002/11/01,3,3,4
1084,2002/11/04,7,2,1
1085,2002/11/06,1,7,5
1086,2002/11/08,7,5,0
1087,2002/11/11,2,9,9
1088,2002/11/13,3,0,5
1089,2002/11/15,6,7,0
1090,2002/11/18,5,4,9
1091,2002/11/20,6,2,1
1092,2002/11/22,7,7,9
1093,2002/11/25,7,8,2
1094,2002/11/27,7,9,8
1095,2002/11/29,2,8,9
1096,2002/12/02,6,0,1
1097,2002/12/04,1,8,8
1098,2002/12/06,0,5,3
1099,2002/12/09,1,8,0
1100,2002/12/11,3,9,0
1101,2002/12/13,2,3,2
1102,2002/12/16,0,1,5
1103,2002/12/18,2,7,0
1104,2002/12/20,3,8,6
1105,2002/12/23,7,4,8
1106,2002/12/25,8,2,1
1107,2002/12/27,5,1,9
1108,2002/12/30,4,0,7
1109,2003/01/06,7,3,9
1110,2003/01/08,9,0,4
1111,2003/01/10,8,5,0
1112,2003/01/13,4,1,7
1113,2003/01/15,7,3,5
1114,2003/01/17,6,8,5
1115,2003/01/20,7,0,3
1116,2003/01/22,4,0,9
1117,2003/01/24,7,1,8
1118,2003/01/27,8,1,6
1119,2003/01/29,2,6,4
1120,2003/01/31,7,8,9
1121,2003/02/03,9,9,6
1122,2003/02/05,7,0,2
1123,2003/02/07,6,8,7
1124,2003/02/10,8,1,8
1125,2003/02/12,8,2,0
1126,2003/02/14,3,6,1
1127,2003/02/17,5,5,4
1128,2003/02/19,9,5,6
1129,2003/02/21,2,6,4
1130,2003/02/24,0,3,6
1131,2003/02/26,2,1,0
1132,2003/02/28,4,1,8
1133,2003/03/03,0,3,6
1134,2003/03/05,2,5,1
1135,2003/03/07,8,8,7
1136,2003/03/10,4,1,0
1137,2003/03/12,2,3,3
1138,2003/03/14,2,5,0
1139,2003/03/17,0,7,2
1140,2003/03/19,7,5,7
1141,2003/03/21,9,1,7
1142,2003/03/24,5,4,0
1143,2003/03/26,1,2,9
1144,2003/03/28,9,9,9
1145,2003/03/31,1,2,6
1146,2003/04/02,4,4,2
1147,2003/04/04,4,2,8
1148,2003/04/07,0,1,6
1149,2003/04/09,5,1,1
1150,2003/04/11,8,3,1
1151,2003/04/14,7,1,4
1152,2003/04/16,1,7,7
1153,2003/04/18,6,8,7
1154,2003/04/21,1,4,2
1155,2003/04/23,3,0,9
1156,2003/04/25,1,9,8
1157,2003/04/28,0,4,1
1158,2003/04/30,9,7,1
1159,2003/05/02,8,0,6
1160,2003/05/05,8,3,1
1161,2003/05/07,5,7,7
1162,2003/05/09,3,6,6
1163,2003/05/12,9,9,0
1164,2003/05/14,8,3,5
1165,2003/05/16,6,4,4
1166,2003/05/19,2,5,4
1167,2003/05/21,1,8,3
1168,2003/05/23,2,8,0
1169,2003/05/26,4,0,0
1170,2003/05/28,6,1,7
1171,2003/05/30,5,8,1
1172,2003/06/02,0,2,0
1173,2003/06/04,2,7,1
1174,2003/06/06,1,7,0
1175,2003/06/09,4,9,3
1176,2003/06/11,6,0,8
1177,2003/06/13,4,4,1
1178,2003/06/16,9,9,6
1179,2003/06/18,8,8,9
1180,2003/06/20,0,4,4
1181,2003/06/23,3,4,6
1182,2003/06/25,9,0,3
1183,2003/06/27,6,0,9
1184,2003/06/30,7,4,9
1185,2003/07/02,3,4,2
1186,2003/07/04,4,2,2
1187,2003/07/07,1,8,4
1188,2003/07/09,8,6,5
1189,2003/07/11,4,6,3
1190,2003/07/14,5,5,6
1191,2003/07/16,2,6,9
1192,2003/07/18,6,6,4
1193,2003/07/21,6,8,6
1194,2003/07/23,4,3,8
1195,2003/07/25,4,1,6
1196,2003/07/28,8,9,7
1197,2003/07/30,6,9,5
1198,2003/08/01,5,4,7
1199,2003/08/04,1,5,2
1200,2003/08/06,9,4,4
1201,2003/08/08,9,5,7
1202,2003/08/11,4,5,9
1203,2003/08/13,9,8,9
1204,2003/08/15,8,2,0
1205,2003/08/18,7,6,6
1206,2003/08/20,9,4,3
1207,2003/08/22,9,5,8
1208,2003/08/25,1,6,0
1209,2003/08/27,6,1,2
1210,2003/08/29,1,6,2
1211,2003/09/01,3,0,4
1212,2003/09/03,6,3,8
1213,2003/09/05,4,1,5
1214,2003/09/08,9,1,1
1215,2003/09/10,9,7,9
1216,2003/09/12,2,2,1
1217,2003/09/15,2,7,9
1218,2003/09/17,9,3,3
1219,2003/09/19,8,2,5
1220,2003/09/22,1,1,8
1221,2003/09/24,4,9,6
1222,2003/09/26,2,6,7
1223,2003/09/29,7,8,4
1224,2003/10/01,4,9,5
1225,2003/10/03,9,1,3
1226,2003/10/06,3,3,7
1227,2003/10/08,9,5,3
1228,2003/10/10,8,9,9
1229,2003/10/13,8,4,2
1230,2003/10/15,2,7,4
1231,2003/10/17,2,6,0
1232,2003/10/20,3,1,7
1233,2003/10/22,7,3,8
1234,2003/10/24,7,9,6
1235,2003/10/27,2,3,5
1236,2003/10/29,8,8,5
1237,2003/10/31,8,5,2
1238,2003/11/03,8,9,1
1239,2003/11/05,3,4,8
1240,2003/11/07,7,9,8
1241,2003/11/10,9,3,0
1242,2003/11/12,1,7,5
1243,2003/11/14,6,2,2
1244,2003/11/17,6,5,1
1245,2003/11/19,7,0,4
1246,2003/11/21,5,1,8
1247,2003/11/24,0,5,4
1248,2003/11/26,5,0,4
1249,2003/11/28,4,5,5
1250,2003/12/01,2,7,6
1251,2003/12/03,1,0,6
1252,2003/12/05,9,3,6
1253,2003/12/08,3,5,3
1254,2003/12/10,0,5,8
1255,2003/12/12,9,5,8
1256,2003/12/15,0,8,0
1257,2003/12/17,2,3,9
1258,2003/12/19,1,8,8
1259,2003/12/22,6,0,6
1260,2003/12/24,0,2,1
1261,2003/12/26,7,2,4
1262,2003/12/29,4,7,1
1263,2004/01/05,4,9,1
1264,2004/01/07,6,6,9
1265,2004/01/09,4,0,9
1266,2004/01/12,8,8,4
1267,2004/01/14,1,2,1
1268,2004/01/16,4,4,5
1269,2004/01/19,1,3,6
1270,2004/01/21,0,0,4
1271,2004/01/23,3,2,0
1272,2004/01/26,0,6,8
1273,2004/01/28,3,3,7
1274,2004/01/30,2,8,1
1275,2004/02/02,4,2,7
1276,2004/02/04,8,6,9
1277,2004/02/06,7,7,7
1278,2004/02/09,4,6,5
1279,2004/02/11,5,8,3
1280,2004/02/13,8,2,2
1281,2004/02/16,0,4,0
1282,2004/02/18,2,0,4
1283,2004/02/20,5,1,3
1284,2004/02/23,9,9,0
1285,2004/02/25,1,1,9
1286,2004/02/27,0,5,1
1287,2004/03/01,7,4,5
1288,2004/03/03,0,3,0
1289,2004/03/05,4,0,7
1290,2004/03/08,1,6,2
1291,2004/03/10,5,1,7
1292,2004/03/12,7,2,5
1293,2004/03/15,0,0,0
1294,2004/03/17,5,5,8
1295,2004/03/19,1,7,0
1296,2004/03/22,8,9,3
1297,2004/03/24,5,2,6
1298,2004/03/26,1,7,4
1299,2004/03/29,2,1,1
1300,2004/03/31,5,9,0
1301,2004/04/02,8,2,0
1302,2004/04/05,1,8,9
1303,2004/04/07,3,3,0
1304,2004/04/09,3,0,8
1305,2004/04/12,9,3,6
1306,2004/04/14,5,6,3
1307,2004/04/16,9,0,0
1308,2004/04/19,7,3,3
1309,2004/04/21,3,7,4
1310,2004/04/23,8,4,2
1311,2004/04/26,9,2,2
1312,2004/04/28,7,6,4
1313,2004/04/30,6,7,1
1314,2004/05/03,6,5,3
1315,2004/05/05,7,5,8
1316,2004/05/07,9,5,3
1317,2004/05/10,7,3,7
1318,2004/05/12,3,0,8
1319,2004/05/14,5,6,7
1320,2004/05/17,4,5,2
1321,2004/05/19,4,9,0
1322,2004/05/21,7,8,4
1323,2004/05/24,3,0,2
1324,2004/05/26,8,5,5
1325,2004/05/28,2,2,6
1326,2004/05/31,6,7,3
1327,2004/06/02,2,1,5
1328,2004/06/04,3,7,6
1329,2004/06/07,5,5,4
1330,2004/06/09,0,7,6
1331,2004/06/11,8,5,9
1332,2004/06/14,9,7,8
1333,2004/06/16,1,3,4
1334,2004/06/18,2,3,6
1335,2004/06/21,4,6,2
1336,2004/06/23,2,0,6
1337,2004/06/25,8,1,4
1338,2004/06/28,8,3,7
1339,2004/06/30,9,0,2
1340,2004/07/01,5,9,7
1341,2004/07/02,6,7,0
1342,2004/07/05,5,4,3
1343,2004/07/06,8,7,9
1344,2004/07/07,3,4,2
1345,2004/07/08,9,9,4
1346,2004/07/09,7,6,5
1347,2004/07/12,0,1,8
1348,2004/07/13,8,2,1
1349,2004/07/14,4,9,8
1350,2004/07/15,6,3,2
1351,2004/07/16,2,4,0
1352,2004/07/19,5,6,2
1353,2004/07/20,9,3,1
1354,2004/07/21,5,9,0
1355,2004/07/22,0,7,8
1356,2004/07/23,9,9,8
1357,2004/07/26,8,8,3
1358,2004/07/27,1,6,6
1359,2004/07/28,9,7,3
1360,2004/07/29,1,0,9
1361,2004/07/30,2,2,3
1362,2004/08/02,2,8,6
1363,2004/08/03,8,4,4
1364,2004/08/04,8,4,3
1365,2004/08/05,9,7,0
1366,2004/08/06,1,1,2
1367,2004/08/09,4,5,1
1368,2004/08/10,4,8,0
1369,2004/08/11,9,5,5
1370,2004/08/12,4,9,7
1371,2004/08/13,8,2,2
1372,2004/08/16,3,8,3
1373,2004/08/17,6,1,1
1374,2004/08/18,0,0,5
1375,2004/08/19,2,8,1
1376,2004/08/20,1,1,4
1377,2004/08/23,0,6,6
1378,2004/08/24,2,0,0
1379,2004/08/25,7,1,7
1380,2004/08/26,9,8,3
1381,2004/08/27,5,5,8
1382,2004/08/30,6,0,1
1383,2004/08/31,5,1,2
1384,2004/09/01,5,2,5
1385,2004/09/02,3,5,5
1386,2004/09/03,4,8,9
1387,2004/09/06,9,0,5
1388,2004/09/07,6,3,2
1389,2004/09/08,4,6,3
1390,2004/09/09,7,8,2
1391,2004/09/10,8,0,8
1392,2004/09/13,9,2,1
1393,2004/09/14,1,9,0
1394,2004/09/15,5,9,3
1395,2004/09/16,2,3,4
1396,2004/09/17,6,2,1
1397,2004/09/20,9,3,4
1398,2004/09/21,8,1,2
1399,2004/09/22,5,4,0
1400,2004/09/23,5,2,2
1401,2004/09/24,2,0,6
1402,2004/09/27,3,7,4
1403,2004/09/28,6,3,8
1404,2004/09/29,8,0,4
1405,2004/09/30,1,8,7
1406,2004/10/01,3,7,4
1407,2004/10/04,8,3,5
1408,2004/10/05,9,4,5
1409,2004/10/06,9,4,9
1410,2004/10/07,3,9,1
1411,2004/10/08,3,5,5
1412,2004/10/11,6,9,7
1413,2004/10/12,6,2,0
1414,2004/10/13,6,7,0
1415,2004/10/14,1,8,9
1416,2004/10/15,2,6,6
1417,2004/10/18,8,7,6
1418,2004/10/19,3,3,5
1419,2004/10/20,0,6,4
1420,2004/10/21,4,9,9
1421,2004/10/22,4,9,0
1422,2004/10/25,9,4,5
1423,2004/10/26,2,3,4
1424,2004/10/27,3,5,3
1425,2004/10/28,6,6,0
1426,2004/10/29,7,5,4
1427,2004/11/01,6,3,8
1428,2004/11/02,6,9,9
1429,2004/11/03,8,1,9
1430,2004/11/04,2,9,5
1431,2004/11/05,7,4,2
1432,2004/11/08,4,0,0
1433,2004/11/09,6,3,8
1434,2004/11/10,2,9,9
1435,2004/11/11,5,4,5
1436,2004/11/12,1,9,6
1437,2004/11/15,6,6,7
1438,2004/11/16,5,8,2
1439,2004/11/17,3,0,6
1440,2004/11/18,6,8,4
1441,2004/11/19,7,9,8
1442,2004/11/22,0,9,4
1443,2004/11/23,7,0,1
1444,2004/11/24,0,6,5
1445,2004/11/25,3,9,2
1446,2004/11/26,5,8,8
1447,2004/11/29,9,2,5
1448,2004/11/30,1,8,9
1449,2004/12/01,9,4,0
1450,2004/12/02,1,3,3
1451,2004/12/03,2,8,8
1452,2004/12/06,3,0,1
1453,2004/12/07,9,6,6
1454,2004/12/08,6,1,6
1455,2004/12/09,3,6,3
1456,2004/12/10,6,6,2
1457,2004/12/13,3,1,0
1458,2004/12/14,6,0,9
1459,2004/12/15,8,6,9
1460,2004/12/16,3,7,7
1461,2004/12/17,2,7,9
1462,2004/12/20,7,9,9
1463,2004/12/21,3,4,4
1464,2004/12/22,0,8,2
1465,2004/12/23,8,2,4
1466,2004/12/24,0,9,5
1467,2004/12/27,6,2,5
1468,2004/12/28,4,9,7
1469,2004/12/29,2,1,3
1470,2004/12/30,8,1,5
1471,2005/01/04,9,0,2
1472,2005/01/05,2,2,7
1473,2005/01/06,4,2,9
1474,2005/01/07,7,8,4
1475,2005/01/10,5,7,6
1476,2005/01/11,0,5,5
1477,2005/01/12,2,7,5
1478,2005/01/13,1,3,7
1479,2005/01/14,5,3,6
1480,2005/01/17,8,0,9
1481,2005/01/18,3,2,8
1482,2005/01/19,4,2,3
1483,2005/01/20,7,8,0
1484,2005/01/21,0,2,6
1485,2005/01/24,3,6,9
1486,2005/01/25,5,2,6
1487,2005/01/26,4,6,5
1488,2005/01/27,9,6,8
1489,2005/01/28,2,1,8
1490,2005/01/31,8,0,7
1491,2005/02/01,2,8,7
1492,2005/02/02,9,9,7
1493,2005/02/03,3,1,3
1494,2005/02/04,8,0,0
1495,2005/02/07,6,0,1
1496,2005/02/08,7,4,2
1497,2005/02/09,7,3,8
1498,2005/02/10,7,5,4
1499,2005/02/11,1,9,6
1500,2005/02/14,4,5,3
1501,2005/02/15,7,9,3
1502,2005/02/16,5,5,6
1503,2005/02/17,5,3,3
1504,2005/02/18,0,5,8
1505,2005/02/21,4,1,9
1506,2005/02/22,0,6,3
1507,2005/02/23,3,7,9
1508,2005/02/24,9,2,8
1509,2005/02/25,6,1,3
1510,2005/02/28,9,1,7
1511,2005/03/01,2,1,2
1512,2005/03/02,8,8,7
1513,2005/03/03,9,7,0
1514,2005/03/04,7,0,7
1515,2005/03/07,4,1,2
1516,2005/03/08,6,0,3
1517,2005/03/09,5,7,8
1518,2005/03/10,2,6,6
1519,2005/03/11,3,8,4
1520,2005/03/14,6,8,0
1521,2005/03/15,0,8,7
1522,2005/03/16,7,7,6
1523,2005/03/17,3,8,7
1524,2005/03/18,3,1,9
1525,2005/03/21,7,2,9
1526,2005/03/22,9,6,3
1527,2005/03/23,7,5,1
1528,2005/03/24,9,4,8
1529,2005/03/25,2,3,5
1530,2005/03/28,6,8,6
1531,2005/03/29,8,5,7
1532,2005/03/30,7,8,6
1533,2005/03/31,7,1,6
1534,2005/04/01,0,8,4
1535,2005/04/04,5,6,7
1536,2005/04/05,4,1,4
1537,2005/04/06,4,8,2
1538,2005/04/07,5,0,7
1539,2005/04/08,2,1,5
1540,2005/04/11,3,5,0
1541,2005/04/12,7,7,6
1542,2005/04/13,0,4,3
1543,2005/04/14,4,0,0
1544,2005/04/15,1,9,0
1545,2005/04/18,6,2,9
1546,2005/04/19,8,4,1
1547,2005/04/20,0,7,3
1548,2005/04/21,9,4,2
1549,2005/04/22,2,0,3
1550,2005/04/25,5,6,0
1551,2005/04/26,7,8,8
1552,2005/04/27,5,3,0
1553,2005/04/28,1,7,8
1554,2005/04/29,5,8,9
1555,2005/05/02,4,5,9
1556,2005/05/03,2,5,0
1557,2005/05/04,2,2,2
1558,2005/05/05,7,8,1
1559,2005/05/06,6,1,4
1560,2005/05/09,9,7,3
1561,2005/05/10,3,7,8
1562,2005/05/11,4,5,3
1563,2005/05/12,5,4,2
1564,2005/05/13,2,4,1
1565,2005/05/16,5,6,5
1566,2005/05/17,1,8,2
1567,2005/05/18,0,1,6
1568,2005/05/19,2,0,4
1569,2005/05/20,5,2,9
1570,2005/05/23,8,2,7
1571,2005/05/24,6,6,0
1572,2005/05/25,5,9,7
1573,2005/05/26,9,1,7
1574,2005/05/27,8,3,5
1575,2005/05/30,6,5,9
1576,2005/05/31,3,9,2
1577,2005/06/01,6,3,4
1578,2005/06/02,3,6,3
1579,2005/06/03,3,2,7
1580,2005/06/06,0,4,2
1581,2005/06/07,1,0,0
1582,2005/06/08,9,2,0
1583,2005/06/09,2,8,7
1584,2005/06/10,2,1,7
1585,2005/06/13,7,0,9
1586,2005/06/14,8,8,5
1587,2005/06/15,3,6,8
1588,2005/06/16,7,6,9
1589,2005/06/17,3,5,1
1590,2005/06/20,0,9,7
1591,2005/06/21,6,7,1
1592,2005/06/22,4,0,2
1593,2005/06/23,3,7,8
1594,2005/06/24,3,7,7
1595,2005/06/27,0,6,5
1596,2005/06/28,0,9,5
1597,2005/06/29,7,4,7
1598,2005/06/30,3,9,5
1599,2005/07/01,3,3,2
1600,2005/07/04,1,4,6
1601,2005/07/05,8,9,9
1602,2005/07/06,8,8,5
1603,2005/07/07,7,6,2
1604,2005/07/08,3,8,2
1605,2005/07/11,9,6,4
1606,2005/07/12,3,1,2
1607,2005/07/13,3,8,2
1608,2005/07/14,3,1,8
1609,2005/07/15,4,3,0
1610,2005/07/18,9,2,2
1611,2005/07/19,4,4,1
1612,2005/07/20,2,6,1
1613,2005/07/21,4,6,5
1614,2005/07/22,8,6,1
1615,2005/07/25,4,4,8
1616,2005/07/26,3,4,7
1617,2005/07/27,7,2,6
1618,2005/07/28,7,2,0
1619,2005/07/29,3,1,9
1620,2005/08/01,4,2,4
1621,2005/08/02,4,8,2
1622,2005/08/03,9,4,3
1623,2005/08/04,9,3,4
1624,2005/08/05,9,7,7
1625,2005/08/08,9,2,9
1626,2005/08/09,1,6,8
1627,2005/08/10,3,6,8
1628,2005/08/11,6,0,7
1629,2005/08/12,6,6,0
1630,2005/08/15,6,2,6
1631,2005/08/16,7,5,5
1632,2005/08/17,4,8,6
1633,2005/08/18,8,6,8
1634,2005/08/19,0,7,7
1635,2005/08/22,5,0,9
1636,2005/08/23,9,8,0
1637,2005/08/24,6,4,4
1638,2005/08/25,4,5,1
1639,2005/08/26,5,0,1
1640,2005/08/29,7,8,7
1641,2005/08/30,4,3,9
1642,2005/08/31,0,6,0
1643,2005/09/01,9,4,8
1644,2005/09/02,9,1,7
1645,2005/09/05,7,9,2
1646,2005/09/06,3,5,3
1647,2005/09/07,0,5,7
1648,2005/09/08,6,3,3
1649,2005/09/09,7,2,2
1650,2005/09/12,7,7,5
1651,2005/09/13,8,3,9
1652,2005/09/14,0,5,9
1653,2005/09/15,9,7,5
1654,2005/09/16,6,3,8
1655,2005/09/19,9,2,7
1656,2005/09/20,7,8,4
1657,2005/09/21,1,9,8
1658,2005/09/22,8,9,6
1659,2005/09/23,8,2,3
1660,2005/09/26,5,5,4
1661,2005/09/27,1,3,8
1662,2005/09/28,7,8,3
1663,2005/09/29,8,5,2
1664,2005/09/30,5,4,2
1665,2005/10/03,5,7,1
1666,2005/10/04,1,9,3
1667,2005/10/05,9,2,8
1668,2005/10/06,6,1,6
1669,2005/10/07,0,2,6
1670,2005/10/10,9,6,8
1671,2005/10/11,1,7,5
1672,2005/10/12,9,9,0
1673,2005/10/13,8,7,1
1674,2005/10/14,6,7,3
1675,2005/10/17,2,6,9
1676,2005/10/18,4,4,8
1677,2005/10/19,2,8,8
1678,2005/10/20,7,7,5
1679,2005/10/21,6,5,0
1680,2005/10/24,8,3,2
1681,2005/10/25,7,4,1
1682,2005/10/26,2,3,7
1683,2005/10/27,7,9,7
1684,2005/10/28,4,6,1
1685,2005/10/31,4,5,3
1686,2005/11/01,0,1,5
1687,2005/11/02,0,9,7
1688,2005/11/03,9,1,8
1689,2005/11/04,3,5,7
1690,2005/11/07,5,5,9
1691,2005/11/08,1,8,0
1692,2005/11/09,5,3,8
1693,2005/11/10,9,0,6
1694,2005/11/11,8,0,8
1695,2005/11/14,6,3,9
1696,2005/11/15,9,4,8
1697,2005/11/16,8,9,3
1698,2005/11/17,5,3,3
1699,2005/11/18,0,4,7
1700,2005/11/21,8,4,4
1701,2005/11/22,6,7,8
1702,2005/11/23,4,6,9
1703,2005/11/24,4,4,9
1704,2005/11/25,9,2,4
1705,2005/11/28,7,5,9
1706,2005/11/29,8,5,5
1707,2005/11/30,1,0,4
1708,2005/12/01,4,6,3
1709,2005/12/02,4,7,7
1710,2005/12/05,6,9,2
1711,2005/12/06,8,0,3
1712,2005/12/07,2,8,0
1713,2005/12/08,1,0,1
1714,2005/12/09,3,4,7
1715,2005/12/12,8,4,6
1716,2005/12/13,7,9,2
1717,2005/12/14,6,1,0
1718,2005/12/15,1,6,1
1719,2005/12/16,2,5,7
1720,2005/12/19,0,2,8
1721,2005/12/20,0,3,3
1722,2005/12/21,8,6,3
1723,2005/12/22,1,6,4
1724,2005/12/23,6,1,6
1725,2005/12/26,9,1,6
1726,2005/12/27,8,3,6
1727,2005/12/28,6,4,6
1728,2005/12/29,9,0,8
1729,2005/12/30,0,6,2
1730,2006/01/04,2,6,6
1731,2006/01/05,9,9,8
1732,2006/01/06,1,1,9
1733,2006/01/09,6,7,4
1734,2006/01/10,8,9,7
1735,2006/01/11,7,3,3
1736,2006/01/12,6,7,5
1737,2006/01/13,4,3,3
1738,2006/01/16,7,7,1
1739,2006/01/17,8,8,4
1740,2006/01/18,8,0,1
1741,2006/01/19,5,0,3
1742,2006/01/20,9,1,6
1743,2006/01/23,8,4,6
1744,2006/01/24,1,8,8
1745,2006/01/25,9,7,9
1746,2006/01/26,2,9,3
1747,2006/01/27,5,6,2
1748,2006/01/30,0,2,1
1749,2006/01/31,6,9,6
1750,2006/02/01,8,7,0
1751,2006/02/02,6,3,4
1752,2006/02/03,0,9,2
1753,2006/02/06,0,8,6
1754,2006/02/07,5,5,9
1755,2006/02/08,5,7,1
1756,2006/02/09,0,2,9
1757,2006/02/10,0,6,4
1758,2006/02/13,1,4,8
1759,2006/02/14,3,5,8
1760,2006/02/15,3,9,9
1761,2006/02/16,9,0,1
1762,2006/02/17,4,8,4
1763,2006/02/20,6,0,6
1764,2006/02/21,4,3,3
1765,2006/02/22,1,3,1
1766,2006/02/23,4,5,5
1767,2006/02/24,9,6,5
1768,2006/02/27,7,4,3
1769,2006/02/28,6,1,7
1770,2006/03/01,7,5,5
1771,2006/03/02,6,7,9
1772,2006/03/03,6,4,3
1773,2006/03/06,0,3,2
1774,2006/03/07,4,3,1
1775,2006/03/08,0,5,0
1776,2006/03/09,2,5,9
1777,2006/03/10,3,3,1
1778,2006/03/13,8,3,1
1779,2006/03/14,3,2,1
1780,2006/03/15,1,6,4
1781,2006/03/16,0,2,0
1782,2006/03/17,4,3,5
1783,2006/03/20,7,9,0
1784,2006/03/21,9,5,5
1785,2006/03/22,6,4,5
1786,2006/03/23,3,2,3
1787,2006/03/24,6,7,8
1788,2006/03/27,7,4,0
1789,2006/03/28,7,9,4
1790,2006/03/29,6,1,9
1791,2006/03/30,8,5,3
1792,2006/03/31,2,6,1
1793,2006/04/03,6,3,0
1794,2006/04/04,0,2,8
1795,2006/04/05,4,3,9
1796,2006/04/06,5,8,7
1797,2006/04/07,8,2,9
1798,2006/04/10,7,4,8
1799,2006/04/11,4,9,0
1800,2006/04/12,4,8,3
1801,2006/04/13,5,7,5
1802,2006/04/14,3,7,2
1803,2006/04/17,5,7,5
1804,2006/04/18,2,7,3
1805,2006/04/19,1,1,5
1806,2006/04/20,8,7,2
1807,2006/04/21,0,3,6
1808,2006/04/24,4,2,2
1809,2006/04/25,9,1,3
1810,2006/04/26,9,4,0
1811,2006/04/27,5,2,8
1812,2006/04/28,3,2,6
1813,2006/05/01,6,8,6
1814,2006/05/02,7,3,5
1815,2006/05/03,0,4,9
1816,2006/05/04,8,6,1
1817,2006/05/05,0,7,4
1818,2006/05/08,3,8,7
1819,2006/05/09,2,1,2
1820,2006/05/10,6,9,4
1821,2006/05/11,9,9,4
1822,2006/05/12,1,7,6
1823,2006/05/15,1,0,9
1824,2006/05/16,4,2,3
1825,2006/05/17,6,9,4
1826,2006/05/18,2,9,9
1827,2006/05/19,9,0,8
1828,2006/05/22,4,9,3
1829,2006/05/23,9,6,2
1830,2006/05/24,2,8,7
1831,2006/05/25,9,4,1
1832,2006/05/26,5,9,8
1833,2006/05/29,8,7,3
1834,2006/05/30,2,9,3
1835,2006/05/31,8,9,6
1836,2006/06/01,7,9,2
1837,2006/06/02,1,9,8
1838,2006/06/05,1,7,3
1839,2006/06/06,8,5,0
1840,2006/06/07,7,9,5
1841,2006/06/08,8,5,8
1842,2006/06/09,6,4,0
1843,2006/06/12,2,6,9
1844,2006/06/13,1,7,8
1845,2006/06/14,3,3,3
1846,2006/06/15,8,6,2
1847,2006/06/16,6,1,2
1848,2006/06/19,6,9,6
1849,2006/06/20,1,2,7
1850,2006/06/21,6,9,1
1851,2006/06/22,1,5,0
1852,2006/06/23,5,7,2
1853,2006/06/26,4,2,0
1854,2006/06/27,9,8,0
1855,2006/06/28,5,6,7
1856,2006/06/29,6,1,8
1857,2006/06/30,2,1,8
1858,2006/07/03,8,7,8
1859,2006/07/04,8,7,8
1860,2006/07/05,1,1,7
1861,2006/07/06,0,9,5
1862,2006/07/07,8,9,0
1863,2006/07/10,2,3,6
1864,2006/07/11,9,2,6
1865,2006/07/12,2,9,9
1866,2006/07/13,6,7,5
1867,2006/07/14,7,0,2
1868,2006/07/17,7,3,3
1869,2006/07/18,5,4,4
1870,2006/07/19,8,4,7
1871,2006/07/20,9,7,3
1872,2006/07/21,4,9,6
1873,2006/07/24,6,3,8
1874,2006/07/25,8,0,6
1875,2006/07/26,6,6,6
1876,2006/07/27,1,2,9
1877,2006/07/28,1,9,0
1878,2006/07/31,1,4,1
1879,2006/08/01,7,4,2
1880,2006/08/02,6,7,4
1881,2006/08/03,5,5,8
1882,2006/08/04,9,1,4
1883,2006/08/07,0,7,6
1884,2006/08/08,5,2,8
1885,2006/08/09,0,5,1
1886,2006/08/10,9,3,2
1887,2006/08/11,1,7,2
1888,2006/08/14,3,7,0
1889,2006/08/15,6,4,7
1890,2006/08/16,2,6,9
1891,2006/08/17,9,2,4
1892,2006/08/18,1,8,3
1893,2006/08/21,8,5,6
1894,2006/08/22,2,7,3
1895,2006/08/23,9,3,7
1896,2006/08/24,6,5,6
1897,2006/08/25,9,2,4
1898,2006/08/28,3,2,1
1899,2006/08/29,3,7,4
1900,2006/08/30,8,4,5
1901,2006/08/31,5,3,5
1902,2006/09/01,8,9,9
1903,2006/09/04,3,4,9
1904,2006/09/05,8,7,4
1905,2006/09/06,1,0,4
1906,2006/09/07,5,2,2
1907,2006/09/08,8,1,5
1908,2006/09/11,8,9,2
1909,2006/09/12,8,5,9
1910,2006/09/13,4,6,8
1911,2006/09/14,0,6,2
1912,2006/09/15,0,1,9
1913,2006/09/18,1,2,1
1914,2006/09/19,9,5,5
1915,2006/09/20,9,1,8
1916,2006/09/21,5,8,6
1917,2006/09/22,8,7,5
1918,2006/09/25,4,0,2
1919,2006/09/26,1,6,1
1920,2006/09/27,8,9,8
1921,2006/09/28,8,9,0
1922,2006/09/29,4,4,8
1923,2006/10/02,6,3,3
1924,2006/10/03,4,6,1
1925,2006/10/04,7,5,7
1926,2006/10/05,9,2,4
1927,2006/10/06,8,1,3
1928,2006/10/09,1,1,3
1929,2006/10/10,8,7,4
1930,2006/10/11,4,0,2
1931,2006/10/12,5,9,5
1932,2006/10/13,8,8,7
1933,2006/10/16,5,5,9
1934,2006/10/17,7,0,0
1935,2006/10/18,2,3,6
1936,2006/10/19,1,1,3
1937,2006/10/20,7,0,3
1938,2006/10/23,2,4,3
1939,2006/10/24,2,8,6
1940,2006/10/25,4,4,0
1941,2006/10/26,4,8,3
1942,2006/10/27,8,5,0
1943,2006/10/30,5,8,8
1944,2006/10/31,1,2,1
1945,2006/11/01,8,5,5
1946,2006/11/02,6,7,9
1947,2006/11/03,3,0,3
1948,2006/11/06,9,9,2
1949,2006/11/07,7,1,3
1950,2006/11/08,6,3,0
1951,2006/11/09,6,6,3
1952,2006/11/10,3,6,8
1953,2006/11/13,9,7,2
1954,2006/11/14,1,3,1
1955,2006/11/15,8,6,1
1956,2006/11/16,4,3,2
1957,2006/11/17,4,1,4
1958,2006/11/20,3,1,2
1959,2006/11/21,1,9,2
1960,2006/11/22,4,6,0
1961,2006/11/23,0,9,2
1962,2006/11/24,3,9,5
1963,2006/11/27,6,9,7
1964,2006/11/28,3,5,9
1965,2006/11/29,0,4,2
1966,2006/11/30,8,2,6
1967,2006/12/01,5,3,3
1968,2006/12/04,4,0,7
1969,2006/12/05,6,7,5
1970,2006/12/06,4,5,5
1971,2006/12/07,1,9,8
1972,2006/12/08,0,5,8
1973,2006/12/11,7,1,9
1974,2006/12/12,6,9,2
1975,2006/12/13,0,4,9
1976,2006/12/14,5,5,5
1977,2006/12/15,5,3,6
1978,2006/12/18,6,4,9
1979,2006/12/19,8,0,8
1980,2006/12/20,6,5,2
1981,2006/12/21,7,7,8
1982,2006/12/22,8,3,3
1983,2006/12/25,2,1,8
1984,2006/12/26,2,5,8
1985,2006/12/27,8,2,4
1986,2006/12/28,1,2,9
1987,2006/12/29,0,6,1
1988,2007/01/04,0,9,0
1989,2007/01/05,9,4,2
1990,2007/01/08,7,2,6
1991,2007/01/09,5,2,2
1992,2007/01/10,9,4,9
1993,2007/01/11,4,3,8
1994,2007/01/12,3,0,5
1995,2007/01/15,8,4,7
1996,2007/01/16,5,8,1
1997,2007/01/17,9,0,8
1998,2007/01/18,5,8,0
1999,2007/01/19,9,0,0
2000,2007/01/22,4,4,0
2001,2007/01/23,3,2,5
2002,2007/01/24,5,6,7
2003,2007/01/25,5,3,7
2004,2007/01/26,8,1,0
2005,2007/01/29,5,2,5
2006,2007/01/30,5,7,4
2007,2007/01/31,3,1,1
2008,2007/02/01,6,2,4
2009,2007/02/02,5,9,4
2010,2007/02/05,4,1,2
2011,2007/02/06,8,1,5
2012,2007/02/07,5,3,9
2013,2007/02/08,8,7,4
2014,2007/02/09,0,0,8
2015,2007/02/12,8,4,2
2016,2007/02/13,2,6,8
2017,2007/02/14,3,1,5
2018,2007/02/15,4,5,3
2019,2007/02/16,5,1,9
2020,2007/02/19,4,4,9
2021,2007/02/20,0,2,7
2022,2007/02/21,2,4,0
2023,2007/02/22,7,0,5
2024,2007/02/23,9,3,9
2025,2007/02/26,9,6,4
2026,2007/02/27,1,6,0
2027,2007/02/28,1,7,2
2028,2007/03/01,3,7,8
2029,2007/03/02,3,0,8
2030,2007/03/05,3,2,1
2031,2007/03/06,4,7,7
2032,2007/03/07,9,7,4
2033,2007/03/08,4,1,7
2034,2007/03/09,9,3,8
2035,2007/03/12,4,1,5
2036,2007/03/13,4,0,3
2037,2007/03/14,9,7,1
2038,2007/03/15,9,7,7
2039,2007/03/16,2,3,1
2040,2007/03/19,7,3,2
2041,2007/03/20,1,4,9
2042,2007/03/21,5,5,0
2043,2007/03/22,3,3,4
2044,2007/03/23,0,3,4
2045,2007/03/26,6,3,2
2046,2007/03/27,7,0,7
2047,2007/03/28,0,0,1
2048,2007/03/29,9,8,4
2049,2007/03/30,7,7,1
2050,2007/04/02,7,4,6
2051,2007/04/03,3,3,0
2052,2007/04/04,1,2,1
2053,2007/04/05,3,6,8
2054,2007/04/06,3,7,9
2055,2007/04/09,2,6,6
2056,2007/04/10,6,4,6
2057,2007/04/11,1,6,5
2058,2007/04/12,7,1,5
2059,2007/04/13,1,8,3
2060,2007/04/16,2,2,3
2061,2007/04/17,9,7,4
2062,2007/04/18,6,2,1
2063,2007/04/19,5,1,9
2064,2007/04/20,9,2,6
2065,2007/04/23,3,0,1
2066,2007/04/24,4,5,6
2067,2007/04/25,1,2,3
2068,2007/04/26,1,5,7
2069,2007/04/27,3,0,6
2070,2007/04/30,7,0,1
2071,2007/05/01,6,5,4
2072,2007/05/02,3,9,9
2073,2007/05/03,2,3,1
2074,2007/05/04,1,7,2
2075,2007/05/07,3,0,2
2076,2007/05/08,8,2,7
2077,2007/05/09,9,3,6
2078,2007/05/10,4,6,6
2079,2007/05/11,7,2,5
2080,2007/05/14,5,9,4
2081,2007/05/15,7,1,6
2082,2007/05/16,1,7,8
2083,2007/05/17,5,4,4
2084,2007/05/18,8,2,6
2085,2007/05/21,5,2,2
2086,2007/05/22,8,0,3
2087,2007/05/23,8,2,1
2088,2007/05/24,4,0,7
2089,2007/05/25,3,5,3
2090,2007/05/28,6,4,2
2091,2007/05/29,4,2,8
2092,2007/05/30,1,5,6
2093,2007/05/31,3,8,6
2094,2007/06/01,3,9,2
2095,2007/06/04,2,4,2
2096,2007/06/05,5,5,6
2097,2007/06/06,0,4,5
2098,2007/06/07,4,0,5
2099,2007/06/08,0,3,2
2100,2007/06/11,6,4,2
2101,2007/06/12,1,3,5
2102,2007/06/13,5,6,0
2103,2007/06/14,9,8,9
2104,2007/06/15,2,3,6
2105,2007/06/18,2,2,2
2106,2007/06/19,5,8,4
2107,2007/06/20,7,9,1
2108,2007/06/21,1,0,6
2109,2007/06/22,7,5,7
2110,2007/06/25,8,5,9
2111,2007/06/26,9,2,5
2112,2007/06/27,4,8,2
2113,2007/06/28,2,7,8
2114,2007/06/29,4,5,3
2115,2007/07/02,4,4,7
2116,2007/07/03,6,5,6
2117,2007/07/04,0,1,2
2118,2007/07/05,0,5,5
2119,2007/07/06,1,2,8
2120,2007/07/09,5,9,1
2121,2007/07/10,1,7,0
2122,2007/07/11,7,7,8
2123,2007/07/12,5,8,6
2124,2007/07/13,8,6,7
2125,2007/07/16,8,6,4
2126,2007/07/17,3,9,8
2127,2007/07/18,7,5,2
2128,2007/07/19,6,0,0
2129,2007/07/20,0,8,9
2130,2007/07/23,8,5,7
2131,2007/07/24,2,8,7
2132,2007/07/25,9,3,8
2133,2007/07/26,8,1,8
2134,2007/07/27,3,9,1
2135,2007/07/30,2,5,4
2136,2007/07/31,9,7,1
2137,2007/08/01,9,3,1
2138,2007/08/02,4,9,8
2139,2007/08/03,5,0,9
2140,2007/08/06,3,1,8
2141,2007/08/07,0,8,1
2142,2007/08/08,1,1,2
2143,2007/08/09,9,8,7
2144,2007/08/10,1,8,9
2145,2007/08/13,7,0,0
2146,2007/08/14,0,3,5
2147,2007/08/15,4,7,8
2148,2007/08/16,8,2,2
2149,2007/08/17,7,0,3
2150,2007/08/20,9,7,5
2151,2007/08/21,9,1,2
2152,2007/08/22,7,3,0
2153,2007/08/23,1,5,2
2154,2007/08/24,8,3,0
2155,2007/08/27,4,9,4
2156,2007/08/28,2,3,9
2157,2007/08/29,6,7,8
2158,2007/08/30,5,8,5
2159,2007/08/31,3,8,7
2160,2007/09/03,3,5,3
2161,2007/09/04,6,2,6
2162,2007/09/05,6,7,7
2163,2007/09/06,5,7,1
2164,2007/09/07,1,5,0
2165,2007/09/10,4,0,0
2166,2007/09/11,0,9,2
2167,2007/09/12,1,9,8
2168,2007/09/13,1,6,9
2169,2007/09/14,6,1,8
2170,2007/09/17,7,5,5
2171,2007/09/18,2,3,3
2172,2007/09/19,6,7,3
2173,2007/09/20,1,4,5
2174,2007/09/21,4,6,1
2175,2007/09/24,9,3,8
2176,2007/09/25,7,6,2
2177,2007/09/26,6,9,1
2178,2007/09/27,8,4,2
2179,2007/09/28,0,0,9
2180,2007/10/01,6,4,4
2181,2007/10/02,8,0,9
2182,2007/10/03,9,5,8
2183,2007/10/04,8,6,3
2184,2007/10/05,2,3,6
2185,2007/10/08,5,2,5
2186,2007/10/09,7,4,4
2187,2007/10/10,8,8,4
2188,2007/10/11,7,8,5
2189,2007/10/12,5,6,1
2190,2007/10/15,2,7,8
2191,2007/10/16,8,6,4
2192,2007/10/17,7,5,7
2193,2007/10/18,8,3,2
2194,2007/10/19,9,6,6
2195,2007/10/22,6,0,4
2196,2007/10/23,1,7,1
2197,2007/10/24,3,9,1
2198,2007/10/25,6,1,4
2199,2007/10/26,6,8,5
2200,2007/10/29,1,3,0
2201,2007/10/30,0,7,9
2202,2007/10/31,6,7,5
2203,2007/11/01,0,3,8
2204,2007/11/02,2,5,4
2205,2007/11/05,0,1,8
2206,2007/11/06,9,2,8
2207,2007/11/07,4,1,8
2208,2007/11/08,9,5,5
2209,2007/11/09,4,0,9
2210,2007/11/12,6,3,8
2211,2007/11/13,3,3,4
2212,2007/11/14,7,8,5
2213,2007/11/15,8,9,2
2214,2007/11/16,6,7,9
2215,2007/11/19,7,6,2
2216,2007/11/20,6,5,2
2217,2007/11/21,1,4,5
2218,2007/11/22,0,1,3
2219,2007/11/23,6,0,1
2220,2007/11/26,7,8,1
2221,2007/11/27,3,9,5
2222,2007/11/28,3,7,3
2223,2007/11/29,3,6,1
2224,2007/11/30,3,2,6
2225,2007/12/03,4,6,9
2226,2007/12/04,5,1,7
2227,2007/12/05,5,1,5
2228,2007/12/06,4,2,6
2229,2007/12/07,3,0,6
2230,2007/12/10,8,3,9
2231,2007/12/11,9,4,3
2232,2007/12/12,5,8,0
2233,2007/12/13,0,3,3
2234,2007/12/14,5,7,9
2235,2007/12/17,8,8,8
2236,2007/12/18,7,6,1
2237,2007/12/19,8,9,6
2238,2007/12/20,5,3,8
2239,2007/12/21,9,5,8
2240,2007/12/24,7,6,8
2241,2007/12/25,2,9,4
2242,2007/12/26,3,0,4
2243,2007/12/27,7,1,5
2244,2007/12/28,1,8,2
2245,2008/01/04,0,2,9
2246,2008/01/07,9,6,5
2247,2008/01/08,6,8,2
2248,2008/01/09,4,4,3
2249,2008/01/10,9,7,2
2250,2008/01/11,9,0,0
2251,2008/01/14,9,7,8
2252,2008/01/15,6,5,1
2253,2008/01/16,1,7,8
2254,2008/01/17,8,1,0
2255,2008/01/18,0,6,6
2256,2008/01/21,8,7,5
2257,2008/01/22,2,9,7
2258,2008/01/23,3,9,0
2259,2008/01/24,0,1,8
2260,2008/01/25,0,0,4
2261,2008/01/28,9,8,2
2262,2008/01/29,4,8,8
2263,2008/01/30,5,1,4
2264,2008/01/31,3,0,9
2265,2008/02/01,1,7,0
2266,2008/02/04,1,2,2
2267,2008/02/05,6,9,9
2268,2008/02/06,7,4,5
2269,2008/02/07,0,1,4
2270,2008/02/08,0,8,6
2271,2008/02/11,0,1,4
2272,2008/02/12,6,1,0
2273,2008/02/13,5,6,9
2274,2008/02/14,7,0,5
2275,2008/02/15,4,3,5
2276,2008/02/18,5,9,9
2277,2008/02/19,8,0,2
2278,2008/02/20,2,1,5
2279,2008/02/21,2,7,6
2280,2008/02/22,1,7,5
2281,2008/02/25,1,2,8
2282,2008/02/26,4,7,2
2283,2008/02/27,3,4,8
2284,2008/02/28,9,5,6
2285,2008/02/29,6,1,6
2286,2008/03/03,6,4,8
2287,2008/03/04,1,9,9
2288,2008/03/05,0,2,2
2289,2008/03/06,8,5,8
2290,2008/03/07,8,4,2
2291,2008/03/10,6,8,6
2292,2008/03/11,6,8,5
2293,2008/03/12,6,3,3
2294,2008/03/13,1,3,9
2295,2008/03/14,3,1,7
2296,2008/03/17,2,8,1
2297,2008/03/18,4,4,0
2298,2008/03/19,2,4,0
2299,2008/03/20,4,1,8
2300,2008/03/21,4,1,1
2301,2008/03/24,0,4,8
2302,2008/03/25,8,4,9
2303,2008/03/26,0,2,2
2304,2008/03/27,6,3,1
2305,2008/03/28,1,9,7
2306,2008/03/31,9,0,9
2307,2008/04/01,4,0,1
2308,2008/04/02,6,0,1
2309,2008/04/03,2,7,9
2310,2008/04/04,8,8,9
2311,2008/04/07,4,5,7
2312,2008/04/08,4,7,8
2313,2008/04/09,4,1,2
2314,2008/04/10,4,9,9
2315,2008/04/11,9,4,6
2316,2008/04/14,4,2,2
2317,2008/04/15,1,6,5
2318,2008/04/16,2,3,0
2319,2008/04/17,2,3,7
2320,2008/04/18,6,1,7
2321,2008/04/21,6,6,8
2322,2008/04/22,6,7,9
2323,2008/04/23,6,2,1
2324,2008/04/24,7,7,4
2325,2008/04/25,1,1,7
2326,2008/04/28,6,7,0
2327,2008/04/29,2,1,2
2328,2008/04/30,7,2,4
2329,2008/05/01,1,6,2
2330,2008/05/02,7,5,1
2331,2008/05/05,7,7,9
2332,2008/05/06,6,2,7
2333,2008/05/07,0,4,6
2334,2008/05/08,2,7,6
2335,2008/05/09,6,5,5
2336,2008/05/12,9,7,0
2337,2008/05/13,9,0,7
2338,2008/05/14,3,5,7
2339,2008/05/15,3,0,2
2340,2008/05/16,1,1,9
2341,2008/05/19,7,2,8
2342,2008/05/20,8,7,4
2343,2008/05/21,9,5,0
2344,2008/05/22,6,7,7
2345,2008/05/23,3,1,6
2346,2008/05/26,6,1,3
2347,2008/05/27,1,8,3
2348,2008/05/28,9,7,5
2349,2008/05/29,8,4,2
2350,2008/05/30,7,7,2
2351,2008/06/02,3,4,2
2352,2008/06/03,0,4,1
2353,2008/06/04,4,7,1
2354,2008/06/05,7,3,9
2355,2008/06/06,4,5,3
2356,2008/06/09,0,9,1
2357,2008/06/10,5,9,6
2358,2008/06/11,7,0,4
2359,2008/06/12,5,3,8
2360,2008/06/13,2,7,2
2361,2008/06/16,4,7,4
2362,2008/06/17,8,0,9
2363,2008/06/18,2,1,5
2364,2008/06/19,4,0,1
2365,2008/06/20,0,7,0
2366,2008/06/23,9,9,1
2367,2008/06/24,7,7,7
2368,2008/06/25,5,9,7
2369,2008/06/26,0,0,9
2370,2008/06/27,8,1,6
2371,2008/06/30,9,6,0
2372,2008/07/01,8,5,6
2373,2008/07/02,7,0,3
2374,2008/07/03,9,4,3
2375,2008/07/04,6,1,8
2376,2008/07/07,2,7,1
2377,2008/07/08,2,0,2
2378,2008/07/09,8,0,8
2379,2008/07/10,2,0,0
2380,2008/07/11,3,7,2
2381,2008/07/14,2,8,6
2382,2008/07/15,1,4,1
2383,2008/07/16,5,6,8
2384,2008/07/17,0,6,6
2385,2008/07/18,7,3,3
2386,2008/07/21,1,4,1
2387,2008/07/22,6,2,6
2388,2008/07/23,4,7,5
2389,2008/07/24,1,4,2
2390,2008/07/25,2,7,1
2391,2008/07/28,9,0,0
2392,2008/07/29,3,2,5
2393,2008/07/30,9,6,3
2394,2008/07/31,0,0,8
2395,2008/08/01,1,6,9
2396,2008/08/04,0,0,3
2397,2008/08/05,5,3,1
2398,2008/08/06,1,4,0
2399,2008/08/07,8,0,1
2400,2008/08/08,7,0,3
2401,2008/08/11,1,1,7
2402,2008/08/12,9,2,8
2403,2008/08/13,7,5,0
2404,2008/08/14,1,5,8
2405,2008/08/15,3,1,1
2406,2008/08/18,2,4,7
2407,2008/08/19,8,1,2
2408,2008/08/20,0,1,6
2409,2008/08/21,6,7,7
2410,2008/08/22,5,5,1
2411,2008/08/25,6,6,7
2412,2008/08/26,7,2,5
2413,2008/08/27,7,6,4
2414,2008/08/28,4,8,3
2415,2008/08/29,7,3,4
2416,2008/09/01,2,0,0
2417,2008/09/02,2,0,0
2418,2008/09/03,4,2,5
2419,2008/09/04,5,3,2
2420,2008/09/05,8,0,1
2421,2008/09/08,1,4,8
2422,2008/09/09,4,1,7
2423,2008/09/10,9,5,3
2424,2008/09/11,7,1,8
2425,2008/09/12,6,2,1
2426,2008/09/15,4,7,2
2427,2008/09/16,2,3,2
2428,2008/09/17,7,4,8
2429,2008/09/18,4,3,2
2430,2008/09/19,3,1,4
2431,2008/09/22,6,7,5
2432,2008/09/23,2,2,3
2433,2008/09/24,4,4,0
2434,2008/09/25,5,4,4
2435,2008/09/26,9,7,2
2436,2008/09/29,3,2,1
2437,2008/09/30,8,1,7
2438,2008/10/01,8,0,2
2439,2008/10/02,1,5,7
2440,2008/10/03,2,3,4
2441,2008/10/06,1,8,7
2442,2008/10/07,5,9,1
2443,2008/10/08,0,1,5
2444,2008/10/09,4,9,3
2445,2008/10/10,4,1,0
2446,2008/10/13,4,6,8
2447,2008/10/14,5,6,0
2448,2008/10/15,9,5,0
2449,2008/10/16,1,3,6
2450,2008/10/17,3,2,7
2451,2008/10/20,6,1,8
2452,2008/10/21,0,5,3
2453,2008/10/22,2,1,3
2454,2008/10/23,5,6,2
2455,2008/10/24,2,4,7
2456,2008/10/27,9,6,9
2457,2008/10/28,6,2,5
2458,2008/10/29,9,4,2
2459,2008/10/30,1,0,8
2460,2008/10/31,4,4,9
2461,2008/11/03,2,2,6
2462,2008/11/04,6,0,0
2463,2008/11/05,0,8,9
2464,2008/11/06,1,5,0
2465,2008/11/07,9,9,6
2466,2008/11/10,6,3,4
2467,2008/11/11,7,5,8
2468,2008/11/12,1,7,8
2469,2008/11/13,8,6,8
2470,2008/11/14,6,5,4
2471,2008/11/17,4,2,4
2472,2008/11/18,8,6,2
2473,2008/11/19,2,7,8
2474,2008/11/20,8,7,0
2475,2008/11/21,9,3,3
2476,2008/11/24,5,6,0
2477,2008/11/25,3,8,1
2478,2008/11/26,4,2,5
2479,2008/11/27,0,2,0
2480,2008/11/28,8,7,9
2481,2008/12/01,9,0,8
2482,2008/12/02,4,1,5
2483,2008/12/03,7,0,7
2484,2008/12/04,0,8,2
2485,2008/12/05,5,8,8
2486,2008/12/08,3,4,1
2487,2008/12/09,2,6,0
2488,2008/12/10,9,2,7
2489,2008/12/11,0,7,5
2490,2008/12/12,3,0,8
2491,2008/12/15,4,2,0
2492,2008/12/16,1,5,5
2493,2008/12/17,6,4,0
2494,2008/12/18,6,6,9
2495,2008/12/19,0,1,2
2496,2008/12/22,5,1,4
2497,2008/12/23,6,3,0
2498,2008/12/24,3,0,0
2499,2008/12/25,8,1,7
2500,2008/12/26,8,8,5
2501,2008/12/29,6,1,0
2502,2008/12/30,6,5,4
2503,2009/01/05,5,3,4
2504,2009/01/06,7,9,9
2505,2009/01/07,7,9,7
2506,2009/01/08,7,2,4
2507,2009/01/09,6,8,5
2508,2009/01/12,3,2,8
2509,2009/01/13,0,0,1
2510,2009/01/14,2,4,3
2511,2009/01/15,7,1,5
2512,2009/01/16,3,0,8
2513,2009/01/19,2,3,3
2514,2009/01/20,7,7,6
2515,2009/01/21,8,2,8
2516,2009/01/22,6,1,4
2517,2009/01/23,5,9,3
2518,2009/01/26,5,0,9
2519,2009/01/27,7,6,2
2520,2009/01/28,8,2,6
2521,2009/01/29,8,4,5
2522,2009/01/30,6,3,1
2523,2009/02/02,4,1,2
2524,2009/02/03,4,6,1
2525,2009/02/04,4,3,4
2526,2009/02/05,5,7,3
2527,2009/02/06,1,4,7
2528,2009/02/09,0,6,9
2529,2009/02/10,3,2,0
2530,2009/02/11,7,7,6
2531,2009/02/12,3,1,9
2532,2009/02/13,0,3,1
2533,2009/02/16,5,2,9
2534,2009/02/17,6,4,8
2535,2009/02/18,1,3,4
2536,2009/02/19,1,3,3
2537,2009/02/20,0,7,0
2538,2009/02/23,4,8,4
2539,2009/02/24,6,8,6
2540,2009/02/25,7,8,7
2541,2009/02/26,7,8,8
2542,2009/02/27,6,6,0
2543,2009/03/02,5,9,6
2544,2009/03/03,4,0,3
2545,2009/03/04,6,6,0
2546,2009/03/05,0,1,1
2547,2009/03/06,9,9,2
2548,2009/03/09,7,7,9
2549,2009/03/10,4,8,1
2550,2009/03/11,8,1,4
2551,2009/03/12,5,7,1
2552,2009/03/13,1,9,5
2553,2009/03/16,4,0,4
2554,2009/03/17,8,2,8
2555,2009/03/18,1,1,8
2556,2009/03/19,5,8,6
2557,2009/03/20,0,5,0
2558,2009/03/23,6,1,1
2559,2009/03/24,4,4,5
2560,2009/03/25,7,5,3
2561,2009/03/26,6,6,7
2562,2009/03/27,1,1,7
2563,2009/03/30,4,1,3
2564,2009/03/31,5,6,6
2565,2009/04/01,5,9,7
2566,2009/04/02,3,0,8
2567,2009/04/03,4,7,7
2568,2009/04/06,8,9,0
2569,2009/04/07,2,8,3
2570,2009/04/08,4,7,2
2571,2009/04/09,1,6,9
2572,2009/04/10,4,0,0
2573,2009/04/13,9,1,0
2574,2009/04/14,3,9,6
2575,2009/04/15,4,0,1
2576,2009/04/16,8,7,0
2577,2009/04/17,9,2,5
2578,2009/04/20,1,2,5
2579,2009/04/21,3,9,7
2580,2009/04/22,3,1,5
2581,2009/04/23,9,1,6
2582,2009/04/24,1,7,9
2583,2009/04/27,9,3,8
2584,2009/04/28,2,6,3
2585,2009/04/29,9,4,3
2586,2009/04/30,1,2,4
2587,2009/05/01,7,7,5
2588,2009/05/04,7,1,4
2589,2009/05/05,9,6,7
2590,2009/05/06,4,0,1
2591,2009/05/07,9,7,2
2592,2009/05/08,1,8,3
2593,2009/05/11,6,3,7
2594,2009/05/12,7,1,3
2595,2009/05/13,1,1,7
2596,2009/05/14,7,6,9
2597,2009/05/15,9,4,8
2598,2009/05/18,8,5,4
2599,2009/05/19,0,2,3
2600,2009/05/20,7,4,8
2601,2009/05/21,1,2,5
2602,2009/05/22,0,8,7
2603,2009/05/25,8,6,9
2604,2009/05/26,8,7,0
2605,2009/05/27,4,1,2
2606,2009/05/28,1,1,4
2607,2009/05/29,2,2,7
2608,2009/06/01,1,0,8
2609,2009/06/02,6,7,9
2610,2009/06/03,6,4,3
2611,2009/06/04,1,0,9
2612,2009/06/05,6,1,7
2613,2009/06/08,8,3,1
2614,2009/06/09,6,6,8
2615,2009/06/10,2,0,7
2616,2009/06/11,0,4,7
2617,2009/06/12,5,6,9
2618,2009/06/15,7,5,9
2619,2009/06/16,6,1,3
2620,2009/06/17,2,7,5
2621,2009/06/18,3,0,8
2622,2009/06/19,3,5,4
2623,2009/06/22,6,1,9
2624,2009/06/23,8,7,5
2625,2009/06/24,9,9,6
2626,2009/06/25,4,0,6
2627,2009/06/26,5,2,4
2628,2009/06/29,2,0,9
2629,2009/06/30,5,3,6
2630,2009/07/01,9,3,4
2631,2009/07/02,0,6,6
2632,2009/07/03,1,7,5
2633,2009/07/06,8,1,4
2634,2009/07/07,5,4,8
2635,2009/07/08,9,7,4
2636,2009/07/09,8,1,9
2637,2009/07/10,8,1,8
2638,2009/07/13,6,5,8
2639,2009/07/14,4,6,6
2640,2009/07/15,1,8,3
2641,2009/07/16,7,8,1
2642,2009/07/17,6,1,3
2643,2009/07/20,3,8,1
2644,2009/07/21,6,0,5
2645,2009/07/22,9,2,3
2646,2009/07/23,4,2,2
2647,2009/07/24,8,9,1
2648,2009/07/27,0,8,9
2649,2009/07/28,1,9,5
2650,2009/07/29,1,6,6
2651,2009/07/30,2,2,2
2652,2009/07/31,2,3,6
2653,2009/08/03,0,7,0
2654,2009/08/04,1,5,6
2655,2009/08/05,8,0,9
2656,2009/08/06,1,9,6
2657,2009/08/07,3,9,5
2658,2009/08/10,8,7,8
2659,2009/08/11,9,9,2
2660,2009/08/12,7,1,1
2661,2009/08/13,7,3,3
2662,2009/08/14,0,4,0
2663,2009/08/17,2,5,9
2664,2009/08/18,3,8,2
2665,2009/08/19,2,4,8
2666,2009/08/20,2,7,1
2667,2009/08/21,3,7,6
2668,2009/08/24,4,3,6
2669,2009/08/25,4,2,0
2670,2009/08/26,8,2,4
2671,2009/08/27,4,3,4
2672,2009/08/28,5,6,5
2673,2009/08/31,9,3,5
2674,2009/09/01,2,9,8
2675,2009/09/02,1,3,0
2676,2009/09/03,8,0,5
2677,2009/09/04,5,0,7
2678,2009/09/07,1,2,9
2679,2009/09/08,8,3,3
2680,2009/09/09,7,6,0
2681,2009/09/10,4,6,9
2682,2009/09/11,9,7,7
2683,2009/09/14,5,8,4
2684,2009/09/15,3,3,6
2685,2009/09/16,6,2,4
2686,2009/09/17,8,3,4
2687,2009/09/18,0,3,2
2688,2009/09/21,7,9,9
2689,2009/09/22,7,2,8
2690,2009/09/23,5,6,5
2691,2009/09/24,4,4,6
2692,2009/09/25,2,2,5
2693,2009/09/28,5,4,5
2694,2009/09/29,0,7,6
2695,2009/09/30,3,6,8
2696,2009/10/01,3,4,1
2697,2009/10/02,6,8,4
2698,2009/10/05,8,5,3
2699,2009/10/06,9,4,3
2700,2009/10/07,2,8,0
2701,2009/10/08,4,9,3
2702,2009/10/09,1,4,5
2703,2009/10/12,7,2,1
2704,2009/10/13,0,7,1
2705,2009/10/14,7,6,7
2706,2009/10/15,9,5,1
2707,2009/10/16,1,5,3
2708,2009/10/19,1,1,3
2709,2009/10/20,4,9,3
2710,2009/10/21,2,9,5
2711,2009/10/22,1,3,2
2712,2009/10/23,6,5,9
2713,2009/10/26,5,7,2
2714,2009/10/27,9,1,1
2715,2009/10/28,7,0,9
2716,2009/10/29,8,3,7
2717,2009/10/30,8,0,3
2718,2009/11/02,0,2,4
2719,2009/11/03,5,0,5
2720,2009/11/04,7,4,7
2721,2009/11/05,4,1,4
2722,2009/11/06,5,7,8
2723,2009/11/09,6,1,1
2724,2009/11/10,3,0,9
2725,2009/11/11,2,8,6
2726,2009/11/12,9,7,7
2727,2009/11/13,8,6,4
2728,2009/11/16,1,4,1
2729,2009/11/17,7,9,0
2730,2009/11/18,1,8,4
2731,2009/11/19,2,0,4
2732,2009/11/20,9,6,7
2733,2009/11/23,8,8,7
2734,2009/11/24,7,0,2
2735,2009/11/25,6,6,0
2736,2009/11/26,9,7,3
2737,2009/11/27,3,4,2
2738,2009/11/30,6,7,6
2739,2009/12/01,5,0,2
2740,2009/12/02,8,7,5
2741,2009/12/03,6,4,0
2742,2009/12/04,6,0,6
2743,2009/12/07,0,2,6
2744,2009/12/08,0,5,0
2745,2009/12/09,3,8,5
2746,2009/12/10,9,6,7
2747,2009/12/11,9,4,1
2748,2009/12/14,4,7,6
2749,2009/12/15,4,3,7
2750,2009/12/16,3,3,6
2751,2009/12/17,2,0,0
2752,2009/12/18,5,8,9
2753,2009/12/21,8,9,1
2754,2009/12/22,5,5,1
2755,2009/12/23,1,9,8
2756,2009/12/24,2,3,7
2757,2009/12/25,7,5,6
2758,2009/12/28,3,5,5
2759,2009/12/29,8,1,2
2760,2009/12/30,5,5,2
2761,2010/01/04,2,3,2
2762,2010/01/05,6,1,9
2763,2010/01/06,1,1,2
2764,2010/01/07,8,4,5
2765,2010/01/08,5,2,3
2766,2010/01/11,0,3,2
2767,2010/01/12,8,5,0
2768,2010/01/13,9,9,9
2769,2010/01/14,9,0,0
2770,2010/01/15,2,7,1
2771,2010/01/18,0,3,5
2772,2010/01/19,5,7,9
2773,2010/01/20,9,1,9
2774,2010/01/21,2,3,6
2775,2010/01/22,2,5,8
2776,2010/01/25,0,2,9
2777,2010/01/26,4,5,2
2778,2010/01/27,2,2,7
2779,2010/01/28,4,2,2
2780,2010/01/29,5,6,2
2781,2010/02/01,3,5,1
2782,2010/02/02,2,5,2
2783,2010/02/03,6,7,7
2784,2010/02/04,8,2,9
2785,2010/02/05,9,3,2
2786,2010/02/08,7,4,7
2787,2010/02/09,3,5,0
2788,2010/02/10,2,9,5
2789,2010/02/11,7,2,6
2790,2010/02/12,9,5,9
2791,2010/02/15,7,6,8
2792,2010/02/16,1,3,5
2793,2010/02/17,0,7,1
2794,2010/02/18,2,3,2
2795,2010/02/19,6,5,0
2796,2010/02/22,7,3,8
2797,2010/02/23,0,6,3
2798,2010/02/24,1,7,9
2799,2010/02/25,3,8,9
2800,2010/02/26,1,2,2
2801,2010/03/01,9,6,3
2802,2010/03/02,8,5,6
2803,2010/03/03,5,8,1
2804,2010/03/04,3,3,4
2805,2010/03/05,0,6,6
2806,2010/03/08,1,1,7
2807,2010/03/09,6,4,0
2808,2010/03/10,8,4,8
2809,2010/03/11,4,8,4
2810,2010/03/12,5,2,7
2811,2010/03/15,1,5,7
2812,2010/03/16,4,4,3
2813,2010/03/17,7,1,4
2814,2010/03/18,9,2,1
2815,2010/03/19,8,1,0
2816,2010/03/22,5,0,7
2817,2010/03/23,9,9,9
2818,2010/03/24,9,8,6
2819,2010/03/25,2,2,9
2820,2010/03/26,8,6,0
2821,2010/03/29,6,5,9
2822,2010/03/30,4,6,3
2823,2010/03/31,6,9,8
2824,2010/04/01,8,6,2
2825,2010/04/02,8,4,8
2826,2010/04/05,2,5,8
2827,2010/04/06,6,3,8
2828,2010/04/07,4,4,8
2829,2010/04/08,6,4,3
2830,2010/04/09,6,2,9
2831,2010/04/12,6,9,6
2832,2010/04/13,3,5,4
2833,2010/04/14,6,1,8
2834,2010/04/15,8,1,5
2835,2010/04/16,5,5,8
2836,2010/04/19,4,2,0
2837,2010/04/20,2,6,5
2838,2010/04/21,3,0,4
2839,2010/04/22,9,2,8
2840,2010/04/23,1,4,2
2841,2010/04/26,9,5,4
2842,2010/04/27,3,6,8
2843,2010/04/28,8,0,2
2844,2010/04/29,3,7,1
2845,2010/04/30,1,0,8
2846,2010/05/03,8,0,2
2847,2010/05/04,9,1,6
2848,2010/05/05,9,4,8
2849,2010/05/06,0,4,1
2850,2010/05/07,7,5,2
2851,2010/05/10,2,2,7
2852,2010/05/11,1,6,2
2853,2010/05/12,0,9,3
2854,2010/05/13,9,4,9
2855,2010/05/14,4,2,8
2856,2010/05/17,4,2,7
2857,2010/05/18,8,3,2
2858,2010/05/19,5,1,4
2859,2010/05/20,9,1,9
2860,2010/05/21,8,0,3
2861,2010/05/24,0,1,7
2862,2010/05/25,7,8,6
2863,2010/05/26,4,1,7
2864,2010/05/27,1,6,9
2865,2010/05/28,5,8,9
2866,2010/05/31,1,8,2
2867,2010/06/01,7,2,7
2868,2010/06/02,5,2,0
2869,2010/06/03,5,6,7
2870,2010/06/04,9,5,1
2871,2010/06/07,8,9,5
2872,2010/06/08,8,8,2
2873,2010/06/09,9,9,8
2874,2010/06/10,3,2,8
2875,2010/06/11,2,3,9
2876,2010/06/14,9,9,9
2877,2010/06/15,3,1,3
2878,2010/06/16,1,6,8
2879,2010/06/17,0,3,0
2880,2010/06/18,0,2,7
2881,2010/06/21,6,0,6
2882,2010/06/22,5,4,9
2883,2010/06/23,0,9,1
2884,2010/06/24,5,5,4
2885,2010/06/25,0,8,9
2886,2010/06/28,5,0,5
2887,2010/06/29,5,5,4
2888,2010/06/30,4,9,7
2889,2010/07/01,1,0,4
2890,2010/07/02,0,2,3
2891,2010/07/05,4,5,8
2892,2010/07/06,2,7,4
2893,2010/07/07,4,5,8
2894,2010/07/08,8,2,4
2895,2010/07/09,2,8,7
2896,2010/07/12,8,6,7
2897,2010/07/13,1,0,5
2898,2010/07/14,8,9,0
2899,2010/07/15,7,3,1
2900,2010/07/16,3,9,5
2901,2010/07/19,5,2,3
2902,2010/07/20,8,8,3
2903,2010/07/21,5,4,8
2904,2010/07/22,2,2,3
2905,2010/07/23,5,5,1
2906,2010/07/26,3,9,6
2907,2010/07/27,2,1,6
2908,2010/07/28,7,9,3
2909,2010/07/29,8,2,7
2910,2010/07/30,9,9,0
2911,2010/08/02,5,3,9
2912,2010/08/03,0,1,4
2913,2010/08/04,8,2,8
2914,2010/08/05,6,7,3
2915,2010/08/06,0,1,1
2916,2010/08/09,0,7,6
2917,2010/08/10,4,0,3
2918,2010/08/11,0,5,4
2919,2010/08/12,6,0,7
2920,2010/08/13,4,2,4
2921,2010/08/16,2,3,2
2922,2010/08/17,1,9,3
2923,2010/08/18,9,3,1
2924,2010/08/19,6,3,3
2925,2010/08/20,0,9,2
2926,2010/08/23,5,3,0
2927,2010/08/24,5,5,3
2928,2010/08/25,3,7,1
2929,2010/08/26,1,9,9
2930,2010/08/27,0,5,4
2931,2010/08/30,2,9,6
2932,2010/08/31,5,5,1
2933,2010/09/01,6,9,8
2934,2010/09/02,4,9,6
2935,2010/09/03,6,8,5
2936,2010/09/06,0,0,7
2937,2010/09/07,7,3,6
2938,2010/09/08,2,5,7
2939,2010/09/09,1,1,9
2940,2010/09/10,2,2,1
2941,2010/09/13,3,9,3
2942,2010/09/14,2,5,7
2943,2010/09/15,8,8,4
2944,2010/09/16,4,4,2
2945,2010/09/17,9,6,1
2946,2010/09/20,4,7,5
2947,2010/09/21,1,5,5
2948,2010/09/22,3,7,6
2949,2010/09/23,6,6,3
2950,2010/09/24,6,1,9
2951,2010/09/27,1,8,8
2952,2010/09/28,0,7,2
2953,2010/09/29,2,1,4
2954,2010/09/30,6,1,8
2955,2010/10/01,4,3,3
2956,2010/10/04,4,9,6
2957,2010/10/05,1,9,6
2958,2010/10/06,2,9,6
2959,2010/10/07,5,8,1
2960,2010/10/08,9,3,6
2961,2010/10/11,8,7,0
2962,2010/10/12,9,1,5
2963,2010/10/13,8,5,1
2964,2010/10/14,7,2,2
2965,2010/10/15,3,6,8
2966,2010/10/18,6,8,0
2967,2010/10/19,4,3,5
2968,2010/10/20,6,1,1
2969,2010/10/21,7,0,4
2970,2010/10/22,9,3,2
2971,2010/10/25,2,2,8
2972,2010/10/26,2,0,7
2973,2010/10/27,2,2,7
2974,2010/10/28,6,6,6
2975,2010/10/29,2,5,4
2976,2010/11/01,2,0,4
2977,2010/11/02,8,8,0
2978,2010/11/03,8,9,5
2979,2010/11/04,6,2,4
2980,2010/11/05,6,7,6
2981,2010/11/08,7,4,2
2982,2010/11/09,5,0,3
2983,2010/11/10,2,7,9
2984,2010/11/11,6,9,2
2985,2010/11/12,7,1,9
2986,2010/11/15,6,5,6
2987,2010/11/16,1,3,9
2988,2010/11/17,7,0,3
2989,2010/11/18,6,9,7
2990,2010/11/19,3,4,5
2991,2010/11/22,2,7,2
2992,2010/11/23,1,5,3
2993,2010/11/24,4,4,8
2994,2010/11/25,7,3,1
2995,2010/11/26,8,9,7
2996,2010/11/29,9,2,0
2997,2010/11/30,8,5,2
2998,2010/12/01,3,5,5
2999,2010/12/02,5,5,1
3000,2010/12/03,2,0,6
3001,2010/12/06,9,7,1
3002,2010/12/07,9,4,7
3003,2010/12/08,5,8,3
3004,2010/12/09,0,7,4
3005,2010/12/10,9,4,3
3006,2010/12/13,1,8,0
3007,2010/12/14,4,3,5
3008,2010/12/15,3,9,3
3009,2010/12/16,6,6,5
3010,2010/12/17,0,6,9
3011,2010/12/20,8,1,0
3012,2010/12/21,5,5,4
3013,2010/12/22,8,1,9
3014,2010/12/23,0,1,6
3015,2010/12/24,1,5,7
3016,2010/12/27,3,8,4
3017,2010/12/28,1,7,6
3018,2010/12/29,7,4,9
3019,2010/12/30,3,4,9
3020,2011/01/04,5,3,4
3021,2011/01/05,6,9,2
3022,2011/01/06,8,8,0
3023,2011/01/07,7,7,5
3024,2011/01/10,9,7,5
3025,2011/01/11,7,5,7
3026,2011/01/12,2,8,2
3027,2011/01/13,7,9,8
3028,2011/01/14,4,4,9
3029,2011/01/17,5,2,5
3030,2011/01/18,6,9,1
3031,2011/01/19,4,2,4
3032,2011/01/20,3,5,3
3033,2011/01/21,9,2,3
3034,2011/01/24,1,9,3
3035,2011/01/25,2,6,9
3036,2011/01/26,0,9,9
3037,2011/01/27,4,7,9
3038,2011/01/28,2,2,2
3039,2011/01/31,8,1,9
3040,2011/02/01,1,1,0
3041,2011/02/02,5,9,4
3042,2011/02/03,3,2,7
3043,2011/02/04,7,6,1
3044,2011/02/07,6,2,8
3045,2011/02/08,1,6,6
3046,2011/02/09,5,7,6
3047,2011/02/10,8,4,1
3048,2011/02/11,9,4,6
3049,2011/02/14,4,5,7
3050,2011/02/15,0,4,7
3051,2011/02/16,2,0,5
3052,2011/02/17,2,6,3
3053,2011/02/18,0,8,0
3054,2011/02/21,0,0,8
3055,2011/02/22,4,0,2
3056,2011/02/23,3,7,4
3057,2011/02/24,0,0,4
3058,2011/02/25,4,7,5
3059,2011/02/28,3,4,5
3060,2011/03/01,0,8,2
3061,2011/03/02,3,3,1
3062,2011/03/03,8,0,6
3063,2011/03/04,5,4,5
3064,2011/03/07,9,7,6
3065,2011/03/08,1,5,2
3066,2011/03/09,2,1,5
3067,2011/03/10,7,2,4
3068,2011/03/11,4,3,7
3069,2011/03/14,6,3,5
3070,2011/03/15,7,4,6
3071,2011/03/16,4,0,2
3072,2011/03/17,5,5,7
3073,2011/03/18,0,9,5
3074,2011/03/21,1,3,8
3075,2011/03/22,3,1,8
3076,2011/03/23,2,6,1
3077,2011/03/24,7,0,4
3078,2011/03/25,2,9,8
3079,2011/03/28,3,3,5
3080,2011/03/29,6,8,0
3081,2011/03/30,3,5,2
3082,2011/03/31,2,2,5
3083,2011/04/01,9,2,9
3084,2011/04/04,6,4,3
3085,2011/04/05,3,0,3
3086,2011/04/06,7,6,3
3087,2011/04/07,3,6,0
3088,2011/04/08,0,6,1
3089,2011/04/11,4,9,5
3090,2011/04/12,6,5,7
3091,2011/04/13,2,0,0
3092,2011/04/14,9,6,3
3093,2011/04/15,7,8,8
3094,2011/04/18,5,0,4
3095,2011/04/19,1,5,0
3096,2011/04/20,9,2,9
3097,2011/04/21,3,3,9
3098,2011/04/22,5,0,9
3099,2011/04/25,6,5,7
3100,2011/04/26,0,9,2
3101,2011/04/27,0,6,6
3102,2011/04/28,0,2,4
3103,2011/04/29,3,5,5
3104,2011/05/02,6,0,6
3105,2011/05/03,1,9,2
3106,2011/05/04,8,0,7
3107,2011/05/05,5,8,6
3108,2011/05/06,5,0,0
3109,2011/05/09,8,6,9
3110,2011/05/10,4,4,7
3111,2011/05/11,6,7,1
3112,2011/05/12,5,1,4
3113,2011/05/13,5,7,4
3114,2011/05/16,7,0,5
3115,2011/05/17,3,1,0
3116,2011/05/18,0,7,4
3117,2011/05/19,6,7,4
3118,2011/05/20,9,6,6
3119,2011/05/23,9,9,5
3120,2011/05/24,3,6,2
3121,2011/05/25,6,5,5
3122,2011/05/26,1,9,9
3123,2011/05/27,3,5,9
3124,2011/05/30,0,9,1
3125,2011/05/31,2,5,3
3126,2011/06/01,0,8,2
3127,2011/06/02,1,6,8
3128,2011/06/03,7,1,9
3129,2011/06/06,5,8,0
3130,2011/06/07,9,9,8
3131,2011/06/08,9,1,0
3132,2011/06/09,6,0,0
3133,2011/06/10,9,2,2
3134,2011/06/13,2,0,1
3135,2011/06/14,6,5,5
3136,2011/06/15,9,4,4
3137,2011/06/16,3,9,7
3138,2011/06/17,0,0,5
3139,2011/06/20,7,1,4
3140,2011/06/21,6,4,3
3141,2011/06/22,3,2,4
3142,2011/06/23,8,4,5
3143,2011/06/24,9,9,7
3144,2011/06/27,6,7,4
3145,2011/06/28,7,3,4
3146,2011/06/29,2,1,0
3147,2011/06/30,8,2,5
3148,2011/07/01,8,7,2
3149,2011/07/04,1,4,0
3150,2011/07/05,8,3,3
3151,2011/07/06,4,0,8
3152,2011/07/07,5,9,4
3153,2011/07/08,8,2,7
3154,2011/07/11,1,6,1
3155,2011/07/12,7,4,7
3156,2011/07/13,3,6,6
3157,2011/07/14,9,7,3
3158,2011/07/15,2,9,1
3159,2011/07/18,9,8,8
3160,2011/07/19,1,9,4
3161,2011/07/20,3,1,9
3162,2011/07/21,5,3,4
3163,2011/07/22,5,7,1
3164,2011/07/25,4,2,0
3165,2011/07/26,9,5,4
3166,2011/07/27,7,0,6
3167,2011/07/28,7,5,9
3168,2011/07/29,6,2,2
3169,2011/08/01,9,8,3
3170,2011/08/02,0,0,6
3171,2011/08/03,9,8,1
3172,2011/08/04,8,1,5
3173,2011/08/05,8,1,1
3174,2011/08/08,4,4,9
3175,2011/08/09,6,7,6
3176,2011/08/10,6,6,2
3177,2011/08/11,3,7,6
3178,2011/08/12,7,6,7
3179,2011/08/15,3,9,1
3180,2011/08/16,2,9,3
3181,2011/08/17,2,2,0
3182,2011/08/18,3,9,3
3183,2011/08/19,5,0,8
3184,2011/08/22,1,4,2
3185,2011/08/23,1,8,3
3186,2011/08/24,8,6,3
3187,2011/08/25,2,6,7
3188,2011/08/26,7,0,3
3189,2011/08/29,9,2,2
3190,2011/08/30,8,9,1
3191,2011/08/31,7,2,5
3192,2011/09/01,4,6,9
3193,2011/09/02,6,7,4
3194,2011/09/05,2,6,2
3195,2011/09/06,4,6,4
3196,2011/09/07,8,5,4
3197,2011/09/08,4,0,1
3198,2011/09/09,0,0,7
3199,2011/09/12,4,2,5
3200,2011/09/13,7,0,5
3201,2011/09/14,2,8,6
3202,2011/09/15,6,0,6
3203,2011/09/16,9,6,6
3204,2011/09/19,2,0,3
3205,2011/09/20,3,1,6
3206,2011/09/21,8,7,4
3207,2011/09/22,2,5,1
3208,2011/09/23,7,0,3
3209,2011/09/26,1,8,0
3210,2011/09/27,6,7,9
3211,2011/09/28,2,3,2
3212,2011/09/29,4,0,4
3213,2011/09/30,9,7,8
3214,2011/10/03,4,1,8
3215,2011/10/04,8,5,4
3216,2011/10/05,2,5,6
3217,2011/10/06,0,4,7
3218,2011/10/07,2,0,8
3219,2011/10/10,3,9,3
3220,2011/10/11,6,4,4
3221,2011/10/12,3,5,3
3222,2011/10/13,5,8,9
3223,2011/10/14,6,8,0
3224,2011/10/17,9,5,7
3225,2011/10/18,0,8,2
3226,2011/10/19,2,3,7
3227,2011/10/20,0,8,7
3228,2011/10/21,8,5,9
3229,2011/10/24,3,6,9
3230,2011/10/25,7,6,0
3231,2011/10/26,8,7,7
3232,2011/10/27,8,5,6
3233,2011/10/28,6,7,7
3234,2011/10/31,4,8,8
3235,2011/11/01,7,4,0
3236,2011/11/02,5,6,9
3237,2011/11/03,7,5,0
3238,2011/11/04,2,1,8
3239,2011/11/07,7,7,0
3240,2011/11/08,7,1,1
3241,2011/11/09,2,5,2
3242,2011/11/10,9,0,1
3243,2011/11/11,7,9,8
3244,2011/11/14,1,2,4
3245,2011/11/15,1,0,3
3246,2011/11/16,2,1,3
3247,2011/11/17,6,6,0
3248,2011/11/18,8,7,5
3249,2011/11/21,9,8,4
3250,2011/11/22,8,3,5
3251,2011/11/23,3,4,7
3252,2011/11/24,6,4,2
3253,2011/11/25,0,9,0
3254,2011/11/28,1,8,0
3255,2011/11/29,8,6,1
3256,2011/11/30,2,6,7
3257,2011/12/01,3,0,0
3258,2011/12/02,8,8,3
3259,2011/12/05,0,4,8
3260,2011/12/06,6,0,3
3261,2011/12/07,3,1,8
3262,2011/12/08,1,7,4
3263,2011/12/09,1,6,6
3264,2011/12/12,1,8,8
3265,2011/12/13,3,1,7
3266,2011/12/14,0,2,9
3267,2011/12/15,4,0,9
3268,2011/12/16,5,9,1
3269,2011/12/19,5,2,6
3270,2011/12/20,8,5,3
3271,2011/12/21,1,9,8
3272,2011/12/22,0,4,5
3273,2011/12/23,4,2,7
3274,2011/12/26,0,2,9
3275,2011/12/27,9,4,1
3276,2011/12/28,2,2,8
3277,2011/12/29,3,8,9
3278,2011/12/30,7,8,6
3279,2012/01/04,4,1,6
3280,2012/01/05,4,4,7
3281,2012/01/06,4,5,8
3282,2012/01/09,9,6,5
3283,2012/01/10,8,1,3
3284,2012/01/11,8,6,1
3285,2012/01/12,5,5,2
3286,2012/01/13,9,1,0
3287,2012/01/16,6,7,4
3288,2012/01/17,3,9,8
3289,2012/01/18,0,9,3
3290,2012/01/19,2,5,1
3291,2012/01/20,5,5,6
3292,2012/01/23,7,0,7
3293,2012/01/24,4,7,8
3294,2012/01/25,0,1,7
3295,2012/01/26,2,3,3
3296,2012/01/27,0,7,9
3297,2012/01/30,1,8,1
3298,2012/01/31,7,1,8
3299,2012/02/01,0,7,6
3300,2012/02/02,7,8,2
3301,2012/02/03,7,6,8
3302,2012/02/06,8,7,1
3303,2012/02/07,9,3,3
3304,2012/02/08,8,9,0
3305,2012/02/09,3,5,9
3306,2012/02/10,0,0,5
3307,2012/02/13,7,3,2
3308,2012/02/14,2,1,9
3309,2012/02/15,0,5,9
3310,2012/02/16,6,6,8
3311,2012/02/17,6,2,9
3312,2012/02/20,5,6,3
3313,2012/02/21,1,2,6
3314,2012/02/22,1,4,1
3315,2012/02/23,3,6,6
3316,2012/02/24,2,6,7
3317,2012/02/27,3,4,3
3318,2012/02/28,4,9,0
3319,2012/02/29,8,7,4
3320,2012/03/01,0,1,2
3321,2012/03/02,0,0,7
3322,2012/03/05,9,7,6
3323,2012/03/06,8,3,3
3324,2012/03/07,0,1,7
3325,2012/03/08,9,4,0
3326,2012/03/09,4,2,2
3327,2012/03/12,7,7,1
3328,2012/03/13,3,0,0
3329,2012/03/14,9,0,6
3330,2012/03/15,5,5,2
3331,2012/03/16,1,3,6
3332,2012/03/19,1,6,0
3333,2012/03/20,8,0,0
3334,2012/03/21,2,4,1
3335,2012/03/22,1,5,8
3336,2012/03/23,2,2,8
3337,2012/03/26,2,2,6
3338,2012/03/27,5,9,9
3339,2012/03/28,1,2,4
3340,2012/03/29,5,9,4
3341,2012/03/30,6,2,7
3342,2012/04/02,8,6,0
3343,2012/04/03,7,6,6
3344,2012/04/04,5,7,5
3345,2012/04/05,8,9,5
3346,2012/04/06,9,5,2
3347,2012/04/09,7,9,0
3348,2012/04/10,2,8,4
3349,2012/04/11,1,7,5
3350,2012/04/12,9,1,6
3351,2012/04/13,0,9,8
3352,2012/04/16,7,8,9
3353,2012/04/17,6,6,7
3354,2012/04/18,1,0,5
3355,2012/04/19,2,7,8
3356,2012/04/20,4,2,0
3357,2012/04/23,4,5,1
3358,2012/04/24,3,7,8
3359,2012/04/25,9,9,4
3360,2012/04/26,3,2,2
3361,2012/04/27,5,6,4
3362,2012/04/30,4,4,8
3363,2012/05/01,9,0,5
3364,2012/05/02,1,3,8
3365,2012/05/03,0,6,4
3366,2012/05/04,4,0,9
3367,2012/05/07,7,0,1
3368,2012/05/08,6,8,5
3369,2012/05/09,2,1,4
3370,2012/05/10,5,3,5
3371,2012/05/11,4,3,9
3372,2012/05/14,3,0,1
3373,2012/05/15,7,0,9
3374,2012/05/16,2,8,6
3375,2012/05/17,8,8,5
3376,2012/05/18,1,5,6
3377,2012/05/21,8,2,8
3378,2012/05/22,7,6,8
3379,2012/05/23,0,7,3
3380,2012/05/24,5,4,7
3381,2012/05/25,2,6,2
3382,2012/05/28,3,2,0
3383,2012/05/29,5,3,8
3384,2012/05/30,0,3,8
3385,2012/05/31,9,7,5
3386,2012/06/01,7,2,9
3387,2012/06/04,2,2,1
3388,2012/06/05,8,1,9
3389,2012/06/06,9,1,7
3390,2012/06/07,1,9,7
3391,2012/06/08,6,9,6
3392,2012/06/11,6,0,0
3393,2012/06/12,0,9,8
3394,2012/06/13,1,9,4
3395,2012/06/14,4,9,5
3396,2012/06/15,0,5,1
3397,2012/06/18,8,2,6
3398,2012/06/19,1,3,7
3399,2012/06/20,4,8,6
3400,2012/06/21,7,1,4
3401,2012/06/22,8,1,1
3402,2012/06/25,5,2,3
3403,2012/06/26,3,5,7
3404,2012/06/27,8,8,4
3405,2012/06/28,8,1,9
3406,2012/06/29,4,1,0
3407,2012/07/02,8,3,5
3408,2012/07/03,0,7,7
3409,2012/07/04,8,5,1
3410,2012/07/05,5,5,0
3411,2012/07/06,1,4,8
3412,2012/07/09,0,9,2
3413,2012/07/10,7,3,8
3414,2012/07/11,0,3,4
3415,2012/07/12,6,1,2
3416,2012/07/13,6,8,0
3417,2012/07/16,0,4,7
3418,2012/07/17,5,4,4
3419,2012/07/18,8,2,5
3420,2012/07/19,3,7,7
3421,2012/07/20,5,1,5
3422,2012/07/23,6,1,5
3423,2012/07/24,0,5,9
3424,2012/07/25,8,9,9
3425,2012/07/26,5,0,6
3426,2012/07/27,7,2,6
3427,2012/07/30,4,8,6
3428,2012/07/31,9,1,6
3429,2012/08/01,5,6,8
3430,2012/08/02,2,6,1
3431,2012/08/03,3,6,0
3432,2012/08/06,0,5,5
3433,2012/08/07,7,8,8
3434,2012/08/08,1,2,1
3435,2012/08/09,3,4,3
3436,2012/08/10,0,9,0
3437,2012/08/13,3,0,2
3438,2012/08/14,3,3,3
3439,2012/08/15,4,3,0
3440,2012/08/16,9,7,9
3441,2012/08/17,9,1,1
3442,2012/08/20,6,8,9
3443,2012/08/21,6,5,6
3444,2012/08/22,8,1,0
3445,2012/08/23,5,1,4
3446,2012/08/24,5,3,7
3447,2012/08/27,0,9,9
3448,2012/08/28,2,8,2
3449,2012/08/29,8,8,7
3450,2012/08/30,5,2,6
3451,2012/08/31,3,1,0
3452,2012/09/03,4,5,8
3453,2012/09/04,3,5,7
3454,2012/09/05,7,4,8
3455,2012/09/06,9,8,8
3456,2012/09/07,9,2,6
3457,2012/09/10,3,5,1
3458,2012/09/11,1,8,5
3459,2012/09/12,4,4,1
3460,2012/09/13,1,2,4
3461,2012/09/14,4,4,5
3462,2012/09/17,7,8,4
3463,2012/09/18,7,3,1
3464,2012/09/19,7,2,8
3465,2012/09/20,0,4,9
3466,2012/09/21,0,5,9
3467,2012/09/24,7,1,5
3468,2012/09/25,1,0,0
3469,2012/09/26,4,6,6
3470,2012/09/27,6,6,0
3471,2012/09/28,9,2,8
3472,2012/10/01,2,7,4
3473,2012/10/02,2,9,8
3474,2012/10/03,4,9,8
3475,2012/10/04,1,1,6
3476,2012/10/05,8,5,1
3477,2012/10/08,7,8,2
3478,2012/10/09,1,4,4
3479,2012/10/10,0,4,2
3480,2012/10/11,6,1,2
3481,2012/10/12,4,7,2
3482,2012/10/15,0,6,3
3483,2012/10/16,2,3,6
3484,2012/10/17,0,3,3
3485,2012/10/18,6,6,2
3486,2012/10/19,3,2,0
3487,2012/10/22,7,1,4
3488,2012/10/23,2,4,0
3489,2012/10/24,3,4,1
3490,2012/10/25,8,3,7
3491,2012/10/26,6,9,7
3492,2012/10/29,4,8,0
3493,2012/10/30,8,0,4
3494,2012/10/31,2,6,4
3495,2012/11/01,7,7,8
3496,2012/11/02,5,6,1
3497,2012/11/05,6,2,0
3498,2012/11/06,0,4,4
3499,2012/11/07,0,8,5
3500,2012/11/08,9,6,6
3501,2012/11/09,6,6,6
3502,2012/11/12,7,8,1
3503,2012/11/13,0,1,9
3504,2012/11/14,6,0,5
3505,2012/11/15,4,9,5
3506,2012/11/16,4,6,4
3507,2012/11/19,7,1,3
3508,2012/11/20,7,7,6
3509,2012/11/21,8,7,2
3510,2012/11/22,3,0,7
3511,2012/11/23,3,6,9
3512,2012/11/26,2,0,4
3513,2012/11/27,6,6,0
3514,2012/11/28,1,9,5
3515,2012/11/29,9,5,0
3516,2012/11/30,9,4,3
3517,2012/12/03,2,1,7
3518,2012/12/04,7,9,8
3519,2012/12/05,7,9,3
3520,2012/12/06,9,3,1
3521,2012/12/07,1,6,7
3522,2012/12/10,5,4,0
3523,2012/12/11,7,7,6
3524,2012/12/12,2,4,9
3525,2012/12/13,3,7,4
3526,2012/12/14,2,8,2
3527,2012/12/17,1,4,1
3528,2012/12/18,1,9,9
3529,2012/12/19,0,3,6
3530,2012/12/20,6,1,9
3531,2012/12/21,2,7,3
3532,2012/12/24,5,7,9
3533,2012/12/25,2,9,6
3534,2012/12/26,4,2,6
3535,2012/12/27,8,3,6
3536,2012/12/28,8,8,9
3537,2013/01/04,6,0,9
3538,2013/01/07,7,7,8
3539,2013/01/08,8,7,7
3540,2013/01/09,2,3,9
3541,2013/01/10,2,4,0
3542,2013/01/11,0,4,4
3543,2013/01/14,2,3,8
3544,2013/01/15,4,4,7
3545,2013/01/16,6,6,3
3546,2013/01/17,4,3,3
3547,2013/01/18,2,2,8
3548,2013/01/21,8,7,1
3549,2013/01/22,0,6,8
3550,2013/01/23,3,5,2
3551,2013/01/24,7,9,4
3552,2013/01/25,2,7,2
3553,2013/01/28,4,8,1
3554,2013/01/29,5,3,3
3555,2013/01/30,0,1,5
3556,2013/01/31,1,5,8
3557,2013/02/01,8,4,4
3558,2013/02/04,2,5,8
3559,2013/02/05,3,0,0
3560,2013/02/06,0,6,8
3561,2013/02/07,2,5,2
3562,2013/02/08,1,9,9
3563,2013/02/11,4,8,1
3564,2013/02/12,7,3,1
3565,2013/02/13,3,8,1
3566,2013/02/14,5,0,7
3567,2013/02/15,5,7,4
3568,2013/02/18,9,7,2
3569,2013/02/19,1,3,9
3570,2013/02/20,2,3,0
3571,2013/02/21,3,9,6
3572,2013/02/22,7,2,8
3573,2013/02/25,7,5,1
3574,2013/02/26,1,9,9
3575,2013/02/27,1,8,1
3576,2013/02/28,7,1,7
3577,2013/03/01,8,3,7
3578,2013/03/04,7,2,3
3579,2013/03/05,7,9,7
3580,2013/03/06,4,7,3
3581,2013/03/07,1,5,8
3582,2013/03/08,1,6,8
3583,2013/03/11,8,9,8
3584,2013/03/12,9,8,6
3585,2013/03/13,9,8,0
3586,2013/03/14,5,2,8
3587,2013/03/15,8,8,8
3588,2013/03/18,3,6,9
3589,2013/03/19,3,4,9
3590,2013/03/20,3,3,3
3591,2013/03/21,7,3,5
3592,2013/03/22,4,4,8
3593,2013/03/25,2,9,1
3594,2013/03/26,7,8,2
3595,2013/03/27,5,3,8
3596,2013/03/28,5,1,0
3597,2013/03/29,2,5,9
3598,2013/04/01,0,4,4
3599,2013/04/02,3,4,4
3600,2013/04/03,8,9,3
3601,2013/04/04,4,2,2
3602,2013/04/05,3,1,8
3603,2013/04/08,2,3,3
3604,2013/04/09,5,8,2
3605,2013/04/10,0,4,5
3606,2013/04/11,1,0,2
3607,2013/04/12,3,1,8
3608,2013/04/15,7,6,0
3609,2013/04/16,2,1,0
3610,2013/04/17,1,1,4
3611,2013/04/18,0,4,4
3612,2013/04/19,0,0,3
3613,2013/04/22,9,4,7
3614,2013/04/23,7,1,5
3615,2013/04/24,7,2,2
3616,2013/04/25,2,9,4
3617,2013/04/26,9,2,1
3618,2013/04/29,6,9,3
3619,2013/04/30,7,0,6
3620,2013/05/01,1,0,4
3621,2013/05/02,8,3,2
3622,2013/05/03,7,1,4
3623,2013/05/06,1,6,0
3624,2013/05/07,5,7,0
3625,2013/05/08,4,0,7
3626,2013/05/09,3,1,4
3627,2013/05/10,0,3,4
3628,2013/05/13,4,8,8
3629,2013/05/14,1,6,4
3630,2013/05/15,5,3,1
3631,2013/05/16,3,1,8
3632,2013/05/17,1,6,5
3633,2013/05/20,9,6,3
3634,2013/05/21,4,4,4
3635,2013/05/22,2,4,4
3636,2013/05/23,8,9,9
3637,2013/05/24,4,5,6
3638,2013/05/27,3,4,5
3639,2013/05/28,8,1,9
3640,2013/05/29,9,8,0
3641,2013/05/30,0,4,1
3642,2013/05/31,9,5,3
3643,2013/06/03,7,2,3
3644,2013/06/04,6,1,1
3645,2013/06/05,1,4,3
3646,2013/06/06,2,9,2
3647,2013/06/07,0,0,4
3648,2013/06/10,4,9,7
3649,2013/06/11,1,3,7
3650,2013/06/12,3,7,8
3651,2013/06/13,1,6,5
3652,2013/06/14,4,7,7
3653,2013/06/17,8,8,3
3654,2013/06/18,4,8,1
3655,2013/06/19,2,3,8
3656,2013/06/20,0,3,1
3657,2013/06/21,5,2,7
3658,2013/06/24,0,6,8
3659,2013/06/25,0,3,2
3660,2013/06/26,3,1,4
3661,2013/06/27,7,2,5
3662,2013/06/28,8,4,8
3663,2013/07/01,7,9,0
3664,2013/07/02,3,0,7
3665,2013/07/03,5,8,7
3666,2013/07/04,8,1,2
3667,2013/07/05,6,7,6
3668,2013/07/08,5,5,1
3669,2013/07/09,0,8,2
3670,2013/07/10,3,4,3
3671,2013/07/11,8,2,0
3672,2013/07/12,4,5,6
3673,2013/07/15,9,4,0
3674,2013/07/16,9,5,0
3675,2013/07/17,0,4,4
3676,2013/07/18,1,9,5
3677,2013/07/19,2,3,5
3678,2013/07/22,3,4,2
3679,2013/07/23,2,9,3
3680,2013/07/24,3,4,6
3681,2013/07/25,7,4,0
3682,2013/07/26,5,0,1
3683,2013/07/29,3,3,3
3684,2013/07/30,2,5,4
3685,2013/07/31,7,5,7
3686,2013/08/01,8,1,1
3687,2013/08/02,9,1,4
3688,2013/08/05,2,5,7
3689,2013/08/06,4,9,7
3690,2013/08/07,0,1,7
3691,2013/08/08,2,8,3
3692,2013/08/09,9,1,7
3693,2013/08/12,2,3,4
3694,2013/08/13,0,7,8
3695,2013/08/14,1,5,5
3696,2013/08/15,8,0,1
3697,2013/08/16,9,0,0
3698,2013/08/19,1,5,5
3699,2013/08/20,3,1,7
3700,2013/08/21,7,1,0
3701,2013/08/22,8,5,0
3702,2013/08/23,2,9,4
3703,2013/08/26,8,9,3
3704,2013/08/27,6,8,2
3705,2013/08/28,7,9,3
3706,2013/08/29,3,5,1
3707,2013/08/30,3,1,1
3708,2013/09/02,5,0,1
3709,2013/09/03,2,0,4
3710,2013/09/04,9,7,5
3711,2013/09/05,5,3,6
3712,2013/09/06,7,9,1
3713,2013/09/09,5,4,7
3714,2013/09/10,3,0,0
3715,2013/09/11,1,9,2
3716,2013/09/12,5,3,7
3717,2013/09/13,5,1,1
3718,2013/09/16,1,3,7
3719,2013/09/17,7,6,0
3720,2013/09/18,5,9,5
3721,2013/09/19,7,8,9
3722,2013/09/20,0,3,9
3723,2013/09/23,3,8,9
3724,2013/09/24,6,1,3
3725,2013/09/25,8,2,5
3726,2013/09/26,2,3,6
3727,2013/09/27,8,9,5
3728,2013/09/30,8,1,7
3729,2013/10/01,1,1,3
3730,2013/10/02,0,2,1
3731,2013/10/03,9,9,6
3732,2013/10/04,8,6,5
3733,2013/10/07,6,9,4
3734,2013/10/08,7,0,8
3735,2013/10/09,4,5,1
3736,2013/10/10,1,1,0
3737,2013/10/11,4,8,4
3738,2013/10/14,5,7,2
3739,2013/10/15,3,5,5
3740,2013/10/16,2,4,9
3741,2013/10/17,8,9,6
3742,2013/10/18,1,3,9
3743,2013/10/21,0,7,7
3744,2013/10/22,5,0,3
3745,2013/10/23,9,0,7
3746,2013/10/24,3,0,6
3747,2013/10/25,6,9,3
3748,2013/10/28,4,5,4
3749,2013/10/29,1,4,0
3750,2013/10/30,3,4,8
3751,2013/10/31,0,5,2
3752,2013/11/01,5,3,5
3753,2013/11/04,9,5,2
3754,2013/11/05,6,5,0
3755,2013/11/06,5,2,4
3756,2013/11/07,6,9,4
3757,2013/11/08,3,8,0
3758,2013/11/11,8,8,5
3759,2013/11/12,4,7,0
3760,2013/11/13,9,1,0
3761,2013/11/14,0,1,4
3762,2013/11/15,6,3,8
3763,2013/11/18,4,3,9
3764,2013/11/19,4,8,4
3765,2013/11/20,7,2,1
3766,2013/11/21,9,2,2
3767,2013/11/22,9,8,3
3768,2013/11/25,0,8,1
3769,2013/11/26,9,7,5
3770,2013/11/27,7,2,4
3771,2013/11/28,2,4,4
3772,2013/11/29,8,4,2
3773,2013/12/02,4,2,1
3774,2013/12/03,7,5,2
3775,2013/12/04,9,2,8
3776,2013/12/05,6,7,4
3777,2013/12/06,4,4,3
3778,2013/12/09,5,4,2
3779,2013/12/10,0,2,3
3780,2013/12/11,6,2,2
3781,2013/12/12,3,7,2
3782,2013/12/13,1,8,6
3783,2013/12/16,5,1,5
3784,2013/12/17,5,7,6
3785,2013/12/18,1,0,7
3786,2013/12/19,5,4,0
3787,2013/12/20,8,7,9
3788,2013/12/23,9,9,7
3789,2013/12/24,4,5,6
3790,2013/12/25,2,7,1
3791,2013/12/26,6,7,2
3792,2013/12/27,1,2,7
3793,2013/12/30,5,4,9
3794,2014/01/06,0,9,8
3795,2014/01/07,5,7,8
3796,2014/01/08,7,2,1
3797,2014/01/09,6,1,3
3798,2014/01/10,0,0,5
3799,2014/01/13,1,3,6
3800,2014/01/14,5,6,0
3801,2014/01/15,5,0,6
3802,2014/01/16,6,4,1
3803,2014/01/17,7,2,0
3804,2014/01/20,9,2,1
3805,2014/01/21,1,1,9
3806,2014/01/22,1,5,4
3807,2014/01/23,3,1,4
3808,2014/01/24,3,1,1
3809,2014/01/27,1,3,8
3810,2014/01/28,3,6,9
3811,2014/01/29,0,7,0
3812,2014/01/30,3,2,7
3813,2014/01/31,7,2,9
3814,2014/02/03,0,4,4
3815,2014/02/04,8,6,1
3816,2014/02/05,2,0,0
3817,2014/02/06,0,9,5
3818,2014/02/07,2,6,4
3819,2014/02/10,4,2,3
3820,2014/02/11,3,4,3
3821,2014/02/12,9,5,1
3822,2014/02/13,8,0,5
3823,2014/02/14,7,0,9
3824,2014/02/17,2,7,1
3825,2014/02/18,6,8,7
3826,2014/02/19,7,2,2
3827,2014/02/20,0,9,9
3828,2014/02/21,1,7,2
3829,2014/02/24,2,8,7
3830,2014/02/25,0,6,1
3831,2014/02/26,2,7,2
3832,2014/02/27,1,7,1
3833,2014/02/28,1,0,1
3834,2014/03/03,9,9,2
3835,2014/03/04,8,3,4
3836,2014/03/05,6,2,4
3837,2014/03/06,0,8,7
3838,2014/03/07,1,6,9
3839,2014/03/10,9,7,5
3840,2014/03/11,6,6,1
3841,2014/03/12,5,5,8
3842,2014/03/13,6,1,9
3843,2014/03/14,7,8,4
3844,2014/03/17,1,9,8
3845,2014/03/18,7,2,9
3846,2014/03/19,0,4,5
3847,2014/03/20,6,0,8
3848,2014/03/21,7,8,7
3849,2014/03/24,2,6,3
3850,2014/03/25,6,3,6
3851,2014/03/26,7,1,0
3852,2014/03/27,8,4,1
3853,2014/03/28,6,4,3
3854,2014/03/31,0,9,8
3855,2014/04/01,1,0,8
3856,2014/04/02,6,0,6
3857,2014/04/03,8,5,8
3858,2014/04/04,7,4,0
3859,2014/04/07,9,4,2
3860,2014/04/08,7,0,1
3861,2014/04/09,2,9,5
3862,2014/04/10,8,0,8
3863,2014/04/11,1,3,5
3864,2014/04/14,1,2,3
3865,2014/04/15,1,6,0
3866,2014/04/16,6,3,7
3867,2014/04/17,4,9,3
3868,2014/04/18,7,2,5
3869,2014/04/21,0,1,7
3870,2014/04/22,2,9,0
3871,2014/04/23,9,5,1
3872,2014/04/24,8,0,9
3873,2014/04/25,5,8,9
3874,2014/04/28,4,4,2
3875,2014/04/29,1,9,9
3876,2014/04/30,4,9,5
3877,2014/05/01,8,0,8
3878,2014/05/02,3,3,6
3879,2014/05/05,9,9,4
3880,2014/05/06,8,0,6
3881,2014/05/07,2,9,7
3882,2014/05/08,3,5,3
3883,2014/05/09,1,5,4
3884,2014/05/12,3,6,7
3885,2014/05/13,9,3,4
3886,2014/05/14,4,6,3
3887,2014/05/15,1,5,3
3888,2014/05/16,0,6,5
3889,2014/05/19,8,3,6
3890,2014/05/20,2,8,1
3891,2014/05/21,7,4,6
3892,2014/05/22,4,3,3
3893,2014/05/23,0,3,4
3894,2014/05/26,0,8,6
3895,2014/05/27,8,4,5
3896,2014/05/28,4,7,4
3897,2014/05/29,7,6,1
3898,2014/05/30,8,3,9
3899,2014/06/02,4,6,8
3900,2014/06/03,3,2,7
3901,2014/06/04,7,6,9
3902,2014/06/05,7,9,0
3903,2014/06/06,9,2,8
3904,2014/06/09,6,2,0
3905,2014/06/10,4,3,1
3906,2014/06/11,3,3,4
3907,2014/06/12,4,2,9
3908,2014/06/13,6,9,0
3909,2014/06/16,7,9,7
3910,2014/06/17,2,2,6
3911,2014/06/18,0,8,4
3912,2014/06/19,5,6,8
3913,2014/06/20,6,4,4
3914,2014/06/23,3,3,8
3915,2014/06/24,9,5,5
3916,2014/06/25,7,3,2
3917,2014/06/26,1,0,1
3918,2014/06/27,7,8,5
3919,2014/06/30,0,9,2
3920,2014/07/01,5,7,1
3921,2014/07/02,9,5,3
3922,2014/07/03,3,0,7
3923,2014/07/04,5,8,3
3924,2014/07/07,0,7,6
3925,2014/07/08,8,5,6
3926,2014/07/09,3,8,9
3927,2014/07/10,6,4,7
3928,2014/07/11,3,9,8
3929,2014/07/14,0,6,1
3930,2014/07/15,4,9,5
3931,2014/07/16,2,3,9
3932,2014/07/17,6,2,1
3933,2014/07/18,7,9,0
3934,2014/07/21,9,5,4
3935,2014/07/22,1,9,7
3936,2014/07/23,0,5,9
3937,2014/07/24,0,7,0
3938,2014/07/25,4,9,8
3939,2014/07/28,1,9,0
3940,2014/07/29,2,3,4
3941,2014/07/30,3,9,2
3942,2014/07/31,6,4,9
3943,2014/08/01,9,4,0
3944,2014/08/04,7,6,4
3945,2014/08/05,9,5,5
3946,2014/08/06,9,3,3
3947,2014/08/07,8,5,7
3948,2014/08/08,0,3,1
3949,2014/08/11,7,9,3
3950,2014/08/12,4,4,8
3951,2014/08/13,5,2,8
3952,2014/08/14,3,7,1
3953,2014/08/15,1,2,2
3954,2014/08/18,4,2,5
3955,2014/08/19,7,0,1
3956,2014/08/20,8,5,2
3957,2014/08/21,0,5,9
3958,2014/08/22,6,8,5
3959,2014/08/25,1,0,5
3960,2014/08/26,9,5,8
3961,2014/08/27,3,1,4
3962,2014/08/28,3,7,6
3963,2014/08/29,6,5,3
3964,2014/09/01,1,5,1
3965,2014/09/02,7,2,1
3966,2014/09/03,0,5,8
3967,2014/09/04,5,8,6
3968,2014/09/05,6,2,1
3969,2014/09/08,8,0,2
3970,2014/09/09,9,8,3
3971,2014/09/10,8,1,6
3972,2014/09/11,6,4,4
3973,2014/09/12,2,4,9
3974,2014/09/15,5,0,9
3975,2014/09/16,2,8,9
3976,2014/09/17,9,2,7
3977,2014/09/18,4,9,8
3978,2014/09/19,1,8,1
3979,2014/09/22,1,7,4
3980,2014/09/23,4,6,8
3981,2014/09/24,6,9,7
3982,2014/09/25,1,1,3
3983,2014/09/26,5,1,7
3984,2014/09/29,7,8,6
3985,2014/09/30,0,6,6
3986,2014/10/01,3,5,4
3987,2014/10/02,0,4,5
3988,2014/10/03,7,4,5
3989,2014/10/06,0,6,5
3990,2014/10/07,8,9,0
3991,2014/10/08,1,4,8
3992,2014/10/09,1,7,8
3993,2014/10/10,7,8,2
3994,2014/10/13,5,0,9
3995,2014/10/14,3,6,9
3996,2014/10/15,8,9,3
3997,2014/10/16,9,6,3
3998,2014/10/17,9,0,8
3999,2014/10/20,7,1,7
4000,2014/10/21,4,0,4
4001,2014/10/22,3,7,3
4002,2014/10/23,3,3,6
4003,2014/10/24,7,9,9
4004,2014/10/27,4,4,4
4005,2014/10/28,2,6,0
4006,2014/10/29,0,0,9
4007,2014/10/30,2,7,4
4008,2014/10/31,8,8,5
4009,2014/11/03,0,4,0
4010,2014/11/04,8,3,2
4011,2014/11/05,8,6,1
4012,2014/11/06,5,5,1
4013,2014/11/07,8,6,6
4014,2014/11/10,6,1,1
4015,2014/11/11,1,8,1
4016,2014/11/12,1,1,2
4017,2014/11/13,2,7,7
4018,2014/11/14,1,9,4
4019,2014/11/17,3,3,5
4020,2014/11/18,6,1,8
4021,2014/11/19,0,9,5
4022,2014/11/20,5,3,6
4023,2014/11/21,4,2,6
4024,2014/11/24,0,0,0
4025,2014/11/25,3,0,3
4026,2014/11/26,3,7,2
4027,2014/11/27,3,8,4
4028,2014/11/28,9,9,0
4029,2014/12/01,9,1,3
4030,2014/12/02,7,2,5
4031,2014/12/03,0,7,6
4032,2014/12/04,9,1,6
4033,2014/12/05,3,8,4
4034,2014/12/08,9,0,0
4035,2014/12/09,3,1,2
4036,2014/12/10,5,0,1
4037,2014/12/11,8,4,0
4038,2014/12/12,4,1,0
4039,2014/12/15,5,1,1
4040,2014/12/16,8,8,9
4041,2014/12/17,2,3,5
4042,2014/12/18,9,8,3
4043,2014/12/19,9,2,9
4044,2014/12/22,8,5,3
4045,2014/12/23,3,3,0
4046,2014/12/24,5,1,6
4047,2014/12/25,7,2,8
4048,2014/12/26,1,6,7
4049,2014/12/29,5,3,7
4050,2014/12/30,6,4,2
4051,2015/01/05,0,2,5
4052,2015/01/06,2,0,2
4053,2015/01/07,8,2,6
4054,2015/01/08,2,1,1
4055,2015/01/09,0,3,1
4056,2015/01/12,7,6,3
4057,2015/01/13,8,3,6
4058,2015/01/14,2,7,1
4059,2015/01/15,7,6,5
4060,2015/01/16,0,4,8
4061,2015/01/19,2,2,2
4062,2015/01/20,5,9,7
4063,2015/01/21,7,7,2
4064,2015/01/22,8,4,9
4065,2015/01/23,4,3,2
4066,2015/01/26,9,9,6
4067,2015/01/27,7,2,2
4068,2015/01/28,7,4,0
4069,2015/01/29,8,0,9
4070,2015/01/30,3,5,5
4071,2015/02/02,1,9,2
4072,2015/02/03,2,5,0
4073,2015/02/04,3,6,5
4074,2015/02/05,6,9,0
4075,2015/02/06,2,0,1
4076,2015/02/09,3,7,7
4077,2015/02/10,5,8,3
4078,2015/02/11,2,6,6
4079,2015/02/12,3,4,9
4080,2015/02/13,5,3,9
4081,2015/02/16,2,0,2
4082,2015/02/17,8,4,5
4083,2015/02/18,6,8,2
4084,2015/02/19,5,2,1
4085,2015/02/20,8,2,9
4086,2015/02/23,6,1,8
4087,2015/02/24,9,0,4
4088,2015/02/25,8,2,4
4089,2015/02/26,5,7,4
4090,2015/02/27,3,1,1
4091,2015/03/02,1,6,1
4092,2015/03/03,4,6,2
4093,2015/03/04,2,2,7
4094,2015/03/05,7,5,1
4095,2015/03/06,5,2,6
4096,2015/03/09,8,6,2
4097,2015/03/10,1,0,0
4098,2015/03/11,6,2,3
4099,2015/03/12,5,5,3
4100,2015/03/13,3,0,2
4101,2015/03/16,8,1,3
4102,2015/03/17,6,0,7
4103,2015/03/18,9,4,4
4104,2015/03/19,3,3,9
4105,2015/03/20,6,6,3
4106,2015/03/23,0,1,1
4107,2015/03/24,2,4,5
4108,2015/03/25,4,2,7
4109,2015/03/26,9,0,8
4110,2015/03/27,9,2,8
4111,2015/03/30,1,8,7
4112,2015/03/31,0,0,7
4113,2015/04/01,3,3,6
4114,2015/04/02,6,7,7
4115,2015/04/03,8,4,5
4116,2015/04/06,1,5,9
4117,2015/04/07,5,8,9
4118,2015/04/08,5,2,1
4119,2015/04/09,9,8,8
4120,2015/04/10,6,5,8
4121,2015/04/13,5,0,7
4122,2015/04/14,9,8,6
4123,2015/04/15,6,7,5
4124,2015/04/16,0,0,9
4125,2015/04/17,3,4,8
4126,2015/04/20,1,6,4
4127,2015/04/21,2,2,2
4128,2015/04/22,2,2,0
4129,2015/04/23,0,8,1
4130,2015/04/24,1,5,3
4131,2015/04/27,1,9,0
4132,2015/04/28,4,5,0
4133,2015/04/29,8,9,9
4134,2015/04/30,2,4,2
4135,2015/05/01,8,9,7
4136,2015/05/04,6,3,6
4137,2015/05/05,8,5,6
4138,2015/05/06,9,0,6
4139,2015/05/07,9,0,5
4140,2015/05/08,4,4,0
4141,2015/05/11,3,5,6
4142,2015/05/12,8,0,0
4143,2015/05/13,5,9,5
4144,2015/05/14,3,6,1
4145,2015/05/15,7,3,5
4146,2015/05/18,9,9,1
4147,2015/05/19,4,3,3
4148,2015/05/20,5,7,6
4149,2015/05/21,9,3,4
4150,2015/05/22,9,7,7
4151,2015/05/25,3,6,2
4152,2015/05/26,1,6,6
4153,2015/05/27,3,0,9
4154,2015/05/28,3,8,4
4155,2015/05/29,7,7,8
4156,2015/06/01,4,6,5
4157,2015/06/02,6,4,1
4158,2015/06/03,5,3,7
4159,2015/06/04,8,5,8
4160,2015/06/05,1,9,1
4161,2015/06/08,0,8,1
4162,2015/06/09,2,4,0
4163,2015/06/10,4,5,5
4164,2015/06/11,4,0,2
4165,2015/06/12,5,4,9
4166,2015/06/15,6,9,0
4167,2015/06/16,5,8,9
4168,2015/06/17,4,5,1
4169,2015/06/18,3,1,3
4170,2015/06/19,2,5,8
4171,2015/06/22,8,8,0
4172,2015/06/23,4,5,4
4173,2015/06/24,6,9,1
4174,2015/06/25,8,8,5
4175,2015/06/26,0,8,6
4176,2015/06/29,3,1,9
4177,2015/06/30,6,8,6
4178,2015/07/01,4,7,0
4179,2015/07/02,5,1,6
4180,2015/07/03,4,4,7
4181,2015/07/06,1,7,4
4182,2015/07/07,0,9,7
4183,2015/07/08,5,8,3
4184,2015/07/09,5,9,0
4185,2015/07/10,8,1,8
4186,2015/07/13,7,2,1
4187,2015/07/14,2,7,9
4188,2015/07/15,0,2,3
4189,2015/07/16,3,3,4
4190,2015/07/17,5,9,8
4191,2015/07/20,8,4,4
4192,2015/07/21,8,9,5
4193,2015/07/22,0,1,3
4194,2015/07/23,3,0,0
4195,2015/07/24,4,6,8
4196,2015/07/27,2,8,7
4197,2015/07/28,0,8,0
4198,2015/07/29,4,6,1
4199,2015/07/30,4,0,9
4200,2015/07/31,0,0,4
4201,2015/08/03,3,3,6
4202,2015/08/04,9,0,7
4203,2015/08/05,2,7,5
4204,2015/08/06,4,2,6
4205,2015/08/07,8,0,2
4206,2015/08/10,5,6,7
4207,2015/08/11,4,1,9
4208,2015/08/12,1,1,9
4209,2015/08/13,8,0,9
4210,2015/08/14,8,5,9
4211,2015/08/17,5,0,7
4212,2015/08/18,9,7,8
4213,2015/08/19,5,8,0
4214,2015/08/20,2,1,4
4215,2015/08/21,3,7,2
4216,2015/08/24,3,1,5
4217,2015/08/25,2,8,2
4218,2015/08/26,9,2,0
4219,2015/08/27,7,7,8
4220,2015/08/28,1,6,9
4221,2015/08/31,7,6,3
4222,2015/09/01,1,0,4
4223,2015/09/02,7,8,7
4224,2015/09/03,8,9,0
4225,2015/09/04,4,8,9
4226,2015/09/07,6,7,8
4227,2015/09/08,4,2,3
4228,2015/09/09,8,9,6
4229,2015/09/10,4,6,8
4230,2015/09/11,5,4,9
4231,2015/09/14,8,2,0
4232,2015/09/15,7,5,9
4233,2015/09/16,1,1,7
4234,2015/09/17,3,0,6
4235,2015/09/18,3,0,2
4236,2015/09/21,2,4,3
4237,2015/09/22,2,6,4
4238,2015/09/23,1,4,4
4239,2015/09/24,9,2,4
4240,2015/09/25,7,9,2
4241,2015/09/28,1,9,1
4242,2015/09/29,1,6,6
4243,2015/09/30,9,4,5
4244,2015/10/01,2,0,3
4245,2015/10/02,4,6,8
4246,2015/10/05,1,7,3
4247,2015/10/06,5,2,4
4248,2015/10/07,4,2,5
4249,2015/10/08,3,2,1
4250,2015/10/09,6,5,8
4251,2015/10/12,1,8,5
4252,2015/10/13,4,1,8
4253,2015/10/14,1,1,9
4254,2015/10/15,2,8,8
4255,2015/10/16,5,0,3
4256,2015/10/19,3,6,3
4257,2015/10/20,5,0,4
4258,2015/10/21,4,5,8
4259,2015/10/22,3,9,6
4260,2015/10/23,6,8,6
4261,2015/10/26,3,7,0
4262,2015/10/27,9,0,6
4263,2015/10/28,0,4,9
4264,2015/10/29,1,1,8
4265,2015/10/30,3,9,4
4266,2015/11/02,6,7,5
4267,2015/11/03,2,3,0
4268,2015/11/04,6,7,5
4269,2015/11/05,7,1,5
4270,2015/11/06,2,2,0
4271,2015/11/09,7,0,8
4272,2015/11/10,9,4,5
4273,2015/11/11,4,9,3
4274,2015/11/12,7,1,1
4275,2015/11/13,0,5,0
4276,2015/11/16,3,0,5
4277,2015/11/17,7,5,7
4278,2015/11/18,4,1,4
4279,2015/11/19,1,6,1
4280,2015/11/20,8,5,1
4281,2015/11/23,3,5,9
4282,2015/11/24,6,9,1
4283,2015/11/25,7,4,8
4284,2015/11/26,8,9,5
4285,2015/11/27,3,7,2
4286,2015/11/30,5,4,7
4287,2015/12/01,7,8,4
4288,2015/12/02,9,9,9
4289,2015/12/03,4,2,2
4290,2015/12/04,1,9,2
4291,2015/12/07,4,2,9
4292,2015/12/08,3,6,8
4293,2015/12/09,6,8,7
4294,2015/12/10,3,3,6
4295,2015/12/11,3,3,2
4296,2015/12/14,6,7,1
4297,2015/12/15,4,8,4
4298,2015/12/16,1,6,6
4299,2015/12/17,3,0,8
4300,2015/12/18,9,6,6
4301,2015/12/21,5,3,0
4302,2015/12/22,4,5,4
4303,2015/12/23,4,4,7
4304,2015/12/24,1,8,7
4305,2015/12/25,1,6,6
4306,2015/12/28,5,4,9
4307,2015/12/29,7,1,0
4308,2015/12/30,3,5,0
4309,2016/01/04,7,4,8
4310,2016/01/05,9,8,8
4311,2016/01/06,2,7,4
4312,2016/01/07,6,0,3
4313,2016/01/08,7,9,7
4314,2016/01/11,7,8,7
4315,2016/01/12,9,4,6
4316,2016/01/13,0,8,1
4317,2016/01/14,7,2,7
4318,2016/01/15,9,9,2
4319,2016/01/18,2,8,3
4320,2016/01/19,3,9,2
4321,2016/01/20,8,1,4
4322,2016/01/21,7,2,5
4323,2016/01/22,7,5,1
4324,2016/01/25,2,1,1
4325,2016/01/26,5,6,4
4326,2016/01/27,5,0,4
4327,2016/01/28,2,3,4
4328,2016/01/29,6,9,4
4329,2016/02/01,3,6,6
4330,2016/02/02,6,0,2
4331,2016/02/03,7,1,2
4332,2016/02/04,1,8,2
4333,2016/02/05,4,1,8
4334,2016/02/08,3,0,5
4335,2016/02/09,3,4,4
4336,2016/02/10,3,0,7
4337,2016/02/11,1,3,6
4338,2016/02/12,1,4,7
4339,2016/02/15,8,8,6
4340,2016/02/16,7,2,1
4341,2016/02/17,0,9,2
4342,2016/02/18,9,3,4
4343,2016/02/19,0,5,5
4344,2016/02/22,4,5,6
4345,2016/02/23,9,0,8
4346,2016/02/24,8,3,7
4347,2016/02/25,8,7,8
4348,2016/02/26,2,5,0
4349,2016/02/29,3,1,1
4350,2016/03/01,0,9,9
4351,2016/03/02,9,2,7
4352,2016/03/03,0,0,2
4353,2016/03/04,2,0,1
4354,2016/03/07,4,0,5
4355,2016/03/08,5,0,0
4356,2016/03/09,3,3,4
4357,2016/03/10,2,4,4
4358,2016/03/11,2,0,0
4359,2016/03/14,4,2,6
4360,2016/03/15,9,8,6
4361,2016/03/16,9,3,7
4362,2016/03/17,1,4,6
4363,2016/03/18,2,1,3
4364,2016/03/21,2,5,7
4365,2016/03/22,1,8,7
4366,2016/03/23,3,5,5
4367,2016/03/24,2,0,7
4368,2016/03/25,9,1,3
4369,2016/03/28,4,5,7
4370,2016/03/29,4,4,6
4371,2016/03/30,6,2,2
4372,2016/03/31,6,5,4
4373,2016/04/01,3,7,5
4374,2016/04/04,3,0,4
4375,2016/04/05,6,0,2
4376,2016/04/06,8,7,8
4377,2016/04/07,0,6,5
4378,2016/04/08,8,6,3
4379,2016/04/11,9,0,0
4380,2016/04/12,8,1,3
4381,2016/04/13,7,6,3
4382,2016/04/14,6,6,1
4383,2016/04/15,8,3,6
4384,2016/04/18,1,8,0
4385,2016/04/19,2,3,0
4386,2016/04/20,6,6,0
4387,2016/04/21,6,0,3
4388,2016/04/22,0,9,9
4389,2016/04/25,1,8,8
4390,2016/04/26,2,6,3
4391,2016/04/27,9,6,2
4392,2016/04/28,1,8,3
4393,2016/04/29,1,8,3
4394,2016/05/02,7,0,1
4395,2016/05/03,7,3,2
4396,2016/05/04,9,4,2
4397,2016/05/05,9,8,7
4398,2016/05/06,5,2,8
4399,2016/05/09,4,6,8
4400,2016/05/10,9,3,3
4401,2016/05/11,5,1,1
4402,2016/05/12,4,9,7
4403,2016/05/13,3,3,9
4404,2016/05/16,9,7,5
4405,2016/05/17,7,5,0
4406,2016/05/18,5,9,0
4407,2016/05/19,2,3,7
4408,2016/05/20,4,0,2
4409,2016/05/23,9,8,5
4410,2016/05/24,6,6,4
4411,2016/05/25,0,7,0
4412,2016/05/26,6,4,2
4413,2016/05/27,2,7,1
4414,2016/05/30,9,2,1
4415,2016/05/31,3,9,7
4416,2016/06/01,6,5,8
4417,2016/06/02,2,5,6
4418,2016/06/03,0,9,3
4419,2016/06/06,6,1,7
4420,2016/06/07,0,3,4
4421,2016/06/08,2,6,2
4422,2016/06/09,3,5,5
4423,2016/06/10,8,0,9
4424,2016/06/13,2,4,4
4425,2016/06/14,5,4,3
4426,2016/06/15,7,4,2
4427,2016/06/16,3,7,0
4428,2016/06/17,0,6,3
4429,2016/06/20,7,2,4
4430,2016/06/21,6,1,5
4431,2016/06/22,1,2,5
4432,2016/06/23,6,9,3
4433,2016/06/24,0,8,8
4434,2016/06/27,4,4,0
4435,2016/06/28,5,4,6
4436,2016/06/29,7,4,8
4437,2016/06/30,6,0,2
4438,2016/07/01,9,5,8
4439,2016/07/04,7,2,8
4440,2016/07/05,5,1,4
4441,2016/07/06,5,1,0
4442,2016/07/07,0,0,3
4443,2016/07/08,4,4,3
4444,2016/07/11,8,2,6
4445,2016/07/12,7,1,6
4446,2016/07/13,2,9,1
4447,2016/07/14,0,0,1
4448,2016/07/15,2,9,2
4449,2016/07/18,9,1,4
4450,2016/07/19,8,0,4
4451,2016/07/20,4,5,1
4452,2016/07/21,0,9,5
4453,2016/07/22,1,4,1
4454,2016/07/25,0,9,7
4455,2016/07/26,3,5,6
4456,2016/07/27,0,5,2
4457,2016/07/28,0,4,7
4458,2016/07/29,5,3,2
4459,2016/08/01,8,0,6
4460,2016/08/02,2,0,6
4461,2016/08/03,3,0,8
4462,2016/08/04,8,6,7
4463,2016/08/05,6,2,3
4464,2016/08/08,6,8,2
4465,2016/08/09,0,5,8
4466,2016/08/10,4,7,2
4467,2016/08/11,0,6,7
4468,2016/08/12,3,7,7
4469,2016/08/15,3,6,7
4470,2016/08/16,7,7,3
4471,2016/08/17,0,0,1
4472,2016/08/18,1,4,2
4473,2016/08/19,7,6,8
4474,2016/08/22,6,2,1
4475,2016/08/23,6,9,5
4476,2016/08/24,4,3,1
4477,2016/08/25,1,1,1
4478,2016/08/26,1,0,0
4479,2016/08/29,5,9,5
4480,2016/08/30,9,8,8
4481,2016/08/31,1,0,3
4482,2016/09/01,0,5,4
4483,2016/09/02,2,8,4
4484,2016/09/05,3,3,7
4485,2016/09/06,5,0,9
4486,2016/09/07,7,0,1
4487,2016/09/08,3,4,6
4488,2016/09/09,8,7,9
4489,2016/09/12,4,5,0
4490,2016/09/13,4,3,7
4491,2016/09/14,9,2,7
4492,2016/09/15,0,5,3
4493,2016/09/16,8,0,4
4494,2016/09/19,4,7,0
4495,2016/09/20,4,0,1
4496,2016/09/21,2,1,1
4497,2016/09/22,3,7,3
4498,2016/09/23,9,4,7
4499,2016/09/26,5,4,5
4500,2016/09/27,2,3,7
4501,2016/09/28,1,3,9
4502,2016/09/29,1,6,1
4503,2016/09/30,7,1,9
4504,2016/10/03,6,3,6
4505,2016/10/04,1,6,7
4506,2016/10/05,8,6,1
4507,2016/10/06,7,8,7
4508,2016/10/07,3,1,6
4509,2016/10/10,6,5,7
4510,2016/10/11,4,8,0
4511,2016/10/12,8,2,9
4512,2016/10/13,6,6,2
4513,2016/10/14,2,7,1
4514,2016/10/17,9,4,6
4515,2016/10/18,4,1,0
4516,2016/10/19,7,7,4
4517,2016/10/20,6,9,3
4518,2016/10/21,4,7,1
4519,2016/10/24,2,1,7
4520,2016/10/25,1,1,1
4521,2016/10/26,0,9,0
4522,2016/10/27,6,4,0
4523,2016/10/28,5,6,8
4524,2016/10/31,4,8,5
4525,2016/11/01,6,4,3
4526,2016/11/02,2,1,5
4527,2016/11/03,3,0,6
4528,2016/11/04,9,7,1
4529,2016/11/07,7,2,1
4530,2016/11/08,9,9,4
4531,2016/11/09,6,8,7
4532,2016/11/10,5,2,6
4533,2016/11/11,6,2,3
4534,2016/11/14,2,4,4
4535,2016/11/15,6,9,7
4536,2016/11/16,3,9,6
4537,2016/11/17,8,9,9
4538,2016/11/18,2,8,1
4539,2016/11/21,7,2,2
4540,2016/11/22,3,2,5
4541,2016/11/23,8,5,0
4542,2016/11/24,8,3,9
4543,2016/11/25,6,0,9
4544,2016/11/28,0,9,0
4545,2016/11/29,2,1,7
4546,2016/11/30,6,2,8
4547,2016/12/01,9,3,9
4548,2016/12/02,3,3,6
4549,2016/12/05,0,4,3
4550,2016/12/06,6,9,9
4551,2016/12/07,3,6,7
4552,2016/12/08,0,8,7
4553,2016/12/09,7,2,1
4554,2016/12/12,6,8,7
4555,2016/12/13,2,3,1
4556,2016/12/14,9,1,5
4557,2016/12/15,6,7,9
4558,2016/12/16,0,7,3
4559,2016/12/19,1,3,7
4560,2016/12/20,5,1,3
4561,2016/12/21,6,5,1
4562,2016/12/22,2,9,1
4563,2016/12/23,1,5,3
4564,2016/12/26,9,3,4
4565,2016/12/27,8,3,7
4566,2016/12/28,0,0,7
4567,2016/12/29,4,1,5
4568,2016/12/30,7,6,7
4569,2017/01/04,4,5,0
4570,2017/01/05,3,8,7
4571,2017/01/06,7,1,4
4572,2017/01/09,0,7,6
4573,2017/01/10,3,3,9
4574,2017/01/11,6,9,4
4575,2017/01/12,5,7,5
4576,2017/01/13,2,1,1
4577,2017/01/16,0,8,5
4578,2017/01/17,6,4,9
4579,2017/01/18,7,4,5
4580,2017/01/19,6,9,7
4581,2017/01/20,8,5,9
4582,2017/01/23,8,5,7
4583,2017/01/24,3,8,7
4584,2017/01/25,6,4,4
4585,2017/01/26,8,5,2
4586,2017/01/27,1,3,2
4587,2017/01/30,4,4,0
4588,2017/01/31,8,3,7
4589,2017/02/01,9,0,6
4590,2017/02/02,2,9,2
4591,2017/02/03,1,3,2
4592,2017/02/06,7,6,2
4593,2017/02/07,8,6,2
4594,2017/02/08,8,2,8
4595,2017/02/09,0,7,0
4596,2017/02/10,2,6,1
4597,2017/02/13,4,2,5
4598,2017/02/14,0,2,7
4599,2017/02/15,0,8,9
4600,2017/02/16,4,6,4
4601,2017/02/17,0,1,5
4602,2017/02/20,8,9,0
4603,2017/02/21,8,6,6
4604,2017/02/22,8,9,3
4605,2017/02/23,8,4,0
4606,2017/02/24,6,3,1
4607,2017/02/27,1,4,7
4608,2017/02/28,7,8,8
4609,2017/03/01,1,5,7
4610,2017/03/02,4,4,9
4611,2017/03/03,1,1,1
4612,2017/03/06,2,2,6
4613,2017/03/07,8,6,8
4614,2017/03/08,9,5,9
4615,2017/03/09,9,6,0
4616,2017/03/10,6,8,9
4617,2017/03/13,7,8,5
4618,2017/03/14,1,0,1
4619,2017/03/15,7,8,9
4620,2017/03/16,1,0,1
4621,2017/03/17,6,9,2
4622,2017/03/20,1,6,4
4623,2017/03/21,0,6,4
4624,2017/03/22,7,1,2
4625,2017/03/23,4,0,5
4626,2017/03/24,7,1,9
4627,2017/03/27,5,4,6
4628,2017/03/28,6,1,9
4629,2017/03/29,0,5,3
4630,2017/03/30,6,3,8
4631,2017/03/31,2,2,6
4632,2017/04/03,0,6,6
4633,2017/04/04,6,4,2
4634,2017/04/05,3,7,4
4635,2017/04/06,9,8,4
4636,2017/04/07,1,3,2
4637,2017/04/10,4,7,3
4638,2017/04/11,0,8,1
4639,2017/04/12,3,5,3
4640,2017/04/13,0,6,7
4641,2017/04/14,5,3,5
4642,2017/04/17,4,3,9
4643,2017/04/18,8,3,3
4644,2017/04/19,0,9,1
4645,2017/04/20,7,7,1
4646,2017/04/21,2,5,4
4647,2017/04/24,3,6,4
4648,2017/04/25,8,4,9
4649,2017/04/26,7,9,6
4650,2017/04/27,7,9,9
4651,2017/04/28,5,0,8
4652,2017/05/01,5,2,5
4653,2017/05/02,9,3,9
4654,2017/05/03,4,7,9
4655,2017/05/04,9,0,4
4656,2017/05/05,4,3,3
4657,2017/05/08,4,5,9
4658,2017/05/09,7,6,8
4659,2017/05/10,1,6,1
4660,2017/05/11,8,9,5
4661,2017/05/12,9,2,2
4662,2017/05/15,6,8,2
4663,2017/05/16,0,1,7
4664,2017/05/17,5,9,7
4665,2017/05/18,4,2,3
4666,2017/05/19,9,0,9
4667,2017/05/22,0,5,2
4668,2017/05/23,5,0,9
4669,2017/05/24,3,0,7
4670,2017/05/25,0,3,9
4671,2017/05/26,0,4,1
4672,2017/05/29,9,9,0
4673,2017/05/30,5,3,7
4674,2017/05/31,4,7,1
4675,2017/06/01,5,7,0
4676,2017/06/02,6,2,2
4677,2017/06/05,8,7,3
4678,2017/06/06,2,8,9
4679,2017/06/07,8,7,0
4680,2017/06/08,0,3,7
4681,2017/06/09,9,0,8
4682,2017/06/12,1,7,2
4683,2017/06/13,5,7,7
4684,2017/06/14,4,2,8
4685,2017/06/15,5,0,1
4686,2017/06/16,5,4,0
4687,2017/06/19,8,7,4
4688,2017/06/20,6,7,1
4689,2017/06/21,3,1,1
4690,2017/06/22,3,7,5
4691,2017/06/23,8,1,1
4692,2017/06/26,2,4,2
4693,2017/06/27,1,7,1
4694,2017/06/28,7,9,6
4695,2017/06/29,2,0,8
4696,2017/06/30,1,6,1
4697,2017/07/03,8,7,1
4698,2017/07/04,7,1,3
4699,2017/07/05,7,4,9
4700,2017/07/06,8,1,7
4701,2017/07/07,3,4,6
4702,2017/07/10,8,4,4
4703,2017/07/11,0,1,0
4704,2017/07/12,9,0,4
4705,2017/07/13,1,5,9
4706,2017/07/14,4,5,8
4707,2017/07/17,4,0,1
4708,2017/07/18,8,8,0
4709,2017/07/19,3,3,2
4710,2017/07/20,0,0,8
4711,2017/07/21,1,0,9
4712,2017/07/24,3,8,1
4713,2017/07/25,6,6,1
4714,2017/07/26,8,9,8
4715,2017/07/27,5,9,3
4716,2017/07/28,6,7,9
4717,2017/07/31,7,1,8
4718,2017/08/01,4,6,3
4719,2017/08/02,7,2,2
4720,2017/08/03,6,6,1
4721,2017/08/04,0,8,2
4722,2017/08/07,2,0,7
4723,2017/08/08,5,9,4
4724,2017/08/09,0,9,7
4725,2017/08/10,2,2,9
4726,2017/08/11,3,4,7
4727,2017/08/14,6,9,3
4728,2017/08/15,2,0,1
4729,2017/08/16,5,0,8
4730,2017/08/17,7,1,1
4731,2017/08/18,1,0,5
4732,2017/08/21,9,3,3
4733,2017/08/22,0,1,5
4734,2017/08/23,4,0,9
4735,2017/08/24,4,3,2
4736,2017/08/25,2,5,3
4737,2017/08/28,1,8,5
4738,2017/08/29,1,5,3
4739,2017/08/30,8,6,2
4740,2017/08/31,0,0,7
4741,2017/09/01,9,0,6
4742,2017/09/04,6,3,0
4743,2017/09/05,0,5,8
4744,2017/09/06,3,0,1
4745,2017/09/07,2,9,7
4746,2017/09/08,7,0,7
4747,2017/09/11,1,9,9
4748,2017/09/12,1,4,7
4749,2017/09/13,3,0,2
4750,2017/09/14,6,4,8
4751,2017/09/15,1,3,2
4752,2017/09/18,3,7,2
4753,2017/09/19,0,0,5
4754,2017/09/20,6,8,4
4755,2017/09/21,2,7,6
4756,2017/09/22,2,2,2
4757,2017/09/25,3,1,3
4758,2017/09/26,2,1,4
4759,2017/09/27,2,2,8
4760,2017/09/28,3,4,7
4761,2017/09/29,5,7,3
4762,2017/10/02,3,2,1
4763,2017/10/03,6,7,9
4764,2017/10/04,9,2,5
4765,2017/10/05,8,7,0
4766,2017/10/06,6,5,6
4767,2017/10/09,1,8,7
4768,2017/10/10,9,2,5
4769,2017/10/11,0,8,5
4770,2017/10/12,9,3,3
4771,2017/10/13,3,9,4
4772,2017/10/16,2,3,6
4773,2017/10/17,2,1,9
4774,2017/10/18,0,2,1
4775,2017/10/19,2,2,7
4776,2017/10/20,4,2,0
4777,2017/10/23,0,7,1
4778,2017/10/24,2,5,2
4779,2017/10/25,9,2,1
4780,2017/10/26,0,7,2
4781,2017/10/27,8,3,0
4782,2017/10/30,2,0,5
4783,2017/10/31,0,2,3
4784,2017/11/01,0,4,6
4785,2017/11/02,5,0,1
4786,2017/11/03,2,2,1
4787,2017/11/06,9,9,6
4788,2017/11/07,4,9,6
4789,2017/11/08,7,1,4
4790,2017/11/09,8,3,6
4791,2017/11/10,6,2,1
4792,2017/11/13,7,3,2
4793,2017/11/14,5,2,3
4794,2017/11/15,3,8,5
4795,2017/11/16,7,5,4
4796,2017/11/17,4,3,4
4797,2017/11/20,8,9,1
4798,2017/11/21,1,7,6
4799,2017/11/22,6,0,9
4800,2017/11/23,7,9,4
4801,2017/11/24,1,7,7
4802,2017/11/27,1,7,3
4803,2017/11/28,2,6,1
4804,2017/11/29,7,8,2
4805,2017/11/30,8,2,0
4806,2017/12/01,2,4,2
4807,2017/12/04,9,4,5
4808,2017/12/05,2,3,3
4809,2017/12/06,2,1,8
4810,2017/12/07,6,1,8
4811,2017/12/08,9,3,7
4812,2017/12/11,2,7,8
4813,2017/12/12,2,7,6
4814,2017/12/13,0,4,3
4815,2017/12/14,0,7,8
4816,2017/12/15,5,4,2
4817,2017/12/18,3,2,5
4818,2017/12/19,1,6,2
4819,2017/12/20,3,5,1
4820,2017/12/21,6,6,3
4821,2017/12/22,2,8,8
4822,2017/12/25,7,2,0
4823,2017/12/26,8,0,9
4824,2017/12/27,3,7,2
4825,2017/12/28,5,9,1
4826,2017/12/29,8,4,2
4827,2018/01/04,8,5,8
4828,2018/01/05,3,8,4
4829,2018/01/08,9,7,6
4830,2018/01/09,9,3,0
4831,2018/01/10,6,3,4
4832,2018/01/11,2,2,3
4833,2018/01/12,4,1,3
4834,2018/01/15,8,8,1
4835,2018/01/16,3,6,8
4836,2018/01/17,8,7,3
4837,2018/01/18,9,1,6
4838,2018/01/19,9,5,5
4839,2018/01/22,1,2,2
4840,2018/01/23,3,2,7
4841,2018/01/24,0,9,2
4842,2018/01/25,2,8,2
4843,2018/01/26,9,5,6
4844,2018/01/29,4,1,5
4845,2018/01/30,4,3,2
4846,2018/01/31,4,3,7
4847,2018/02/01,5,4,6
4848,2018/02/02,2,9,1
4849,2018/02/05,4,6,1
4850,2018/02/06,1,3,9
4851,2018/02/07,1,3,8
4852,2018/02/08,4,4,8
4853,2018/02/09,9,3,6
4854,2018/02/12,2,2,1
4855,2018/02/13,8,7,6
4856,2018/02/14,3,4,7
4857,2018/02/15,6,3,1
4858,2018/02/16,7,2,5
4859,2018/02/19,9,4,9
4860,2018/02/20,2,7,1
4861,2018/02/21,5,4,5
4862,2018/02/22,3,2,0
4863,2018/02/23,0,6,0
4864,2018/02/26,0,6,0
4865,2018/02/27,3,5,0
4866,2018/02/28,8,3,9
4867,2018/03/01,3,8,2
4868,2018/03/02,7,7,6
4869,2018/03/05,4,1,1
4870,2018/03/06,5,8,6
4871,2018/03/07,0,4,5
4872,2018/03/08,1,2,3
4873,2018/03/09,7,2,0
4874,2018/03/12,4,9,7
4875,2018/03/13,2,4,3
4876,2018/03/14,3,6,3
4877,2018/03/15,2,3,6
4878,2018/03/16,3,9,9
4879,2018/03/19,2,1,7
4880,2018/03/20,1,1,8
4881,2018/03/21,4,8,6
4882,2018/03/22,0,2,9
4883,2018/03/23,9,0,0
4884,2018/03/26,4,8,4
4885,2018/03/27,9,0,5
4886,2018/03/28,8,0,0
4887,2018/03/29,3,3,9
4888,2018/03/30,9,5,0
4889,2018/04/02,6,8,4
4890,2018/04/03,5,0,7
4891,2018/04/04,7,5,0
4892,2018/04/05,3,5,2
4893,2018/04/06,5,1,6
4894,2018/04/09,7,6,0
4895,2018/04/10,0,1,6
4896,2018/04/11,7,5,9
4897,2018/04/12,1,9,6
4898,2018/04/13,7,7,5
4899,2018/04/16,1,1,8
4900,2018/04/17,9,9,3
4901,2018/04/18,9,8,4
4902,2018/04/19,1,5,9
4903,2018/04/20,9,5,5
4904,2018/04/23,7,1,6
4905,2018/04/24,9,3,6
4906,2018/04/25,0,8,1
4907,2018/04/26,3,5,5
4908,2018/04/27,7,1,4
4909,2018/04/30,0,0,2
4910,2018/05/01,4,4,0
4911,2018/05/02,3,7,2
4912,2018/05/03,5,8,9
4913,2018/05/04,1,1,9
4914,2018/05/07,2,9,9
4915,2018/05/08,9,0,9
4916,2018/05/09,0,3,7
4917,2018/05/10,4,0,2
4918,2018/05/11,0,3,0
4919,2018/05/14,6,0,4
4920,2018/05/15,4,9,7
4921,2018/05/16,9,0,9
4922,2018/05/17,8,5,1
4923,2018/05/18,9,3,4
4924,2018/05/21,1,0,9
4925,2018/05/22,5,3,1
4926,2018/05/23,3,9,3
4927,2018/05/24,4,9,6
4928,2018/05/25,5,3,5
4929,2018/05/28,5,1,3
4930,2018/05/29,7,9,7
4931,2018/05/30,6,4,8
4932,2018/05/31,3,1,9
4933,2018/06/01,6,6,9
4934,2018/06/04,1,7,3
4935,2018/06/05,2,6,9
4936,2018/06/06,5,5,7
4937,2018/06/07,6,5,3
4938,2018/06/08,1,3,7
4939,2018/06/11,4,1,3
4940,2018/06/12,1,9,3
4941,2018/06/13,6,4,2
4942,2018/06/14,4,8,7
4943,2018/06/15,7,6,5
4944,2018/06/18,1,1,9
4945,2018/06/19,1,8,2
4946,2018/06/20,9,1,2
4947,2018/06/21,0,1,8
4948,2018/06/22,0,0,1
4949,2018/06/25,5,4,9
4950,2018/06/26,2,5,6
4951,2018/06/27,0,3,2
4952,2018/06/28,7,5,1
4953,2018/06/29,3,4,9
4954,2018/07/02,1,9,3
4955,2018/07/03,4,8,9
4956,2018/07/04,9,0,1
4957,2018/07/05,6,6,8
4958,2018/07/06,8,7,0
4959,2018/07/09,0,6,1
4960,2018/07/10,6,2,5
4961,2018/07/11,2,2,3
4962,2018/07/12,2,0,5
4963,2018/07/13,9,8,9
4964,2018/07/16,1,7,6
4965,2018/07/17,8,7,7
4966,2018/07/18,5,8,0
4967,2018/07/19,0,5,1
4968,2018/07/20,1,1,5
4969,2018/07/23,3,3,0
4970,2018/07/24,9,7,7
4971,2018/07/25,7,7,8
4972,2018/07/26,2,2,0
4973,2018/07/27,2,4,1
4974,2018/07/30,0,9,6
4975,2018/07/31,4,3,0
4976,2018/08/01,9,1,8
4977,2018/08/02,6,4,4
4978,2018/08/03,6,4,6
4979,2018/08/06,0,4,7
4980,2018/08/07,2,6,0
4981,2018/08/08,5,2,9
4982,2018/08/09,8,7,9
4983,2018/08/10,8,9,0
4984,2018/08/13,0,6,9
4985,2018/08/14,3,2,2
4986,2018/08/15,5,0,5
4987,2018/08/16,4,8,0
4988,2018/08/17,1,3,1
4989,2018/08/20,2,0,3
4990,2018/08/21,0,7,8
4991,2018/08/22,3,0,8
4992,2018/08/23,3,7,1
4993,2018/08/24,0,7,5
4994,2018/08/27,3,0,0
4995,2018/08/28,6,5,0
4996,2018/08/29,7,3,1
4997,2018/08/30,9,4,3
4998,2018/08/31,2,7,1
4999,2018/09/03,0,4,5
5000,2018/09/04,3,1,7
5001,2018/09/05,4,8,8
5002,2018/09/06,4,8,0
5003,2018/09/07,5,7,1
5004,2018/09/10,6,3,5
5005,2018/09/11,2,8,3
5006,2018/09/12,7,3,9
5007,2018/09/13,7,0,4
5008,2018/09/14,5,8,9
5009,2018/09/17,6,7,4
5010,2018/09/18,9,6,0
5011,2018/09/19,0,4,6
5012,2018/09/20,2,3,4
5013,2018/09/21,6,8,1
5014,2018/09/24,2,4,0
5015,2018/09/25,3,6,5
5016,2018/09/26,7,6,3
5017,2018/09/27,0,2,6
5018,2018/09/28,6,6,9
5019,2018/10/01,9,4,2
5020,2018/10/02,4,6,1
5021,2018/10/03,8,7,7
5022,2018/10/04,4,4,9
5023,2018/10/05,2,3,3
5024,2018/10/08,3,6,1
5025,2018/10/09,3,6,8
5026,2018/10/10,1,3,1
5027,2018/10/11,0,4,6
5028,2018/10/12,0,4,6
5029,2018/10/15,3,5,2
5030,2018/10/16,8,7,0
5031,2018/10/17,2,7,1
5032,2018/10/18,0,8,3
5033,2018/10/19,9,3,0
5034,2018/10/22,0,9,8
5035,2018/10/23,0,1,2
5036,2018/10/24,0,4,9
5037,2018/10/25,5,9,4
5038,2018/10/26,2,4,4
5039,2018/10/29,4,5,3
5040,2018/10/30,5,4,6
5041,2018/10/31,3,7,9
5042,2018/11/01,4,5,8
5043,2018/11/02,1,1,5
5044,2018/11/05,7,3,5
5045,2018/11/06,3,5,0
5046,2018/11/07,1,4,2
5047,2018/11/08,3,4,3
5048,2018/11/09,2,0,9
5049,2018/11/12,1,3,2
5050,2018/11/13,3,0,9
5051,2018/11/14,2,8,1
5052,2018/11/15,1,0,5
5053,2018/11/16,8,0,0
5054,2018/11/19,7,7,5
5055,2018/11/20,4,7,6
5056,2018/11/21,8,8,5
5057,2018/11/22,5,8,9
5058,2018/11/23,2,7,5
5059,2018/11/26,1,9,6
5060,2018/11/27,9,4,8
5061,2018/11/28,9,8,7
5062,2018/11/29,4,0,5
5063,2018/11/30,2,8,5
5064,2018/12/03,3,1,3
5065,2018/12/04,9,2,1
5066,2018/12/05,0,0,9
5067,2018/12/06,2,9,5
5068,2018/12/07,2,2,3
5069,2018/12/10,9,9,1
5070,2018/12/11,6,5,6
5071,2018/12/12,3,0,4
5072,2018/12/13,1,3,6
5073,2018/12/14,9,2,2
5074,2018/12/17,2,3,4
5075,2018/12/18,6,4,3
5076,2018/12/19,8,7,1
5077,2018/12/20,6,0,0
5078,2018/12/21,1,0,0
5079,2018/12/24,3,2,9
5080,2018/12/25,4,4,2
5081,2018/12/26,6,4,4
5082,2018/12/27,0,8,0
5083,2018/12/28,2,3,4
5084,2019/01/04,8,0,4
5085,2019/01/07,7,5,5
5086,2019/01/08,0,8,8
5087,2019/01/09,7,3,3
5088,2019/01/10,6,5,4
5089,2019/01/11,9,5,3
5090,2019/01/14,6,5,0
5091,2019/01/15,6,0,8
5092,2019/01/16,7,0,4
5093,2019/01/17,1,6,2
5094,2019/01/18,6,1,6
5095,2019/01/21,7,0,2
5096,2019/01/22,6,3,7
5097,2019/01/23,2,4,9
5098,2019/01/24,5,4,7
5099,2019/01/25,0,7,9
5100,2019/01/28,6,4,7
5101,2019/01/29,5,9,6
5102,2019/01/30,6,0,3
5103,2019/01/31,2,1,0
5104,2019/02/01,0,4,9
5105,2019/02/04,7,6,6
5106,2019/02/05,3,2,2
5107,2019/02/06,6,6,0
5108,2019/02/07,6,2,6
5109,2019/02/08,6,8,4
5110,2019/02/11,0,7,7
5111,2019/02/12,8,8,2
5112,2019/02/13,0,8,7
5113,2019/02/14,4,4,6
5114,2019/02/15,7,7,1
5115,2019/02/18,8,7,8
5116,2019/02/19,9,9,1
5117,2019/02/20,9,5,6
5118,2019/02/21,8,3,1
5119,2019/02/22,6,7,2
5120,2019/02/25,6,6,1
5121,2019/02/26,6,3,5
5122,2019/02/27,6,6,3
5123,2019/02/28,3,6,6
5124,2019/03/01,9,5,8
5125,2019/03/04,1,2,3
5126,2019/03/05,8,9,2
5127,2019/03/06,6,3,7
5128,2019/03/07,7,5,7
5129,2019/03/08,0,9,7
5130,2019/03/11,3,0,2
5131,2019/03/12,0,3,0
5132,2019/03/13,4,1,3
5133,2019/03/14,4,4,9
5134,2019/03/15,6,5,2
5135,2019/03/18,6,3,1
5136,2019/03/19,9,9,8
5137,2019/03/20,4,3,1
5138,2019/03/21,3,7,8
5139,2019/03/22,1,4,8
5140,2019/03/25,8,8,7
5141,2019/03/26,5,5,6
5142,2019/03/27,2,4,7
5143,2019/03/28,9,6,7
5144,2019/03/29,9,6,0
5145,2019/04/01,3,7,3
5146,2019/04/02,5,0,2
5147,2019/04/03,9,4,2
5148,2019/04/04,3,9,1
5149,2019/04/05,6,9,9
5150,2019/04/08,1,6,9
5151,2019/04/09,7,4,5
5152,2019/04/10,5,1,1
5153,2019/04/11,0,2,6
5154,2019/04/12,9,0,6
5155,2019/04/15,1,6,7
5156,2019/04/16,6,0,7
5157,2019/04/17,7,6,5
5158,2019/04/18,1,4,5
5159,2019/04/19,9,8,4
5160,2019/04/22,7,6,4
5161,2019/04/23,4,5,2
5162,2019/04/24,1,5,2
5163,2019/04/25,8,3,0
5164,2019/04/26,1,6,6
5165,2019/04/29,7,4,6
5166,2019/04/30,6,1,9
5167,2019/05/01,3,3,5
5168,2019/05/02,9,9,2
5169,2019/05/03,3,4,9
5170,2019/05/06,2,6,5
5171,2019/05/07,7,0,5
5172,2019/05/08,4,5,1
5173,2019/05/09,9,8,3
5174,2019/05/10,7,7,6
5175,2019/05/13,4,8,2
5176,2019/05/14,8,5,6
5177,2019/05/15,3,1,4
5178,2019/05/16,1,2,9
5179,2019/05/17,6,4,7
5180,2019/05/20,0,2,5
5181,2019/05/21,1,9,3
5182,2019/05/22,5,2,2
5183,2019/05/23,3,8,1
5184,2019/05/24,6,8,2
5185,2019/05/27,7,1,8
5186,2019/05/28,0,7,7
5187,2019/05/29,7,7,9
5188,2019/05/30,7,3,1
5189,2019/05/31,9,4,3
5190,2019/06/03,3,8,3
5191,2019/06/04,7,5,5
5192,2019/06/05,3,4,2
5193,2019/06/06,8,5,6
5194,2019/06/07,3,9,7
5195,2019/06/10,8,1,4
5196,2019/06/11,0,8,0
5197,2019/06/12,2,4,6
5198,2019/06/13,5,6,0
5199,2019/06/14,6,8,3
5200,2019/06/17,2,2,6
5201,2019/06/18,0,5,5
5202,2019/06/19,3,7,7
5203,2019/06/20,9,4,2
5204,2019/06/21,1,8,0
5205,2019/06/24,0,1,1
5206,2019/06/25,9,5,7
5207,2019/06/26,7,2,0
5208,2019/06/27,9,2,8
5209,2019/06/28,2,0,2
5210,2019/07/01,9,3,7
5211,2019/07/02,2,1,4
5212,2019/07/03,2,9,7
5213,2019/07/04,9,5,1
5214,2019/07/05,7,8,2
5215,2019/07/08,4,5,8
5216,2019/07/09,7,3,9
5217,2019/07/10,7,6,3
5218,2019/07/11,7,3,6
5219,2019/07/12,2,7,3
5220,2019/07/15,0,4,7
5221,2019/07/16,5,0,2
5222,2019/07/17,0,4,2
5223,2019/07/18,8,0,8
5224,2019/07/19,5,0,3
5225,2019/07/22,0,6,0
5226,2019/07/23,4,6,3
5227,2019/07/24,7,9,9
5228,2019/07/25,0,6,4
5229,2019/07/26,5,1,9
5230,2019/07/29,4,7,7
5231,2019/07/30,1,9,5
5232,2019/07/31,9,8,0
5233,2019/08/01,0,7,9
5234,2019/08/02,7,9,1
5235,2019/08/05,6,8,7
5236,2019/08/06,9,1,2
5237,2019/08/07,9,7,5
5238,2019/08/08,8,5,9
5239,2019/08/09,6,1,3
5240,2019/08/12,5,9,6
5241,2019/08/13,4,2,6
5242,2019/08/14,8,8,2
5243,2019/08/15,5,5,7
5244,2019/08/16,2,5,4
5245,2019/08/19,0,0,9
5246,2019/08/20,5,5,4
5247,2019/08/21,4,3,0
5248,2019/08/22,2,9,7
5249,2019/08/23,6,3,3
5250,2019/08/26,8,4,8
5251,2019/08/27,6,8,0
5252,2019/08/28,2,4,6
5253,2019/08/29,8,5,6
5254,2019/08/30,0,4,3
5255,2019/09/02,9,7,1
5256,2019/09/03,8,7,4
5257,2019/09/04,0,1,2
5258,2019/09/05,7,7,3
5259,2019/09/06,4,8,9
5260,2019/09/09,0,3,2
5261,2019/09/10,5,5,7
5262,2019/09/11,1,6,9
5263,2019/09/12,3,0,4
5264,2019/09/13,9,1,0
5265,2019/09/16,1,3,3
5266,2019/09/17,3,2,3
5267,2019/09/18,7,8,6
5268,2019/09/19,5,8,3
5269,2019/09/20,2,4,0
5270,2019/09/23,8,2,5
5271,2019/09/24,0,6,9
5272,2019/09/25,6,6,5
5273,2019/09/26,8,7,6
5274,2019/09/27,2,8,6
5275,2019/09/30,7,6,6
5276,2019/10/01,5,9,7
5277,2019/10/02,7,1,5
5278,2019/10/03,6,3,5
5279,2019/10/04,7,0,5
5280,2019/10/07,9,0,2
5281,2019/10/08,7,6,4
5282,2019/10/09,3,6,1
5283,2019/10/10,1,9,1
5284,2019/10/11,2,0,7
5285,2019/10/14,1,6,3
5286,2019/10/15,3,9,3
5287,2019/10/16,9,8,4
5288,2019/10/17,8,1,4
5289,2019/10/18,7,7,6
5290,2019/10/21,8,0,8
5291,2019/10/22,1,5,8
5292,2019/10/23,8,2,2
5293,2019/10/24,5,3,0
5294,2019/10/25,1,7,5
5295,2019/10/28,7,6,2
5296,2019/10/29,7,1,6
5297,2019/10/30,9,2,0
5298,2019/10/31,1,3,4
5299,2019/11/01,3,1,7
5300,2019/11/04,4,6,5
5301,2019/11/05,6,0,1
5302,2019/11/06,2,1,9
5303,2019/11/07,6,1,2
5304,2019/11/08,1,5,3
5305,2019/11/11,5,4,4
5306,2019/11/12,9,6,1
5307,2019/11/13,8,2,8
5308,2019/11/14,8,3,1
5309,2019/11/15,8,1,8
5310,2019/11/18,2,7,5
5311,2019/11/19,6,9,5
5312,2019/11/20,3,6,3
5313,2019/11/21,2,0,4
5314,2019/11/22,0,9,4
5315,2019/11/25,9,6,2
5316,2019/11/26,1,1,8
5317,2019/11/27,5,6,5
5318,2019/11/28,4,9,1
5319,2019/11/29,3,3,9
5320,2019/12/02,4,4,8
5321,2019/12/03,2,4,2
5322,2019/12/04,8,9,5
5323,2019/12/05,3,4,0
5324,2019/12/06,6,9,4
5325,2019/12/09,8,6,9
5326,2019/12/10,4,3,6
5327,2019/12/11,2,4,7
5328,2019/12/12,8,4,4
5329,2019/12/13,8,6,5
5330,2019/12/16,4,9,1
5331,2019/12/17,3,9,2
5332,2019/12/18,6,2,6
5333,2019/12/19,6,8,0
5334,2019/12/20,3,2,5
5335,2019/12/23,3,4,9
5336,2019/12/24,0,7,9
5337,2019/12/25,1,1,3
5338,2019/12/26,9,1,4
5339,2019/12/27,4,7,5
5340,2019/12/30,7,2,1
5341,2020/01/06,8,8,7
5342,2020/01/07,1,0,9
5343,2020/01/08,5,2,7
5344,2020/01/09,4,0,9
5345,2020/01/10,7,8,5
5346,2020/01/13,7,0,5
5347,2020/01/14,4,2,8
5348,2020/01/15,5,6,5
5349,2020/01/16,5,9,2
5350,2020/01/17,6,2,6
5351,2020/01/20,4,8,5
5352,2020/01/21,0,6,9
5353,2020/01/22,4,4,4
5354,2020/01/23,3,6,6
5355,2020/01/24,6,2,9
5356,2020/01/27,3,4,5
5357,2020/01/28,0,0,2
5358,2020/01/29,3,1,2
5359,2020/01/30,4,7,2
5360,2020/01/31,4,3,6
5361,2020/02/03,2,7,2
5362,2020/02/04,5,1,4
5363,2020/02/05,1,0,8
5364,2020/02/06,5,7,7
5365,2020/02/07,4,3,3
5366,2020/02/10,5,1,6
5367,2020/02/11,7,2,0
5368,2020/02/12,5,0,3
5369,2020/02/13,1,2,3
5370,2020/02/14,0,0,6
5371,2020/02/17,0,0,5
5372,2020/02/18,3,8,6
5373,2020/02/19,4,6,1
5374,2020/02/20,5,1,8
5375,2020/02/21,2,0,6
5376,2020/02/24,9,9,6
5377,2020/02/25,4,4,5
5378,2020/02/26,5,2,8
5379,2020/02/27,9,0,7
5380,2020/02/28,7,8,0
5381,2020/03/02,8,4,3
5382,2020/03/03,1,7,8
5383,2020/03/04,4,5,2
5384,2020/03/05,0,7,3
5385,2020/03/06,1,6,2
5386,2020/03/09,9,2,1
5387,2020/03/10,3,7,2
5388,2020/03/11,1,6,8
5389,2020/03/12,2,3,3
5390,2020/03/13,5,0,4
5391,2020/03/16,9,8,3
5392,2020/03/17,6,7,9
5393,2020/03/18,7,3,8
5394,2020/03/19,3,7,6
5395,2020/03/20,3,9,7
5396,2020/03/23,0,6,3
5397,2020/03/24,4,7,7
5398,2020/03/25,5,0,9
5399,2020/03/26,9,3,0
5400,2020/03/27,9,3,8
5401,2020/03/30,5,7,4
5402,2020/03/31,7,2,4
5403,2020/04/01,1,7,6
5404,2020/04/02,0,1,0
5405,2020/04/03,8,0,2
5406,2020/04/06,6,0,2
5407,2020/04/07,2,2,1
5408,2020/04/08,9,2,5
5409,2020/04/09,5,0,5
5410,2020/04/10,1,8,2
5411,2020/04/13,6,8,4
5412,2020/04/14,9,0,9
5413,2020/04/15,9,6,2
5414,2020/04/16,0,1,0
5415,2020/04/17,3,9,1
5416,2020/04/20,9,5,0
5417,2020/04/21,8,8,9
5418,2020/04/22,4,8,9
5419,2020/04/23,8,0,4
5420,2020/04/24,6,5,4
5421,2020/04/27,8,6,7
5422,2020/04/28,8,4,3
5423,2020/04/29,4,5,7
5424,2020/04/30,0,5,4
5425,2020/05/01,8,1,5
5426,2020/05/04,5,3,4
5427,2020/05/05,8,0,9
5428,2020/05/06,3,4,8
5429,2020/05/07,0,3,3
5430,2020/05/08,2,7,8
5431,2020/05/11,8,3,7
5432,2020/05/12,9,9,6
5433,2020/05/13,8,6,0
5434,2020/05/14,7,0,0
5435,2020/05/15,3,2,5
5436,2020/05/18,8,0,3
5437,2020/05/19,1,6,2
5438,2020/05/20,7,2,9
5439,2020/05/21,6,8,4
5440,2020/05/22,4,0,6
5441,2020/05/25,6,6,3
5442,2020/05/26,1,7,8
5443,2020/05/27,5,5,1
5444,2020/05/28,3,4,3
5445,2020/05/29,8,9,2
5446,2020/06/01,5,3,6
5447,2020/06/02,2,0,2
5448,2020/06/03,6,9,7
5449,2020/06/04,4,3,2
5450,2020/06/05,8,6,3
5451,2020/06/08,5,0,7
5452,2020/06/09,7,4,4
5453,2020/06/10,7,7,4
5454,2020/06/11,3,8,3
5455,2020/06/12,0,7,8
5456,2020/06/15,7,1,2
5457,2020/06/16,8,2,6
5458,2020/06/17,1,5,3
5459,2020/06/18,3,6,5
5460,2020/06/19,7,3,4
5461,2020/06/22,1,9,7
5462,2020/06/23,9,8,8
5463,2020/06/24,5,5,0
5464,2020/06/25,9,8,1
5465,2020/06/26,7,0,9
5466,2020/06/29,8,0,1
5467,2020/06/30,2,4,5
5468,2020/07/01,3,5,8
5469,2020/07/02,5,1,0
5470,2020/07/03,4,6,4
5471,2020/07/06,3,3,7
5472,2020/07/07,1,1,2
5473,2020/07/08,0,2,4
5474,2020/07/09,3,3,9
5475,2020/07/10,9,3,7
5476,2020/07/13,1,8,2
5477,2020/07/14,7,3,8
5478,2020/07/15,6,9,7
5479,2020/07/16,6,9,9
5480,2020/07/17,6,1,3
5481,2020/07/20,3,5,0
5482,2020/07/21,3,7,8
5483,2020/07/22,6,3,7
5484,2020/07/23,0,9,7
5485,2020/07/24,2,2,4
5486,2020/07/27,4,9,5
5487,2020/07/28,0,0,8
5488,2020/07/29,9,0,2
5489,2020/07/30,5,5,5
5490,2020/07/31,1,3,0
5491,2020/08/03,0,0,9
5492,2020/08/04,1,1,3
5493,2020/08/05,2,2,9
5494,2020/08/06,7,9,6
5495,2020/08/07,3,3,2
5496,2020/08/10,6,8,1
5497,2020/08/11,8,7,1
5498,2020/08/12,6,4,0
5499,2020/08/13,9,9,8
5500,2020/08/14,1,3,2
5501,2020/08/17,9,4,6
5502,2020/08/18,8,5,8
5503,2020/08/19,8,8,4
5504,2020/08/20,6,1,1
5505,2020/08/21,5,2,9
5506,2020/08/24,3,1,7
5507,2020/08/25,2,2,6
5508,2020/08/26,6,8,7
5509,2020/08/27,2,6,7
5510,2020/08/28,9,3,0
5511,2020/08/31,4,4,3
5512,2020/09/01,8,3,8
5513,2020/09/02,9,9,5
5514,2020/09/03,7,1,6
5515,2020/09/04,4,4,5
5516,2020/09/07,7,9,3
5517,2020/09/08,9,4,8
5518,2020/09/09,4,6,1
5519,2020/09/10,8,9,9
5520,2020/09/11,1,9,5
5521,2020/09/14,0,4,6
5522,2020/09/15,8,4,8
5523,2020/09/16,9,2,7
5524,2020/09/17,3,7,6
5525,2020/09/18,4,3,2
5526,2020/09/21,2,4,0
5527,2020/09/22,2,0,8
5528,2020/09/23,3,6,5
5529,2020/09/24,6,6,0
5530,2020/09/25,0,4,0
5531,2020/09/28,9,3,2
5532,2020/09/29,9,6,9
5533,2020/09/30,1,3,0
5534,2020/10/01,6,5,9
5535,2020/10/02,0,4,0
5536,2020/10/05,1,6,0
5537,2020/10/06,4,7,2
5538,2020/10/07,9,4,4
5539,2020/10/08,2,7,7
5540,2020/10/09,8,2,0
5541,2020/10/12,9,7,9
5542,2020/10/13,3,0,0
5543,2020/10/14,4,2,4
5544,2020/10/15,6,5,0
5545,2020/10/16,6,8,0
5546,2020/10/19,8,2,9
5547,2020/10/20,9,6,3
5548,2020/10/21,7,7,7
5549,2020/10/22,1,1,8
5550,2020/10/23,8,4,6
5551,2020/10/26,9,3,7
5552,2020/10/27,1,2,9
5553,2020/10/28,8,6,2
5554,2020/10/29,4,8,1
5555,2020/10/30,4,5,8
5556,2020/11/02,7,6,1
5557,2020/11/03,2,1,0
5558,2020/11/04,3,2,2
5559,2020/11/05,9,9,3
5560,2020/11/06,4,1,5
5561,2020/11/09,1,7,4
5562,2020/11/10,2,4,2
5563,2020/11/11,2,8,7
5564,2020/11/12,4,7,5
5565,2020/11/13,9,2,2
5566,2020/11/16,8,4,2
5567,2020/11/17,1,3,6
5568,2020/11/18,3,4,6
5569,2020/11/19,0,0,0
5570,2020/11/20,3,2,1
5571,2020/11/23,0,1,4
5572,2020/11/24,9,9,8
5573,2020/11/25,9,4,5
5574,2020/11/26,1,7,1
5575,2020/11/27,2,8,2
5576,2020/11/30,5,7,1
5577,2020/12/01,6,5,9
5578,2020/12/02,7,2,9
5579,2020/12/03,2,7,5
5580,2020/12/04,2,0,1
5581,2020/12/07,3,1,4
5582,2020/12/08,8,9,8
5583,2020/12/09,6,9,3
5584,2020/12/10,8,2,3
5585,2020/12/11,8,3,1
5586,2020/12/14,6,8,8
5587,2020/12/15,3,7,7
5588,2020/12/16,3,6,4
5589,2020/12/17,7,1,1
5590,2020/12/18,0,1,7
5591,2020/12/21,4,2,1
5592,2020/12/22,6,8,9
5593,2020/12/23,4,8,5
5594,2020/12/24,3,1,6
5595,2020/12/25,5,8,8
5596,2020/12/28,9,2,5
5597,2020/12/29,4,3,9
5598,2020/12/30,0,1,3
5599,2021/01/04,4,8,9
5600,2021/01/05,7,1,5
5601,2021/01/06,3,2,5
5602,2021/01/07,7,6,2
5603,2021/01/08,2,2,9
5604,2021/01/11,0,5,1
5605,2021/01/12,1,9,7
5606,2021/01/13,5,1,7
5607,2021/01/14,0,5,3
5608,2021/01/15,7,4,0
5609,2021/01/18,2,4,0
5610,2021/01/19,3,5,5
5611,2021/01/20,2,9,4
5612,2021/01/21,9,2,3
5613,2021/01/22,6,3,5
5614,2021/01/25,1,9,6
5615,2021/01/26,2,4,0
5616,2021/01/27,6,0,2
5617,2021/01/28,9,5,1
5618,2021/01/29,6,9,8
5619,2021/02/01,5,1,4
5620,2021/02/02,5,0,9
5621,2021/02/03,3,9,8
5622,2021/02/04,7,0,4
5623,2021/02/05,2,8,1
5624,2021/02/08,3,5,7
5625,2021/02/09,4,8,6
5626,2021/02/10,8,4,3
5627,2021/02/11,6,4,1
5628,2021/02/12,0,0,0
5629,2021/02/15,7,4,4
5630,2021/02/16,7,8,5
5631,2021/02/17,0,0,3
5632,2021/02/18,9,1,2
5633,2021/02/19,1,5,4
5634,2021/02/22,1,7,9
5635,2021/02/23,8,6,2
5636,2021/02/24,3,8,5
5637,2021/02/25,9,9,7
5638,2021/02/26,2,9,8
5639,2021/03/01,2,4,6
5640,2021/03/02,9,3,4
5641,2021/03/03,2,9,1
5642,2021/03/04,9,3,1
5643,2021/03/05,8,3,1
5644,2021/03/08,0,9,7
5645,2021/03/09,8,0,7
5646,2021/03/10,5,6,6
5647,2021/03/11,7,6,7
5648,2021/03/12,7,5,9
5649,2021/03/15,3,5,1
5650,2021/03/16,6,4,2
5651,2021/03/17,8,8,1
5652,2021/03/18,3,4,7
5653,2021/03/19,9,8,9
5654,2021/03/22,0,4,8
5655,2021/03/23,3,6,9
5656,2021/03/24,8,7,6
5657,2021/03/25,5,4,8
5658,2021/03/26,0,2,0
5659,2021/03/29,5,7,4
5660,2021/03/30,5,2,6
5661,2021/03/31,9,8,5
5662,2021/04/01,6,5,5
5663,2021/04/02,9,3,3
5664,2021/04/05,4,1,5
5665,2021/04/06,0,5,3
5666,2021/04/07,7,4,2
5667,2021/04/08,6,1,1
5668,2021/04/09,6,8,4
5669,2021/04/12,1,7,8
5670,2021/04/13,1,3,6
5671,2021/04/14,6,8,0
5672,2021/04/15,0,1,6
5673,2021/04/16,6,2,3
5674,2021/04/19,7,5,0
5675,2021/04/20,5,2,6
5676,2021/04/21,2,5,8
5677,2021/04/22,1,4,8
5678,2021/04/23,7,6,2
5679,2021/04/26,1,0,9
5680,2021/04/27,0,5,3
5681,2021/04/28,5,3,7
5682,2021/04/29,7,5,5
5683,2021/04/30,0,5,0
5684,2021/05/03,9,7,1
5685,2021/05/04,4,6,5
5686,2021/05/05,7,8,2
5687,2021/05/06,4,7,5
5688,2021/05/07,0,6,8
5689,2021/05/10,8,6,0
5690,2021/05/11,7,5,3
5691,2021/05/12,2,6,5
5692,2021/05/13,9,5,8
5693,2021/05/14,8,6,3
5694,2021/05/17,6,1,5
5695,2021/05/18,2,7,0
5696,2021/05/19,8,5,5
5697,2021/05/20,1,3,0
5698,2021/05/21,1,5,1
5699,2021/05/24,0,5,2
5700,2021/05/25,3,6,9
5701,2021/05/26,5,7,6
5702,2021/05/27,6,3,5
5703,2021/05/28,2,8,2
5704,2021/05/31,4,9,3
5705,2021/06/01,1,1,7
5706,2021/06/02,9,4,8
5707,2021/06/03,6,3,3
5708,2021/06/04,2,2,7
5709,2021/06/07,1,1,8
5710,2021/06/08,8,4,1
5711,2021/06/09,7,3,6
5712,2021/06/10,7,4,6
5713,2021/06/11,6,9,5
5714,2021/06/14,9,0,1
5715,2021/06/15,1,0,8
5716,2021/06/16,5,5,3
5717,2021/06/17,0,8,9
5718,2021/06/18,7,5,2
5719,2021/06/21,3,6,7
5720,2021/06/22,4,0,0
5721,2021/06/23,8,3,6
5722,2021/06/24,1,5,3
5723,2021/06/25,0,9,3
5724,2021/06/28,4,7,9
5725,2021/06/29,7,3,6
5726,2021/06/30,3,8,9
5727,2021/07/01,4,7,2
5728,2021/07/02,7,5,9
5729,2021/07/05,5,9,1
5730,2021/07/06,6,4,1
5731,2021/07/07,8,8,8
5732,2021/07/08,7,5,8
5733,2021/07/09,2,9,2
5734,2021/07/12,7,6,8
5735,2021/07/13,2,9,3
5736,2021/07/14,7,4,0
5737,2021/07/15,9,2,0
5738,2021/07/16,0,9,0
5739,2021/07/19,4,1,5
5740,2021/07/20,9,0,0
5741,2021/07/21,8,0,3
5742,2021/07/22,7,6,4
5743,2021/07/23,3,7,8
5744,2021/07/26,3,8,8
5745,2021/07/27,5,5,6
5746,2021/07/28,6,1,4
5747,2021/07/29,7,6,4
5748,2021/07/30,7,0,4
5749,2021/08/02,2,3,9
5750,2021/08/03,2,4,0
5751,2021/08/04,6,9,6
5752,2021/08/05,3,4,5
5753,2021/08/06,1,6,3
5754,2021/08/09,4,1,9
5755,2021/08/10,5,9,9
5756,2021/08/11,2,6,1
5757,2021/08/12,7,4,5
5758,2021/08/13,7,0,7
5759,2021/08/16,7,4,6
5760,2021/08/17,6,3,0
5761,2021/08/18,1,4,4
5762,2021/08/19,0,3,4
5763,2021/08/20,8,6,2
5764,2021/08/23,1,2,8
5765,2021/08/24,8,4,1
5766,2021/08/25,7,6,0
5767,2021/08/26,9,8,7
5768,2021/08/27,4,1,3
5769,2021/08/30,4,1,2
5770,2021/08/31,3,3,5
5771,2021/09/01,5,0,2
5772,2021/09/02,9,3,3
5773,2021/09/03,0,9,9
5774,2021/09/06,5,9,5
5775,2021/09/07,0,5,9
5776,2021/09/08,5,4,7
5777,2021/09/09,9,1,6
5778,2021/09/10,9,3,1
5779,2021/09/13,0,4,0
5780,2021/09/14,4,6,8
5781,2021/09/15,0,3,2
5782,2021/09/16,6,6,2
5783,2021/09/17,7,1,4
5784,2021/09/20,7,2,3
5785,2021/09/21,1,1,4
5786,2021/09/22,7,0,8
5787,2021/09/23,9,7,5
5788,2021/09/24,2,6,2
5789,2021/09/27,2,7,5
5790,2021/09/28,2,2,6
5791,2021/09/29,6,1,0
5792,2021/09/30,6,0,6
5793,2021/10/01,9,1,0
5794,2021/10/04,8,7,6
5795,2021/10/05,0,3,3
5796,2021/10/06,6,4,9
5797,2021/10/07,7,1,6
5798,2021/10/08,0,7,1
5799,2021/10/11,4,7,3
5800,2021/10/12,4,6,1
5801,2021/10/13,6,4,2
5802,2021/10/14,0,1,9
5803,2021/10/15,9,6,8
5804,2021/10/18,5,2,7
5805,2021/10/19,4,9,1
5806,2021/10/20,3,5,3
5807,2021/10/21,7,2,2
5808,2021/10/22,4,2,6
5809,2021/10/25,9,7,0
5810,2021/10/26,4,9,5
5811,2021/10/27,4,8,8
5812,2021/10/28,1,8,7
5813,2021/10/29,2,3,6
5814,2021/11/01,0,4,2
5815,2021/11/02,2,6,5
5816,2021/11/03,1,8,8
5817,2021/11/04,0,6,3
5818,2021/11/05,1,6,9
5819,2021/11/08,5,7,6
5820,2021/11/09,0,2,4
5821,2021/11/10,9,0,5
5822,2021/11/11,7,4,8
5823,2021/11/12,6,3,5
5824,2021/11/15,2,4,5
5825,2021/11/16,3,1,3
5826,2021/11/17,9,6,7
5827,2021/11/18,8,0,2
5828,2021/11/19,5,7,1
5829,2021/11/22,3,6,3
5830,2021/11/23,5,4,9
5831,2021/11/24,4,4,8
5832,2021/11/25,3,5,7
5833,2021/11/26,9,3,1
5834,2021/11/29,9,3,5
5835,2021/11/30,8,4,0
5836,2021/12/01,1,2,6
5837,2021/12/02,3,9,8
5838,2021/12/03,8,5,6
5839,2021/12/06,0,7,5
5840,2021/12/07,8,7,1
5841,2021/12/08,5,7,0
5842,2021/12/09,3,9,8
5843,2021/12/10,5,4,0
5844,2021/12/13,4,1,8
5845,2021/12/14,7,0,2
5846,2021/12/15,7,2,8
5847,2021/12/16,0,7,4
5848,2021/12/17,0,5,0
5849,2021/12/20,2,4,5
5850,2021/12/21,8,5,8
5851,2021/12/22,3,6,5
5852,2021/12/23,4,8,6
5853,2021/12/24,0,6,9
5854,2021/12/27,6,9,2
5855,2021/12/28,5,5,3
5856,2021/12/29,7,3,7
5857,2021/12/30,1,3,1
5858,2022/01/04,3,9,4
5859,2022/01/05,9,1,7
5860,2022/01/06,2,0,1
5861,2022/01/07,6,9,8
5862,2022/01/10,7,5,8
5863,2022/01/11,9,0,6
5864,2022/01/12,3,7,2
5865,2022/01/13,3,8,7
5866,2022/01/14,9,4,6
5867,2022/01/17,5,2,9
5868,2022/01/18,1,1,8
5869,2022/01/19,3,3,0
5870,2022/01/20,7,3,9
5871,2022/01/21,5,9,7
5872,2022/01/24,2,0,7
5873,2022/01/25,6,0,7
5874,2022/01/26,9,8,8
5875,2022/01/27,9,9,5
5876,2022/01/28,3,5,5
5877,2022/01/31,1,2,5
5878,2022/02/01,3,7,2
5879,2022/02/02,1,6,0
5880,2022/02/03,8,3,9
5881,2022/02/04,0,9,4
5882,2022/02/07,1,3,8
5883,2022/02/08,3,5,5
5884,2022/02/09,0,0,8
5885,2022/02/10,5,7,7
5886,2022/02/11,8,8,8
5887,2022/02/14,9,7,3
5888,2022/02/15,2,8,0
5889,2022/02/16,4,9,4
5890,2022/02/17,7,1,9
5891,2022/02/18,0,9,8
5892,2022/02/21,9,9,1
5893,2022/02/22,4,8,1
5894,2022/02/23,5,2,0
5895,2022/02/24,8,1,1
5896,2022/02/25,9,5,1
5897,2022/02/28,3,5,8
5898,2022/03/01,4,6,3
5899,2022/03/02,7,3,5
5900,2022/03/03,9,0,7
5901,2022/03/04,4,3,2
5902,2022/03/07,4,9,3
5903,2022/03/08,3,4,8
5904,2022/03/09,5,1,6
5905,2022/03/10,9,2,0
5906,2022/03/11,7,9,0
5907,2022/03/14,5,5,2
5908,2022/03/15,8,0,5
5909,2022/03/16,5,6,7
5910,2022/03/17,7,9,8
5911,2022/03/18,5,2,9
5912,2022/03/21,1,3,3
5913,2022/03/22,4,2,8
5914,2022/03/23,0,2,8
5915,2022/03/24,9,5,9
5916,2022/03/25,9,2,8
5917,2022/03/28,9,4,3
5918,2022/03/29,5,1,5
5919,2022/03/30,5,2,2
5920,2022/03/31,7,3,3
5921,2022/04/01,1,9,4
5922,2022/04/04,0,6,0
5923,2022/04/05,1,0,6
5924,2022/04/06,9,2,2
5925,2022/04/07,6,2,2
5926,2022/04/08,6,8,3
5927,2022/04/11,3,9,1
5928,2022/04/12,3,3,8
5929,2022/04/13,8,8,2
5930,2022/04/14,8,5,9
5931,2022/04/15,4,5,1
5932,2022/04/18,9,5,0
5933,2022/04/19,1,2,4
5934,2022/04/20,1,6,2
5935,2022/04/21,0,4,0
5936,2022/04/22,1,9,3
5937,2022/04/25,6,9,6
5938,2022/04/26,9,3,9
5939,2022/04/27,1,8,3
5940,2022/04/28,6,2,1
5941,2022/04/29,2,2,6
5942,2022/05/02,4,6,8
5943,2022/05/03,9,8,5
5944,2022/05/04,3,9,4
5945,2022/05/05,6,5,5
5946,2022/05/06,5,2,9
5947,2022/05/09,2,8,3
5948,2022/05/10,4,0,8
5949,2022/05/11,7,1,3
5950,2022/05/12,2,6,4
5951,2022/05/13,6,1,2
5952,2022/05/16,9,8,1
5953,2022/05/17,1,5,0
5954,2022/05/18,0,0,7
5955,2022/05/19,6,0,3
5956,2022/05/20,9,4,1
5957,2022/05/23,3,1,9
5958,2022/05/24,1,2,3
5959,2022/05/25,9,4,0
5960,2022/05/26,5,4,4
5961,2022/05/27,4,3,1
5962,2022/05/30,2,5,0
5963,2022/05/31,7,9,0
5964,2022/06/01,0,3,0
5965,2022/06/02,0,4,4
5966,2022/06/03,6,7,7
5967,2022/06/06,7,3,9
5968,2022/06/07,9,3,6
5969,2022/06/08,6,4,0
5970,2022/06/09,4,1,5
5971,2022/06/10,2,7,4
5972,2022/06/13,2,7,2
5973,2022/06/14,7,5,3
5974,2022/06/15,4,9,2
5975,2022/06/16,5,9,7
5976,2022/06/17,0,8,7
5977,2022/06/20,1,1,2
5978,2022/06/21,4,4,5
5979,2022/06/22,3,7,7
5980,2022/06/23,8,4,4
5981,2022/06/24,9,5,9
5982,2022/06/27,9,5,3
5983,2022/06/28,0,9,8
5984,2022/06/29,4,8,3
5985,2022/06/30,1,3,4
5986,2022/07/01,0,8,9
5987,2022/07/04,6,7,1
5988,2022/07/05,6,4,0
5989,2022/07/06,7,7,1
5990,2022/07/07,6,2,8
5991,2022/07/08,6,4,1
5992,2022/07/11,6,0,6
5993,2022/07/12,0,4,3
5994,2022/07/13,6,8,9
5995,2022/07/14,9,4,9
5996,2022/07/15,3,5,9
5997,2022/07/18,9,9,4
5998,2022/07/19,4,5,9
5999,2022/07/20,9,4,1
6000,2022/07/21,2,1,7
6001,2022/07/22,4,1,4
6002,2022/07/25,3,7,0
6003,2022/07/26,2,0,8
6004,2022/07/27,0,4,7
6005,2022/07/28,6,9,1
6006,2022/07/29,7,0,5
6007,2022/08/01,8,2,7
6008,2022/08/02,8,9,0
6009,2022/08/03,8,1,8
6010,2022/08/04,4,7,5
6011,2022/08/05,5,0,9
6012,2022/08/08,5,4,6
6013,2022/08/09,4,9,8
6014,2022/08/10,2,5,7
6015,2022/08/11,8,0,2
6016,2022/08/12,7,3,1
6017,2022/08/15,0,3,3
6018,2022/08/16,6,2,4
6019,2022/08/17,2,8,7
6020,2022/08/18,3,0,2
6021,2022/08/19,4,6,2
6022,2022/08/22,8,4,9
6023,2022/08/23,0,4,8
6024,2022/08/24,8,7,7
6025,2022/08/25,2,5,2
6026,2022/08/26,5,1,4
6027,2022/08/29,9,8,8
6028,2022/08/30,8,7,9
6029,2022/08/31,6,8,5
6030,2022/09/01,3,5,3
6031,2022/09/02,3,4,7
6032,2022/09/05,5,9,1
6033,2022/09/06,1,1,4
6034,2022/09/07,8,9,2
6035,2022/09/08,0,2,0
6036,2022/09/09,5,6,6
6037,2022/09/12,4,1,1
6038,2022/09/13,1,7,0
6039,2022/09/14,3,1,8
6040,2022/09/15,9,8,8
6041,2022/09/16,9,7,9
6042,2022/09/19,4,4,5
6043,2022/09/20,2,3,2
6044,2022/09/21,2,8,1
6045,2022/09/22,5,9,5
6046,2022/09/23,2,7,8
6047,2022/09/26,2,2,2
6048,2022/09/27,4,4,3
6049,2022/09/28,7,2,7
6050,2022/09/29,2,7,4
6051,2022/09/30,1,2,5
6052,2022/10/03,3,9,4
6053,2022/10/04,0,0,9
6054,2022/10/05,1,4,6
6055,2022/10/06,4,3,2
6056,2022/10/07,0,3,1
6057,2022/10/10,1,3,9
6058,2022/10/11,6,0,1
6059,2022/10/12,6,3,0
6060,2022/10/13,2,8,0
6061,2022/10/14,5,9,5
6062,2022/10/17,7,6,3
6063,2022/10/18,8,0,9
6064,2022/10/19,0,0,2
6065,2022/10/20,8,0,4
6066,2022/10/21,5,7,0
6067,2022/10/24,0,3,0
6068,2022/10/25,0,4,6
6069,2022/10/26,6,0,5
6070,2022/10/27,8,5,0
6071,2022/10/28,8,4,9
6072,2022/10/31,9,8,6
6073,2022/11/01,2,8,1
6074,2022/11/02,7,4,6
6075,2022/11/03,0,6,5
6076,2022/11/04,7,6,3
6077,2022/11/07,0,8,9
6078,2022/11/08,8,0,0
6079,2022/11/09,0,5,4
6080,2022/11/10,3,9,4
6081,2022/11/11,7,5,4
6082,2022/11/14,6,5,9
6083,2022/11/15,6,4,1
6084,2022/11/16,8,2,4
6085,2022/11/17,9,3,0
6086,2022/11/18,9,4,7
6087,2022/11/21,5,9,0
6088,2022/11/22,3,4,8
6089,2022/11/23,5,3,3
6090,2022/11/24,4,3,8
6091,2022/11/25,4,2,4
6092,2022/11/28,7,5,4
6093,2022/11/29,3,8,6
6094,2022/11/30,5,8,9
6095,2022/12/01,9,7,8
6096,2022/12/02,4,4,7
6097,2022/12/05,4,6,8
6098,2022/12/06,6,5,8
6099,2022/12/07,7,4,5
6100,2022/12/08,6,7,1
6101,2022/12/09,7,4,2
6102,2022/12/12,6,3,6
6103,2022/12/13,6,3,8
6104,2022/12/14,7,9,9
6105,2022/12/15,6,1,3
6106,2022/12/16,5,5,9
6107,2022/12/19,4,6,0
6108,2022/12/20,2,2,9
6109,2022/12/21,9,4,7
6110,2022/12/22,0,3,5
6111,2022/12/23,3,2,9
6112,2022/12/26,8,5,7
6113,2022/12/27,9,2,9
6114,2022/12/28,9,5,8
6115,2022/12/29,1,9,4
6116,2022/12/30,9,5,3
6117,2023/01/04,0,9,1
6118,2023/01/05,4,3,3
6119,2023/01/06,1,8,5
6120,2023/01/09,6,6,1
6121,2023/01/10,2,0,3
6122,2023/01/11,8,9,5
6123,2023/01/12,0,5,5
6124,2023/01/13,1,1,8
6125,2023/01/16,1,6,9
6126,2023/01/17,6,2,5
6127,2023/01/18,9,6,3
6128,2023/01/19,6,1,1
6129,2023/01/20,6,3,0
6130,2023/01/23,6,0,6
6131,2023/01/24,1,6,7
6132,2023/01/25,2,5,2
6133,2023/01/26,6,3,7
6134,2023/01/27,3,1,0
6135,2023/01/30,1,0,8
6136,2023/01/31,4,8,2
6137,2023/02/01,2,2,6
6138,2023/02/02,5,9,6
6139,2023/02/03,5,6,6
6140,2023/02/06,5,1,4
6141,2023/02/07,1,6,8
6142,2023/02/08,7,1,6
6143,2023/02/09,3,1,0
6144,2023/02/10,4,7,0
6145,2023/02/13,3,0,9
6146,2023/02/14,7,2,7
6147,2023/02/15,2,6,8
6148,2023/02/16,6,5,7
6149,2023/02/17,9,8,6
6150,2023/02/20,8,0,0
6151,2023/02/21,5,2,0
6152,2023/02/22,4,6,0
6153,2023/02/23,9,0,9
6154,2023/02/24,4,3,2
6155,2023/02/27,4,2,4
6156,2023/02/28,7,1,5
6157,2023/03/01,9,8,9
6158,2023/03/02,4,7,4
6159,2023/03/03,6,0,9
6160,2023/03/06,1,4,5
6161,2023/03/07,2,7,6
6162,2023/03/08,1,7,5
6163,2023/03/09,0,9,2
6164,2023/03/10,4,2,9
6165,2023/03/13,6,7,4
6166,2023/03/14,1,4,4
6167,2023/03/15,1,3,4
6168,2023/03/16,2,3,2
6169,2023/03/17,1,6,1
6170,2023/03/20,6,7,5
6171,2023/03/21,3,3,7
6172,2023/03/22,9,2,8
6173,2023/03/23,3,2,5
6174,2023/03/24,4,8,4
6175,2023/03/27,3,2,1
6176,2023/03/28,1,3,7
6177,2023/03/29,3,2,0
6178,2023/03/30,8,3,9
6179,2023/03/31,6,9,4
6180,2023/04/03,0,0,9
6181,2023/04/04,9,1,1
6182,2023/04/05,6,4,4
6183,2023/04/06,2,5,8
6184,2023/04/07,2,7,8
6185,2023/04/10,8,4,7
6186,2023/04/11,6,0,0
6187,2023/04/12,8,9,0
6188,2023/04/13,1,0,1
6189,2023/04/14,5,4,3
6190,2023/04/17,0,7,2
6191,2023/04/18,1,8,8
6192,2023/04/19,7,3,3
6193,2023/04/20,4,2,3
6194,2023/04/21,9,6,2
6195,2023/04/24,1,7,8
6196,2023/04/25,2,7,3
6197,2023/04/26,7,9,9
6198,2023/04/27,9,5,8
6199,2023/04/28,9,5,3
6200,2023/05/01,2,3,7
6201,2023/05/02,3,7,2
6202,2023/05/03,8,2,8
6203,2023/05/04,0,1,9
6204,2023/05/05,7,8,8
6205,2023/05/08,7,3,4
6206,2023/05/09,6,7,5
6207,2023/05/10,7,4,6
6208,2023/05/11,2,1,8
6209,2023/05/12,1,4,0
6210,2023/05/15,0,5,5
6211,2023/05/16,4,6,4
6212,2023/05/17,6,2,0
6213,2023/05/18,3,5,0
6214,2023/05/19,1,3,8
6215,2023/05/22,2,9,2
6216,2023/05/23,9,3,1
6217,2023/05/24,5,8,4
6218,2023/05/25,9,0,8
6219,2023/05/26,2,7,7
6220,2023/05/29,0,2,2
6221,2023/05/30,0,4,1
6222,2023/05/31,0,4,7
6223,2023/06/01,6,0,8
6224,2023/06/02,3,2,2
6225,2023/06/05,7,5,3
6226,2023/06/06,0,7,6
6227,2023/06/07,9,9,5
6228,2023/06/08,2,3,2
6229,2023/06/09,5,8,3
6230,2023/06/12,0,8,8
6231,2023/06/13,3,7,0
6232,2023/06/14,8,0,9
6233,2023/06/15,4,6,9
6234,2023/06/16,3,7,7
6235,2023/06/19,8,9,3
6236,2023/06/20,4,9,9
6237,2023/06/21,9,4,1
6238,2023/06/22,3,5,7
6239,2023/06/23,7,8,1
6240,2023/06/26,6,0,0
6241,2023/06/27,3,0,5
6242,2023/06/28,3,4,2
6243,2023/06/29,7,9,5
6244,2023/06/30,4,5,5
6245,2023/07/03,4,3,0
6246,2023/07/04,9,2,1
6247,2023/07/05,5,7,4
6248,2023/07/06,8,9,3
6249,2023/07/07,6,3,7
6250,2023/07/10,8,8,8
6251,2023/07/11,6,8,8
6252,2023/07/12,3,3,9
6253,2023/07/13,1,1,2
6254,2023/07/14,6,4,2
6255,2023/07/17,9,7,4
6256,2023/07/18,0,9,7
6257,2023/07/19,8,5,7
6258,2023/07/20,4,3,0
6259,2023/07/21,8,3,1
6260,2023/07/24,7,8,5
6261,2023/07/25,0,2,3
6262,2023/07/26,1,9,9
6263,2023/07/27,2,4,3
6264,2023/07/28,5,5,8
6265,2023/07/31,3,5,3
6266,2023/08/01,6,8,4
6267,2023/08/02,5,0,7
6268,2023/08/03,4,2,7
6269,2023/08/04,4,8,5
6270,2023/08/07,5,5,5
6271,2023/08/08,4,2,2
6272,2023/08/09,8,4,0
6273,2023/08/10,6,9,2
6274,2023/08/11,4,8,5
6275,2023/08/14,6,2,2
6276,2023/08/15,7,4,7
6277,2023/08/16,7,4,8
6278,2023/08/17,0,6,8
6279,2023/08/18,0,3,5
6280,2023/08/21,8,4,6
6281,2023/08/22,9,3,5
6282,2023/08/23,3,2,6
6283,2023/08/24,7,5,8
6284,2023/08/25,9,0,1
6285,2023/08/28,0,7,5
6286,2023/08/29,6,7,2
6287,2023/08/30,2,1,6
6288,2023/08/31,0,5,2
6289,2023/09/01,7,8,1
6290,2023/09/04,9,4,0
6291,2023/09/05,0,0,7
6292,2023/09/06,1,1,7
6293,2023/09/07,1,6,4
6294,2023/09/08,9,2,8
6295,2023/09/11,2,8,6
6296,2023/09/12,9,1,7
6297,2023/09/13,7,5,1
6298,2023/09/14,5,8,0
6299,2023/09/15,5,7,9
6300,2023/09/18,5,7,7
6301,2023/09/19,4,8,4
6302,2023/09/20,6,6,9
6303,2023/09/21,8,7,6
6304,2023/09/22,0,1,7
6305,2023/09/25,9,5,1
6306,2023/09/26,2,5,1
6307,2023/09/27,3,0,5
6308,2023/09/28,1,8,4
6309,2023/09/29,1,0,3
6310,2023/10/02,9,5,1
6311,2023/10/03,2,2,0
6312,2023/10/04,4,8,4
6313,2023/10/05,0,6,8
6314,2023/10/06,2,3,5
6315,2023/10/09,2,0,9
6316,2023/10/10,4,1,4
6317,2023/10/11,5,9,0
6318,2023/10/12,5,5,0
6319,2023/10/13,5,4,9
6320,2023/10/16,1,4,9
6321,2023/10/17,8,4,4
6322,2023/10/18,3,7,3
6323,2023/10/19,9,8,5
6324,2023/10/20,7,1,2
6325,2023/10/23,1,1,0
6326,2023/10/24,5,0,9
6327,2023/10/25,8,8,0
6328,2023/10/26,8,7,8
6329,2023/10/27,3,7,4
6330,2023/10/30,4,0,0
6331,2023/10/31,6,4,5
6332,2023/11/01,2,0,8
6333,2023/11/02,8,4,0
6334,2023/11/03,0,0,6
6335,2023/11/06,2,8,2
6336,2023/11/07,5,9,5
6337,2023/11/08,1,1,4
6338,2023/11/09,8,6,6
6339,2023/11/10,0,6,0
6340,2023/11/13,5,6,6
6341,2023/11/14,2,0,8
6342,2023/11/15,8,0,2
6343,2023/11/16,1,0,5
6344,2023/11/17,1,5,8
6345,2023/11/20,5,0,2
6346,2023/11/21,1,0,9
6347,2023/11/22,5,8,4
6348,2023/11/23,4,4,3
6349,2023/11/24,4,7,0
6350,2023/11/27,7,7,0
6351,2023/11/28,0,4,1
6352,2023/11/29,9,4,9
6353,2023/11/30,0,6,0
6354,2023/12/01,0,8,2
6355,2023/12/04,5,1,1
6356,2023/12/05,5,5,7
6357,2023/12/06,2,0,4
6358,2023/12/07,3,8,4
6359,2023/12/08,1,8,3
6360,2023/12/11,5,5,8
6361,2023/12/12,5,4,4
6362,2023/12/13,1,0,4
6363,2023/12/14,1,6,9
6364,2023/12/15,2,3,0
6365,2023/12/18,5,3,2
6366,2023/12/19,1,1,8
6367,2023/12/20,1,5,3
6368,2023/12/21,3,0,4
6369,2023/12/22,8,5,0
6370,2023/12/25,0,4,9
6371,2023/12/26,9,0,6
6372,2023/12/27,4,5,1
6373,2023/12/28,0,9,0
6374,2023/12/29,4,2,9
6375,2024/01/04,0,1,3
6376,2024/01/05,4,9,1
6377,2024/01/08,5,6,5
6378,2024/01/09,3,8,9
6379,2024/01/10,4,6,0
6380,2024/01/11,3,4,1
6381,2024/01/12,9,1,9
6382,2024/01/15,8,3,3
6383,2024/01/16,7,8,0
6384,2024/01/17,3,2,0
6385,2024/01/18,6,0,4
6386,2024/01/19,0,9,1
6387,2024/01/22,3,8,5
6388,2024/01/23,7,1,5
6389,2024/01/24,7,2,5
6390,2024/01/25,7,9,6
6391,2024/01/26,1,0,1
6392,2024/01/29,4,1,9
6393,2024/01/30,8,0,2
6394,2024/01/31,7,2,3
6395,2024/02/01,3,1,0
6396,2024/02/02,5,4,6
6397,2024/02/05,4,5,8
6398,2024/02/06,9,4,5
6399,2024/02/07,7,9,1
6400,2024/02/08,9,4,8
6401,2024/02/09,7,0,6
6402,2024/02/12,9,1,6
6403,2024/02/13,0,5,5
6404,2024/02/14,6,9,2
6405,2024/02/15,9,6,3
6406,2024/02/16,3,9,4
6407,2024/02/19,9,2,0
6408,2024/02/20,5,4,1
6409,2024/02/21,1,0,5
6410,2024/02/22,6,3,3
6411,2024/02/23,8,3,4
6412,2024/02/26,8,3,4
6413,2024/02/27,3,5,8
6414,2024/02/28,9,8,3
6415,2024/02/29,4,1,4
6416,2024/03/01,3,6,7
6417,2024/03/04,0,1,7
6418,2024/03/05,5,6,6
6419,2024/03/06,3,9,5
6420,2024/03/07,9,5,6
6421,2024/03/08,8,1,0
6422,2024/03/11,3,6,6
6423,2024/03/12,4,9,4
6424,2024/03/13,3,8,8
6425,2024/03/14,8,3,3
6426,2024/03/15,9,5,7
6427,2024/03/18,3,7,8
6428,2024/03/19,9,9,1
6429,2024/03/20,9,7,8
6430,2024/03/21,4,9,5
6431,2024/03/22,0,5,9
6432,2024/03/25,3,9,1
6433,2024/03/26,5,0,4
6434,2024/03/27,3,4,6
6435,2024/03/28,5,7,8
6436,2024/03/29,1,5,0
6437,2024/04/01,6,0,3
6438,2024/04/02,4,4,0
6439,2024/04/03,9,9,2
6440,2024/04/04,9,6,5
6441,2024/04/05,6,3,9
6442,2024/04/08,8,8,1
6443,2024/04/09,0,1,8
6444,2024/04/10,6,6,8
6445,2024/04/11,6,2,7
6446,2024/04/12,4,9,0
6447,2024/04/15,0,8,9
6448,2024/04/16,0,8,1
6449,2024/04/17,1,8,0
6450,2024/04/18,7,3,6
6451,2024/04/19,9,1,0
6452,2024/04/22,9,4,1
6453,2024/04/23,8,0,6
6454,2024/04/24,9,7,5
6455,2024/04/25,9,8,1
6456,2024/04/26,2,7,9
6457,2024/04/29,8,9,8
6458,2024/04/30,0,2,0
6459,2024/05/01,9,0,7
6460,2024/05/02,3,1,3
6461,2024/05/03,6,6,6
6462,2024/05/06,8,2,7
6463,2024/05/07,2,8,2
6464,2024/05/08,4,1,2
6465,2024/05/09,2,7,1
6466,2024/05/10,4,7,3
6467,2024/05/13,1,8,6
6468,2024/05/14,7,7,2
6469,2024/05/15,2,1,9
6470,2024/05/16,9,4,3
6471,2024/05/17,8,7,2
6472,2024/05/20,1,5,6
6473,2024/05/21,5,2,6
6474,2024/05/22,7,1,9
6475,2024/05/23,2,6,8
6476,2024/05/24,2,6,7
6477,2024/05/27,1,6,1
6478,2024/05/28,5,6,4
6479,2024/05/29,4,1,9
6480,2024/05/30,9,3,3
6481,2024/05/31,9,0,4
6482,2024/06/03,1,9,9
6483,2024/06/04,4,7,8
6484,2024/06/05,7,1,2
6485,2024/06/06,7,8,1
6486,2024/06/07,4,5,5
6487,2024/06/10,7,6,0
6488,2024/06/11,5,2,9
6489,2024/06/12,7,8,8
6490,2024/06/13,4,3,5
6491,2024/06/14,6,3,2
6492,2024/06/17,4,2,1
6493,2024/06/18,1,1,9
6494,2024/06/19,6,6,5
6495,2024/06/20,0,1,7
6496,2024/06/21,6,6,8
6497,2024/06/24,4,8,4
6498,2024/06/25,0,1,8
6499,2024/06/26,4,2,6
6500,2024/06/27,2,8,0
6501,2024/06/28,3,6,4
6502,2024/07/01,7,2,4
6503,2024/07/02,7,3,2
6504,2024/07/03,0,9,4
6505,2024/07/04,5,7,5
6506,2024/07/05,9,9,3
6507,2024/07/08,8,1,0
6508,2024/07/09,2,7,3
6509,2024/07/10,2,2,4
6510,2024/07/11,3,3,5
6511,2024/07/12,4,7,5
6512,2024/07/15,0,9,8
6513,2024/07/16,8,8,4
6514,2024/07/17,1,0,0
6515,2024/07/18,8,6,4
6516,2024/07/19,0,8,6
6517,2024/07/22,9,3,7
6518,2024/07/23,6,2,0
6519,2024/07/24,6,4,3
6520,2024/07/25,5,0,3
6521,2024/07/26,4,9,8
6522,2024/07/29,8,5,3
6523,2024/07/30,3,4,3
6524,2024/07/31,3,9,2
6525,2024/08/01,0,9,8
6526,2024/08/02,1,2,7
6527,2024/08/05,2,8,0
6528,2024/08/06,8,0,2
6529,2024/08/07,8,6,2
6530,2024/08/08,0,3,6
6531,2024/08/09,2,7,0
6532,2024/08/12,5,8,0
6533,2024/08/13,7,0,1
6534,2024/08/14,0,5,1
6535,2024/08/15,3,3,7
6536,2024/08/16,3,2,2
6537,2024/08/19,6,8,4
6538,2024/08/20,7,7,2
6539,2024/08/21,8,0,3
6540,2024/08/22,8,0,1
6541,2024/08/23,0,6,7
6542,2024/08/26,9,0,0
6543,2024/08/27,3,7,6
6544,2024/08/28,6,5,6
6545,2024/08/29,3,5,5
6546,2024/08/30,8,6,4
6547,2024/09/02,3,9,8
6548,2024/09/03,2,1,6
6549,2024/09/04,3,8,5
6550,2024/09/05,6,6,6
6551,2024/09/06,8,2,7
6552,2024/09/09,5,0,0
6553,2024/09/10,8,1,1
6554,2024/09/11,5,0,8
6555,2024/09/12,5,2,7
6556,2024/09/13,2,1,5
6557,2024/09/16,3,1,9
6558,2024/09/17,6,6,9
6559,2024/09/18,4,3,0
6560,2024/09/19,2,9,7
6561,2024/09/20,7,7,6
6562,2024/09/23,8,0,8
6563,2024/09/24,8,4,4
6564,2024/09/25,8,3,5
6565,2024/09/26,8,4,1
6566,2024/09/27,1,7,1
6567,2024/09/30,5,4,9
6568,2024/10/01,4,8,4
6569,2024/10/02,1,9,0
6570,2024/10/03,0,9,7
6571,2024/10/04,6,1,0
6572,2024/10/07,4,7,7
6573,2024/10/08,0,1,4
6574,2024/10/09,1,1,3
6575,2024/10/10,2,6,4
6576,2024/10/11,7,5,1
6577,2024/10/14,2,0,2
6578,2024/10/15,5,8,2
6579,2024/10/16,9,8,3
6580,2024/10/17,5,4,6
6581,2024/10/18,4,1,1
6582,2024/10/21,9,3,4
6583,2024/10/22,7,3,1
6584,2024/10/23,6,9,1
6585,2024/10/24,0,2,1
6586,2024/10/25,7,8,3
6587,2024/10/28,8,3,0
6588,2024/10/29,1,6,1
6589,2024/10/30,0,6,0
6590,2024/10/31,1,3,3
6591,2024/11/01,2,4,1
6592,2024/11/04,1,8,7
6593,2024/11/05,2,9,0
6594,2024/11/06,3,5,9
6595,2024/11/07,3,9,5
6596,2024/11/08,9,8,4
6597,2024/11/11,2,3,0
6598,2024/11/12,5,1,8
6599,2024/11/13,0,9,1
6600,2024/11/14,5,3,0
6601,2024/11/15,0,9,1
6602,2024/11/18,0,3,5
6603,2024/11/19,9,5,6
6604,2024/11/20,4,0,6
6605,2024/11/21,1,3,8
6606,2024/11/22,1,4,7
6607,2024/11/25,5,6,6
6608,2024/11/26,8,1,4
6609,2024/11/27,6,3,8
6610,2024/11/28,8,7,8
6611,2024/11/29,6,5,6
6612,2024/12/02,1,7,5
6613,2024/12/03,3,4,0
6614,2024/12/04,1,7,9
6615,2024/12/05,7,1,0
6616,2024/12/06,2,8,1
6617,2024/12/09,6,9,2
6618,2024/12/10,2,0,5
6619,2024/12/11,4,3,1
6620,2024/12/12,9,8,9
6621,2024/12/13,4,0,9
6622,2024/12/16,6,3,2
6623,2024/12/17,2,6,4
6624,2024/12/18,1,0,8
6625,2024/12/19,8,7,3
6626,2024/12/20,0,5,2
6627,2024/12/23,4,9,5
6628,2024/12/24,4,9,6
6629,2024/12/25,4,0,4
6630,2024/12/26,3,1,5
6631,2024/12/27,9,5,3
6632,2024/12/30,3,0,3
6633,2025/01/06,1,8,8
6634,2025/01/07,2,3,8
6635,2025/01/08,4,6,2
6636,2025/01/09,2,0,7
6637,2025/01/10,6,6,9
6638,2025/01/13,2,6,5
6639,2025/01/14,6,0,6
6640,2025/01/15,2,1,6
6641,2025/01/16,1,0,0
6642,2025/01/17,9,4,4
6643,2025/01/20,6,7,2
6644,2025/01/21,4,9,6
6645,2025/01/22,8,4,2
6646,2025/01/23,2,3,9
6647,2025/01/24,5,5,7
6648,2025/01/27,1,6,9
6649,2025/01/28,7,6,3
6650,2025/01/29,3,1,4
6651,2025/01/30,5,7,7
6652,2025/01/31,0,2,0
6653,2025/02/03,1,6,8
6654,2025/02/04,7,9,9
6655,2025/02/05,9,7,3
6656,2025/02/06,0,3,3
6657,2025/02/07,1,0,0
6658,2025/02/10,2,4,9
6659,2025/02/11,0,8,6
6660,2025/02/12,4,2,7
6661,2025/02/13,3,5,4
6662,2025/02/14,7,2,0
6663,2025/02/17,7,9,6
6664,2025/02/18,8,0,4
6665,2025/02/19,1,5,7
6666,2025/02/20,7,7,0
6667,2025/02/21,5,3,1
6668,2025/02/24,4,2,3
6669,2025/02/25,1,8,5
6670,2025/02/26,9,9,6
6671,2025/02/27,3,7,2
6672,2025/02/28,3,9,4
6673,2025/03/03,4,2,2
6674,2025/03/04,6,3,8
6675,2025/03/05,0,5,2
6676,2025/03/06,4,1,7
6677,2025/03/07,1,2,8
6678,2025/03/10,9,5,9
6679,2025/03/11,0,3,6
6680,2025/03/12,3,1,2
6681,2025/03/13,9,4,6
6682,2025/03/14,7,6,6
6683,2025/03/17,1,8,7
6684,2025/03/18,1,5,0
6685,2025/03/19,0,9,9
6686,2025/03/20,3,2,0
6687,2025/03/21,1,4,6
6688,2025/03/24,9,4,8
6689,2025/03/25,9,9,0
6690,2025/03/26,0,2,9
6691,2025/03/27,7,2,5
6692,2025/03/28,7,3,0
6693,2025/03/31,3,3,7
6694,2025/04/01,5,1,5
6695,2025/04/02,9,6,4
6696,2025/04/03,1,2,9
6697,2025/04/04,2,1,4
6698,2025/04/07,6,2,3
6699,2025/04/08,4,5,7
6700,2025/04/09,0,4,6
6701,2025/04/10,4,6,7
6702,2025/04/11,5,4,3
6703,2025/04/14,3,1,3
6704,2025/04/15,5,7,4
6705,2025/04/16,6,2,9
6706,2025/04/17,2,4,9
6707,2025/04/18,4,4,0
6708,2025/04/21,6,3,7
6709,2025/04/22,0,2,0
6710,2025/04/23,8,9,6
6711,2025/04/24,9,7,8
6712,2025/04/25,4,4,6
6713,2025/04/28,7,1,8
6714,2025/04/29,2,5,3
6715,2025/04/30,8,7,8
6716,2025/05/01,7,5,2
6717,2025/05/02,6,5,2
6718,2025/05/05,1,3,3
6719,2025/05/06,1,5,7
6720,2025/05/07,9,9,0
6721,2025/05/08,9,9,0
6722,2025/05/09,1,9,0
6723,2025/05/12,5,0,2
6724,2025/05/13,1,5,2
6725,2025/05/14,1,2,2
6726,2025/05/15,3,7,1
6727,2025/05/16,6,1,1
6728,2025/05/19,8,7,0
6729,2025/05/20,2,6,3
6730,2025/05/21,3,5,5
6731,2025/05/22,6,8,0
6732,2025/05/23,7,5,2
6733,2025/05/26,9,0,2
6734,2025/05/27,2,3,8
6735,2025/05/28,5,6,4
6736,2025/05/29,8,4,9
6737,2025/05/30,5,4,9
6738,2025/06/02,8,9,8
6739,2025/06/03,8,0,0
6740,2025/06/04,8,1,9
6741,2025/06/05,0,6,6
6742,2025/06/06,2,2,7
6743,2025/06/09,4,9,0
6744,2025/06/10,2,8,4
6745,2025/06/11,9,1,8
6746,2025/06/12,5,3,5
6747,2025/06/13,0,6,9
6748,2025/06/16,0,4,0
6749,2025/06/17,4,8,2
6750,2025/06/18,1,2,0
6751,2025/06/19,6,9,5
6752,2025/06/20,5,3,6
6753,2025/06/23,8,7,0
6754,2025/06/24,6,5,2
6755,2025/06/25,3,0,6
6756,2025/06/26,4,5,8
6757,2025/06/27,6,2,1
6758,2025/06/30,1,4,9
6759,2025/07/01,3,0,7
6760,2025/07/02,8,9,7
6761,2025/07/03,1,0,8
6762,2025/07/04,4,0,7
6763,2025/07/07,1,9,0
6764,2025/07/08,6,1,4
6765,2025/07/09,8,4,3
6766,2025/07/10,3,6,4
6767,2025/07/11,3,2,4
6768,2025/07/14,5,8,8
6769,2025/07/15,5,4,8
6770,2025/07/16,6,9,3
6771,2025/07/17,4,4,2
6772,2025/07/18,6,0,1
6773,2025/07/21,2,2,4
6774,2025/07/22,1,6,8
6775,2025/07/23,8,0,1
6776,2025/07/24,6,7,1
6777,2025/07/25,2,9,4
6778,2025/07/28,6,4,8
6779,2025/07/29,5,2,4
6780,2025/07/30,4,9,1
6781,2025/07/31,2,4,4
6782,2025/08/01,8,0,8
6783,2025/08/04,8,5,6
6784,2025/08/05,3,6,1
6785,2025/08/06,3,0,0
6786,2025/08/07,2,0,7
6787,2025/08/08,6,5,7
6788,2025/08/11,0,9,0
6789,2025/08/12,4,6,2
6790,2025/08/13,7,6,6
6791,2025/08/14,1,4,2
6792,2025/08/15,4,8,6
6793,2025/08/18,7,7,6
6794,2025/08/19,6,3,1
6795,2025/08/20,2,1,8
6796,2025/08/21,7,4,1
6797,2025/08/22,4,6,1
6798,2025/08/25,3,1,3
6799,2025/08/26,6,5,0
6800,2025/08/27,0,3,8
6801,2025/08/28,1,8,6
6802,2025/08/29,8,0,5
6803,2025/09/01,2,2,9
6804,2025/09/02,2,7,5
6805,2025/09/03,8,0,6
6806,2025/09/04,1,3,1
6807,2025/09/05,8,5,6
6808,2025/09/08,5,7,2
6809,2025/09/09,8,9,1
6810,2025/09/10,7,7,7
6811,2025/09/11,8,2,7
6812,2025/09/12,4,1,1
6813,2025/09/15,5,7,3
6814,2025/09/16,6,7,2
6815,2025/09/17,5,7,8
6816,2025/09/18,3,6,8
6817,2025/09/19,6,3,0
6818,2025/09/22,0,6,4
6819,2025/09/23,0,7,2
6820,2025/09/24,0,5,5
6821,2025/09/25,4,3,9
6822,2025/09/26,0,4,9
6823,2025/09/29,7,8,9
6824,2025/09/30,1,9,4
6825,2025/10/01,2,1,3
6826,2025/10/02,9,3,6
6827,2025/10/03,2,7,9
6828,2025/10/06,5,2,3
6829,2025/10/07,6,5,4
6830,2025/10/08,4,0,4
6831,2025/10/09,6,3,6
6832,2025/10/10,7,0,8
6833,2025/10/13,2,7,8
6834,2025/10/14,4,0,4
6835,2025/10/15,3,7,4
6836,2025/10/16,1,5,7
6837,2025/10/17,7,2,9
6838,2025/10/20,5,1,8
6839,2025/10/21,2,0,4
6840,2025/10/22,1,3,9
6841,2025/10/23,2,0,9
6842,2025/10/24,4,7,2
6843,2025/10/27,6,3,1
6844,2025/10/28,6,5,6
6845,2025/10/29,6,5,2
6846,2025/10/30,0,1,3
6847,2025/10/31,3,9,5
6848,2025/11/03,8,1,0
6849,2025/11/04,6,8,4
6850,2025/11/05,3,4,4
6851,2025/11/06,1,9,9
6852,2025/11/07,2,8,9
6853,2025/11/10,2,5,6
6854,2025/11/11,7,5,8
6855,2025/11/12,6,6,3
6856,2025/11/13,7,9,0
6857,2025/11/14,7,0,6
6858,2025/11/17,5,6,7
6859,2025/11/18,1,4,3
6860,2025/11/19,3,7,9
6861,2025/11/20,9,0,9
6862,2025/11/21,6,1,9
6863,2025/11/24,8,3,6
6864,2025/11/25,8,7,3
6865,2025/11/26,1,0,6
6866,2025/11/27,8,6,1
6867,2025/11/28,6,5,6
6868,2025/12/01,8,8,6
6869,2025/12/02,5,8,4
6870,2025/12/03,1,5,6
6871,2025/12/04,9,7,3
6872,2025/12/05,8,3,5
6873,2025/12/08,4,1,2
6874,2025/12/09,7,3,5
6875,2025/12/10,9,8,3
6876,2025/12/11,2,7,0
6877,2025/12/12,5,6,7
6878,2025/12/15,3,5,5
6879,2025/12/16,0,0,3
6880,2025/12/17,2,4,9
6881,2025/12/18,5,5,8
6882,2025/12/19,8,3,7
6883,2025/12/22,9,1,9
6884,2025/12/23,1,1,2
6885,2025/12/24,8,6,2
6886,2025/12/25,3,1,9
6887,2025/12/26,3,9,5
6888,2025/12/29,0,8,9
6889,2025/12/30,9,2,1
6890,2026/01/05,6,2,2
6891,2026/01/06,6,9,6
6892,2026/01/07,6,2,0
6893,2026/01/08,6,4,9
6894,2026/01/09,6,7,3
6895,2026/01/12,9,8,2
6896,2026/01/13,7,8,4
6897,2026/01/14,3,2,5
6898,2026/01/15,3,4,5
6899,2026/01/16,5,9,7
6900,2026/01/19,5,9,0
6901,2026/01/20,9,3,2
6902,2026/01/21,9,4,9
6903,2026/01/22,5,2,7
6904,2026/01/23,4,4,3
6905,2026/01/26,6,4,3
6906,2026/01/27,0,7,3
6907,2026/01/28,4,4,7
6908,2026/01/29,4,6,1
6909,2026/01/30,3,8,8
6910,2026/02/02,0,3,7
6911,2026/02/03,1,0,5
6912,2026/02/04,1,6,0
6913,2026/02/05,4,7,0
6914,2026/02/06,3,8,8
6915,2026/02/09,3,1,6
6916,2026/02/10,2,9,3
6917,2026/02/11,2,2,4
6918,2026/02/12,8,2,7
6919,2026/02/13,4,9,3
6920,2026/02/16,7,5,8
6921,2026/02/17,2,6,9
6922,2026/02/18,9,7,9
6923,2026/02/19,1,3,5
6924,2026/02/20,9,1,8
6925,2026/02/23,8,4,3
6926,2026/02/24,4,9,0
6927,2026/02/25,0,9,9
6928,2026/02/26,1,2,3
6929,2026/02/27,6,8,2
6930,2026/03/02,1,3,2
6931,2026/03/03,7,3,1
6932,2026/03/04,9,7,1
6933,2026/03/05,9,0,3
6934,2026/03/06,3,1,4
6935,2026/03/09,4,1,3
6936,2026/03/10,9,1,7
6937,2026/03/11,5,4,0
6938,2026/03/12,6,1,4
6939,2026/03/13,6,7,0
6940,2026/03/16,4,2,3
6941,2026/03/17,8,3,4
6942,2026/03/18,1,2,8
6943,2026/03/19,6,9,0
6944,2026/03/20,3,1,9
6945,2026/03/23,1,9,1
6946,2026/03/24,6,1,9
6947,2026/03/25,1,4,1
6948,2026/03/26,4,1,3
6949,2026/03/27,0,4,8
6950,2026/03/30,8,6,0
6951,2026/03/31,0,4,8
6952,2026/04/01,0,6,3
6953,2026/04/02,0,9,5
6954,2026/04/03,4,7,9
6955,2026/04/06,8,8,1
6956,2026/04/07,2,2,8
6957,2026/04/08,9,4,1
6958,2026/04/09,9,4,4
6959,2026/04/10,0,4,7
6960,2026/04/13,5,2,8
6961,2026/04/14,1,8,6
6962,2026/04/15,0,9,9
6963,2026/04/16,0,3,9
6964,2026/04/17,1,3,3
6965,2026/04/20,2,3,1
6966,2026/04/21,2,0,2
6967,2026/04/22,8,0,1
6968,2026/04/23,3,7,7
6969,2026/04/24,1,3,7
6970,2026/04/27,4,2,5
6971,2026/04/28,8,3,7
6972,2026/04/29,8,1,8
6973,2026/04/30,0,3,5
6974,2026/05/01,7,0,6
6975,2026/05/04,7,9,1
6976,2026/05/05,5,7,9
6977,2026/05/06,3,6,9
6978,2026/05/07,2,5,6
6979,2026/05/08,6,4,7
6980,2026/05/11,9,7,1
6981,2026/05/12,7,6,0
6982,2026/05/13,8,4,8
6983,2026/05/14,6,7,4
6984,2026/05/15,6,8,5
6985,2026/05/18,6,2,1
6986,2026/05/19,2,8,4
6987,2026/05/20,7,6,2
6988,2026/05/21,1,2,7
6989,2026/05/22,2,5,3
6990,2026/05/25,0,9,7
6991,2026/05/26,6,6,7
6992,2026/05/27,2,5,5
6993,2026/05/28,2,7,4
6994,2026/05/29,6,9,2
6995,2026/06/01,2,8,6
6996,2026/06/02,6,2,5
6997,2026/06/03,9,4,8
6998,2026/06/04,0,3,0
6999,2026/06/05,3,6,0
7000,2026/06/08,6,4,9
7001,2026/06/09,6,3,3
7002,2026/06/10,1,5,9
7003,2026/06/11,7,0,7
7004,2026/06/12,0,0,8
7005,2026/06/15,0,1,6
7006,2026/06/16,5,7,7
7007,2026/06/17,0,9,6
7008,2026/06/18,9,3,6
7009,2026/06/19,6,5,1
7010,2026/06/22,1,6,6
7011,2026/06/23,4,9,5
7012,2026/06/24,5,2,7
7013,2026/06/25,8,7,3
7014,2026/06/26,4,8,1
7015,2026/06/29,5,5,4
7016,2026/06/30,6,2,9
7017,2026/07/01,0,2,6
7018,2026/07/02,7,6,8
7019,2026/07/03,3,0,4
7020,2026/07/06,0,6,9
7021,2026/07/07,1,3,4
7022,2026/07/08,8,3,0
7023,2026/07/09,8,2,6
7024,2026/07/10,0,9,7
7025,2026/07/13,5,4,9
7026,2026/07/14,9,3,9
7027,2026/07/15,5,8,3
7028,2026/07/16,4,5,6
7029,2026/07/17,3,8,8
7030,2026/07/20,0,5,3
7031,2026/07/21,4,1,3
7032,2026/07/22,4,9,2
7033,2026/07/23,1,4,7
7034,2026/07/24,7,7,7
7035,2026/07/27,4,3,2
7036,2026/07/28,4,2,0
7037,2026/07/29,0,3,8
7038,2026/07/30,4,2,4
7039,2026/07/31,8,3,8
7040,2026/08/03,3,1,3
7041,2026/08/04,7,2,2
7042,2026/08/05,7,5,0
7043,2026/08/06,1,6,3
7044,2026/08/07,4,8,7
7045,2026/08/10,1,8,0
7046,2026/08/11,5,0,7
7047,2026/08/12,3,8,0
7048,2026/08/13,7,7,0
7049,2026/08/14,6,3,8
7050,2026/08/17,9,7,8
7051,2026/08/18,4,0,9
7052,2026/08/19,8,7,2
7053,2026/08/20,9,1,9
